TransactionID,Date,AccountCode,Amount,Currency,CustomerID
1,2020-09-13,7000,4943.51,EUR,CUST010
2,2020-01-21,6000,3910.31,EUR,CUST010
3,2023-07-24,7000,2766.28,EUR,CUST002
4,2023-11-10,7000,4418.39,EUR,CUST007
5,2020-04-09,6000,2835.22,EUR,CUST013
6,2024-08-26,6000,4550.66,EUR,CUST008
7,2022-05-22,6000,1098.35,EUR,CUST015
8,2023-11-16,6000,2746.59,EUR,CUST017
9,2022-04-04,7000,2471.22,EUR,CUST006
10,2020-10-09,7000,3704.91,EUR,CUST005
11,2021-08-06,6000,2035.81,EUR,CUST010
12,2021-07-06,6000,1957.64,EUR,CUST016
13,2023-04-25,7000,1340.72,EUR,CUST015
14,2022-01-16,7000,517.66,EUR,CUST015
15,2022-12-06,6000,4713.2,EUR,CUST010
16,2025-04-13,6000,2022.97,EUR,CUST001
17,2025-06-19,7000,2704.46,EUR,CUST016
18,2023-01-09,6000,787.97,EUR,CUST010
19,2022-12-23,7000,2005.32,EUR,CUST015
20,2025-06-23,7000,809.52,EUR,CUST009
21,2023-11-14,7000,2398.23,EUR,CUST010
22,2020-07-28,6000,1946.47,EUR,CUST010
23,2020-01-10,6000,4496.74,EUR,CUST009
24,2021-03-16,7000,4671.7,EUR,CUST010
25,2019-10-02,7000,2089.08,EUR,CUST002
26,2022-03-10,6000,3103.22,EUR,CUST016
27,2021-04-24,6000,824.2,EUR,CUST008
28,2020-10-18,6000,1490.07,EUR,CUST009
29,2020-11-23,7000,4413.53,EUR,CUST013
30,2020-12-01,7000,1234.97,EUR,CUST006
31,2025-03-16,6000,2121.18,EUR,CUST017
32,2023-02-24,6000,988.02,EUR,CUST006
33,2024-02-15,7000,1589.2,EUR,CUST001
34,2025-05-18,6000,2227.9,EUR,CUST006
35,2021-11-03,7000,949.32,EUR,CUST006
36,2025-04-15,6000,795.57,EUR,CUST008
37,2021-08-22,6000,1863.85,EUR,CUST004
38,2024-05-30,7000,1720.77,EUR,CUST001
39,2020-12-06,6000,1505.08,EUR,CUST012
40,2021-05-14,7000,4275.01,EUR,CUST009
41,2019-10-16,7000,564.03,EUR,CUST020
42,2020-02-20,6000,3193.16,EUR,CUST017
43,2023-02-16,7000,3847.81,EUR,CUST020
44,2020-04-16,7000,2001.59,EUR,CUST012
45,2020-04-08,7000,3670.66,EUR,CUST008
46,2023-04-07,7000,4145.97,EUR,CUST014
47,2025-05-19,7000,2492.72,EUR,CUST014
48,2020-11-02,6000,3746.4,EUR,CUST001
49,2025-01-24,7000,3704.13,EUR,CUST004
50,2023-12-22,7000,1243.56,EUR,CUST013
51,2021-01-13,6000,403.06,EUR,CUST020
52,2021-08-26,7000,4259.82,EUR,CUST003
53,2021-09-03,7000,1040.39,EUR,CUST005
54,2021-02-13,6000,1245.52,EUR,CUST008
55,2022-06-04,7000,1711.92,EUR,CUST006
56,2024-11-19,6000,1055.16,EUR,CUST001
57,2023-02-03,6000,4085.24,EUR,CUST003
58,2021-01-20,6000,4259.39,EUR,CUST007
59,2020-06-11,7000,1018.51,EUR,CUST013
60,2024-10-18,6000,1223.61,EUR,CUST012
61,2022-03-08,6000,4441.76,EUR,CUST002
62,2020-11-02,6000,4915.8,EUR,CUST010
63,2020-09-05,6000,4268.96,EUR,CUST014
64,2019-10-23,7000,4224.51,EUR,CUST016
65,2022-07-28,6000,4327.45,EUR,CUST002
66,2022-05-04,7000,3537.41,EUR,CUST001
67,2020-12-11,7000,2316.4,EUR,CUST001
68,2025-09-06,6000,2354.81,EUR,CUST016
69,2022-11-10,6000,4864.14,EUR,CUST003
70,2021-01-13,6000,3524.64,EUR,CUST001
71,2024-01-22,7000,335.51,EUR,CUST020
72,2024-06-07,6000,4629.96,EUR,CUST014
73,2020-02-25,7000,2597.66,EUR,CUST008
74,2021-01-02,6000,2841.47,EUR,CUST008
75,2022-01-20,7000,3933.63,EUR,CUST001
76,2024-05-11,6000,1907.97,EUR,CUST020
77,2024-06-05,6000,278.64,EUR,CUST017
78,2024-09-13,7000,3433.02,EUR,CUST008
79,2021-01-30,7000,3191.25,EUR,CUST019
80,2024-01-28,7000,1170.84,EUR,CUST003
81,2020-12-06,7000,2979.99,EUR,CUST017
82,2021-12-26,7000,3762.28,EUR,CUST020
83,2022-07-24,7000,3076.1,EUR,CUST004
84,2020-04-18,6000,4263.54,EUR,CUST019
85,2023-10-31,6000,993.21,EUR,CUST014
86,2023-01-14,7000,1390.49,EUR,CUST017
87,2022-07-07,7000,2015.97,EUR,CUST010
88,2021-11-10,6000,2990.03,EUR,CUST018
89,2023-08-03,7000,4762.2,EUR,CUST016
90,2021-12-12,7000,3416.36,EUR,CUST019
91,2024-03-17,7000,1034.89,EUR,CUST006
92,2024-03-18,6000,1848.39,EUR,CUST011
93,2024-04-16,7000,2732.01,EUR,CUST007
94,2021-03-20,6000,3976.62,EUR,CUST020
95,2021-08-14,7000,1978.61,EUR,CUST005
96,2024-09-06,7000,114.12,EUR,CUST002
97,2022-01-06,6000,4959.4,EUR,CUST018
98,2025-05-30,7000,3027.04,EUR,CUST010
99,2024-03-16,6000,1515.08,EUR,CUST009
100,2021-10-30,7000,2064.85,EUR,CUST002
101,2020-12-20,6000,1654.45,EUR,CUST008
102,2021-07-09,6000,4914.99,EUR,CUST016
103,2020-10-29,6000,650.09,EUR,CUST020
104,2025-02-25,7000,492.69,EUR,CUST012
105,2022-03-29,6000,4147.73,EUR,CUST020
106,2021-07-14,6000,704.94,EUR,CUST019
107,2019-10-26,6000,591.68,EUR,CUST011
108,2021-11-09,7000,2626.4,EUR,CUST014
109,2024-10-30,6000,4554.31,EUR,CUST020
110,2024-06-06,7000,3576.8,EUR,CUST020
111,2024-09-03,6000,2633.55,EUR,CUST017
112,2022-12-19,7000,3350.6,EUR,CUST007
113,2021-10-27,7000,3426.73,EUR,CUST006
114,2025-02-28,6000,4998.84,EUR,CUST007
115,2025-01-28,6000,3745.47,EUR,CUST020
116,2020-12-25,6000,3804.48,EUR,CUST008
117,2022-05-11,7000,4703.99,EUR,CUST016
118,2022-07-10,6000,1444.17,EUR,CUST012
119,2022-11-11,6000,4896.28,EUR,CUST007
120,2024-06-24,6000,3254.75,EUR,CUST002
121,2023-01-07,7000,3675.19,EUR,CUST011
122,2025-02-28,7000,2259.26,EUR,CUST003
123,2024-02-19,7000,741.38,EUR,CUST004
124,2019-11-02,7000,1303.18,EUR,CUST008
125,2025-08-15,7000,2025.17,EUR,CUST003
126,2021-01-28,7000,3193.7,EUR,CUST010
127,2023-03-18,7000,2119.91,EUR,CUST013
128,2023-05-03,6000,2920.85,EUR,CUST012
129,2022-11-02,7000,3867.51,EUR,CUST015
130,2020-03-11,7000,783.55,EUR,CUST004
131,2020-04-25,6000,238.88,EUR,CUST006
132,2024-04-05,7000,4141.79,EUR,CUST013
133,2022-04-15,6000,412.76,EUR,CUST007
134,2023-03-16,6000,1634.55,EUR,CUST015
135,2024-06-23,7000,3901.54,EUR,CUST005
136,2022-06-28,6000,3553.59,EUR,CUST003
137,2019-10-15,6000,1997.79,EUR,CUST014
138,2022-09-03,7000,3238.4,EUR,CUST014
139,2024-08-21,7000,1295.2,EUR,CUST019
140,2020-05-10,7000,892.71,EUR,CUST011
141,2021-01-09,7000,3752.34,EUR,CUST002
142,2020-07-20,7000,2302.49,EUR,CUST009
143,2020-08-02,6000,2352.06,EUR,CUST004
144,2021-09-12,6000,3741.63,EUR,CUST008
145,2023-02-28,7000,1195.96,EUR,CUST005
146,2022-05-01,7000,3354.82,EUR,CUST012
147,2021-04-29,7000,3251.04,EUR,CUST012
148,2021-05-04,6000,3288.56,EUR,CUST017
149,2022-06-06,7000,1883.55,EUR,CUST019
150,2020-07-07,6000,659.02,EUR,CUST004
151,2021-11-26,6000,3990.48,EUR,CUST019
152,2023-08-30,7000,4580.68,EUR,CUST018
153,2020-10-24,7000,1113.35,EUR,CUST011
154,2023-01-05,6000,988.65,EUR,CUST003
155,2024-06-08,7000,3715.64,EUR,CUST003
156,2024-10-25,6000,3473.3,EUR,CUST019
157,2023-07-15,7000,4397.46,EUR,CUST004
158,2021-07-26,6000,2870.35,EUR,CUST005
159,2020-04-28,6000,663.75,EUR,CUST020
160,2023-04-01,7000,1607.98,EUR,CUST012
161,2023-08-26,7000,2990.34,EUR,CUST010
162,2021-12-15,6000,4723.6,EUR,CUST009
163,2025-05-11,6000,1680.07,EUR,CUST017
164,2022-02-25,7000,1125.06,EUR,CUST002
165,2022-10-16,6000,4805.54,EUR,CUST018
166,2021-03-03,6000,4845.43,EUR,CUST012
167,2020-05-15,6000,4598.07,EUR,CUST018
168,2023-02-26,7000,4344.8,EUR,CUST006
169,2025-06-01,6000,2046.24,EUR,CUST014
170,2022-02-09,7000,2860.8,EUR,CUST016
171,2025-05-16,6000,651.93,EUR,CUST013
172,2022-05-02,7000,531.5,EUR,CUST013
173,2023-02-19,6000,1504.34,EUR,CUST001
174,2019-12-13,6000,4224.15,EUR,CUST011
175,2021-09-26,6000,940.18,EUR,CUST013
176,2025-01-10,6000,3263.33,EUR,CUST018
177,2020-12-14,7000,1680.81,EUR,CUST013
178,2024-05-02,7000,3247.29,EUR,CUST015
179,2024-08-06,7000,2254.31,EUR,CUST018
180,2023-09-18,7000,4328.66,EUR,CUST006
181,2023-11-18,6000,1099.35,EUR,CUST003
182,2022-04-14,6000,3331.61,EUR,CUST003
183,2024-02-01,6000,3657.67,EUR,CUST016
184,2024-09-09,7000,4142.27,EUR,CUST006
185,2024-01-28,6000,3242.94,EUR,CUST016
186,2025-07-15,6000,3381.12,EUR,CUST013
187,2024-11-04,7000,2413.77,EUR,CUST014
188,2022-08-29,7000,4117.1,EUR,CUST010
189,2023-05-28,6000,2218.09,EUR,CUST007
190,2023-02-12,7000,1762.43,EUR,CUST008
191,2021-03-04,6000,2797.27,EUR,CUST005
192,2022-08-11,7000,2887.58,EUR,CUST003
193,2023-12-23,6000,3065.2,EUR,CUST004
194,2023-05-21,6000,1640.71,EUR,CUST001
195,2020-12-03,7000,3617.22,EUR,CUST008
196,2022-03-18,6000,3487.3,EUR,CUST005
197,2020-09-30,6000,3884.7,EUR,CUST008
198,2023-06-18,6000,561.08,EUR,CUST015
199,2019-12-21,7000,4313.93,EUR,CUST010
200,2024-11-24,6000,737.9,EUR,CUST008
201,2024-07-02,7000,979.68,EUR,CUST004
202,2022-02-20,6000,2676.45,EUR,CUST015
203,2021-12-21,6000,4855.37,EUR,CUST007
204,2025-08-20,6000,936.29,EUR,CUST007
205,2023-07-24,7000,396.51,EUR,CUST015
206,2022-08-02,6000,1473.43,EUR,CUST015
207,2024-02-04,7000,705.36,EUR,CUST020
208,2021-12-05,6000,2550.35,EUR,CUST003
209,2020-07-14,7000,315.29,EUR,CUST013
210,2022-03-23,7000,2168.81,EUR,CUST015
211,2024-12-03,6000,3141.08,EUR,CUST015
212,2020-11-12,7000,4424.36,EUR,CUST004
213,2020-01-27,7000,3021.51,EUR,CUST010
214,2020-01-28,7000,3784.62,EUR,CUST018
215,2020-09-20,6000,2527.88,EUR,CUST010
216,2021-07-15,7000,1286.33,EUR,CUST012
217,2021-12-31,6000,676.43,EUR,CUST013
218,2021-06-20,7000,3979.4,EUR,CUST016
219,2021-10-01,6000,417.07,EUR,CUST016
220,2020-06-20,6000,3572.09,EUR,CUST016
221,2022-01-18,6000,524.72,EUR,CUST003
222,2021-07-23,6000,3604.93,EUR,CUST012
223,2024-02-21,7000,2060.8,EUR,CUST017
224,2024-04-30,7000,3264.34,EUR,CUST001
225,2024-03-30,7000,2933.67,EUR,CUST003
226,2020-07-09,7000,4952.57,EUR,CUST005
227,2024-06-19,6000,3994.15,EUR,CUST019
228,2024-12-27,7000,3108.72,EUR,CUST009
229,2024-03-01,7000,3282.89,EUR,CUST020
230,2024-09-30,7000,3864.45,EUR,CUST013
231,2020-01-25,6000,4843.0,EUR,CUST019
232,2019-12-27,7000,3848.75,EUR,CUST010
233,2020-01-07,7000,1513.08,EUR,CUST004
234,2021-05-05,7000,1137.83,EUR,CUST005
235,2024-10-01,7000,4864.25,EUR,CUST018
236,2024-12-20,7000,959.17,EUR,CUST002
237,2023-02-28,6000,4771.62,EUR,CUST020
238,2023-06-25,7000,420.99,EUR,CUST005
239,2023-02-27,6000,3340.57,EUR,CUST001
240,2021-01-16,6000,1431.26,EUR,CUST006
241,2021-07-26,6000,605.19,EUR,CUST006
242,2025-02-10,7000,1236.02,EUR,CUST018
243,2021-02-25,7000,2754.5,EUR,CUST016
244,2024-03-19,6000,2970.25,EUR,CUST018
245,2023-02-15,7000,2609.36,EUR,CUST016
246,2024-03-14,7000,4803.39,EUR,CUST018
247,2024-12-11,7000,2364.3,EUR,CUST010
248,2025-04-30,7000,522.62,EUR,CUST009
249,2023-02-27,6000,3273.18,EUR,CUST020
250,2021-12-03,6000,4070.1,EUR,CUST019
251,2021-06-08,6000,3126.91,EUR,CUST018
252,2025-02-22,7000,2469.11,EUR,CUST009
253,2023-12-11,7000,3736.8,EUR,CUST012
254,2020-04-24,6000,4479.38,EUR,CUST020
255,2020-11-14,6000,2865.67,EUR,CUST012
256,2022-09-28,7000,3522.74,EUR,CUST018
257,2022-11-01,6000,1865.6,EUR,CUST014
258,2024-07-17,7000,342.37,EUR,CUST005
259,2022-04-27,7000,3295.64,EUR,CUST014
260,2022-10-15,6000,4878.7,EUR,CUST020
261,2023-03-02,6000,3462.64,EUR,CUST012
262,2025-09-23,7000,3658.49,EUR,CUST014
263,2024-02-10,6000,466.93,EUR,CUST007
264,2024-06-10,6000,2564.02,EUR,CUST004
265,2021-12-20,6000,809.58,EUR,CUST005
266,2022-11-11,7000,3512.89,EUR,CUST003
267,2024-03-22,7000,1287.77,EUR,CUST009
268,2025-09-23,6000,4934.59,EUR,CUST011
269,2021-11-06,6000,4611.88,EUR,CUST007
270,2022-11-22,6000,2194.64,EUR,CUST010
271,2025-08-26,7000,1715.42,EUR,CUST020
272,2024-11-20,6000,4981.81,EUR,CUST007
273,2022-01-21,6000,4127.49,EUR,CUST009
274,2022-10-19,7000,3523.82,EUR,CUST014
275,2021-09-18,7000,3112.93,EUR,CUST009
276,2021-04-14,7000,4069.15,EUR,CUST007
277,2023-09-17,7000,1182.08,EUR,CUST017
278,2021-07-08,6000,4962.98,EUR,CUST010
279,2025-08-28,6000,4104.92,EUR,CUST008
280,2021-02-24,7000,601.49,EUR,CUST007
281,2022-02-25,7000,4220.8,EUR,CUST007
282,2023-03-02,7000,492.37,EUR,CUST012
283,2021-12-24,6000,238.88,EUR,CUST007
284,2024-01-26,7000,4888.33,EUR,CUST002
285,2022-05-20,7000,2217.29,EUR,CUST017
286,2021-06-30,7000,4739.86,EUR,CUST009
287,2023-08-21,7000,4684.91,EUR,CUST014
288,2020-09-25,7000,3199.68,EUR,CUST019
289,2023-10-18,7000,4648.41,EUR,CUST018
290,2022-07-16,6000,3205.17,EUR,CUST018
291,2023-08-07,7000,1058.85,EUR,CUST018
292,2019-11-15,7000,3730.83,EUR,CUST004
293,2021-03-09,6000,2816.71,EUR,CUST015
294,2021-11-17,6000,4170.77,EUR,CUST006
295,2025-01-13,6000,2167.43,EUR,CUST019
296,2022-10-07,6000,4361.54,EUR,CUST020
297,2023-07-11,7000,3222.44,EUR,CUST005
298,2022-07-28,6000,2732.29,EUR,CUST008
299,2023-12-23,6000,4392.37,EUR,CUST011
300,2020-08-29,6000,1851.34,EUR,CUST005
301,2019-10-03,6000,1322.49,EUR,CUST018
302,2022-04-06,7000,4554.08,EUR,CUST011
303,2025-01-31,7000,4790.45,EUR,CUST003
304,2024-08-31,7000,4895.68,EUR,CUST019
305,2020-01-30,7000,485.55,EUR,CUST015
306,2023-10-06,6000,3683.4,EUR,CUST004
307,2024-06-10,6000,1067.64,EUR,CUST017
308,2023-09-07,7000,254.17,EUR,CUST004
309,2025-08-15,7000,477.12,EUR,CUST009
310,2024-12-11,7000,2130.61,EUR,CUST003
311,2024-12-31,7000,3852.85,EUR,CUST014
312,2025-04-03,7000,2190.56,EUR,CUST006
313,2020-12-27,7000,4821.23,EUR,CUST003
314,2024-11-27,7000,2538.96,EUR,CUST003
315,2021-06-11,7000,607.76,EUR,CUST008
316,2020-06-12,6000,3750.6,EUR,CUST012
317,2021-09-26,7000,4521.84,EUR,CUST019
318,2022-09-26,7000,444.7,EUR,CUST016
319,2023-11-29,7000,211.8,EUR,CUST001
320,2021-05-13,6000,4516.66,EUR,CUST020
321,2020-02-01,7000,130.17,EUR,CUST001
322,2022-05-21,7000,2268.48,EUR,CUST009
323,2022-05-12,6000,3876.57,EUR,CUST006
324,2020-12-02,7000,3996.55,EUR,CUST010
325,2024-04-14,7000,3845.39,EUR,CUST012
326,2024-06-08,7000,803.84,EUR,CUST009
327,2021-09-06,6000,1140.37,EUR,CUST004
328,2023-08-03,7000,4269.21,EUR,CUST009
329,2020-05-14,7000,1631.28,EUR,CUST018
330,2023-01-09,7000,3723.12,EUR,CUST002
331,2021-03-26,6000,3631.29,EUR,CUST006
332,2020-01-07,7000,4282.8,EUR,CUST005
333,2023-05-13,6000,4620.63,EUR,CUST009
334,2019-11-22,7000,1765.25,EUR,CUST020
335,2024-12-23,6000,2021.16,EUR,CUST007
336,2023-07-14,7000,4802.44,EUR,CUST019
337,2021-02-23,6000,2240.8,EUR,CUST010
338,2022-05-03,6000,1193.65,EUR,CUST016
339,2025-07-18,6000,2959.94,EUR,CUST014
340,2022-11-19,6000,1783.89,EUR,CUST006
341,2024-06-23,7000,4497.54,EUR,CUST012
342,2019-10-10,6000,2408.8,EUR,CUST012
343,2020-02-20,6000,142.75,EUR,CUST013
344,2019-12-11,6000,4140.38,EUR,CUST008
345,2021-07-12,6000,3017.64,EUR,CUST010
346,2022-01-27,6000,1870.11,EUR,CUST016
347,2022-04-15,7000,486.62,EUR,CUST020
348,2023-11-05,6000,982.35,EUR,CUST001
349,2025-04-24,7000,3017.04,EUR,CUST009
350,2023-07-23,7000,1274.04,EUR,CUST013
351,2020-07-10,6000,147.49,EUR,CUST011
352,2020-05-06,6000,2817.92,EUR,CUST005
353,2024-08-09,7000,1266.77,EUR,CUST009
354,2019-11-12,7000,2760.46,EUR,CUST007
355,2021-09-16,6000,4044.19,EUR,CUST020
356,2025-03-05,6000,1624.85,EUR,CUST005
357,2024-08-10,6000,2166.36,EUR,CUST016
358,2022-05-04,6000,4586.12,EUR,CUST009
359,2024-05-12,6000,2304.49,EUR,CUST002
360,2025-08-03,7000,3782.19,EUR,CUST001
361,2021-12-08,7000,180.77,EUR,CUST008
362,2020-05-10,7000,4133.66,EUR,CUST019
363,2022-04-03,7000,1378.38,EUR,CUST012
364,2024-05-30,7000,4966.45,EUR,CUST004
365,2023-09-12,7000,4222.84,EUR,CUST003
366,2021-04-15,7000,2471.38,EUR,CUST017
367,2024-09-18,7000,1161.14,EUR,CUST004
368,2023-09-07,7000,1508.23,EUR,CUST015
369,2021-12-25,7000,1185.63,EUR,CUST016
370,2019-10-23,6000,1461.86,EUR,CUST018
371,2023-08-13,6000,3897.13,EUR,CUST014
372,2019-11-13,6000,1818.0,EUR,CUST016
373,2020-12-15,6000,578.88,EUR,CUST014
374,2020-05-22,7000,4829.02,EUR,CUST017
375,2020-12-12,7000,3511.35,EUR,CUST013
376,2021-12-27,7000,1291.93,EUR,CUST016
377,2024-01-29,7000,1016.38,EUR,CUST003
378,2025-03-13,6000,1538.2,EUR,CUST003
379,2020-08-06,6000,1249.7,EUR,CUST005
380,2022-05-24,7000,4499.09,EUR,CUST019
381,2024-08-30,7000,1245.48,EUR,CUST007
382,2021-02-09,6000,3940.12,EUR,CUST005
383,2024-03-21,7000,4296.76,EUR,CUST003
384,2021-07-11,6000,1406.0,EUR,CUST010
385,2020-02-19,6000,4658.1,EUR,CUST016
386,2021-08-15,7000,122.12,EUR,CUST001
387,2022-12-18,6000,235.35,EUR,CUST005
388,2023-02-23,6000,1786.24,EUR,CUST011
389,2020-09-12,7000,3030.19,EUR,CUST015
390,2020-07-24,6000,3022.35,EUR,CUST016
391,2025-02-15,7000,4304.34,EUR,CUST004
392,2021-02-26,7000,3424.1,EUR,CUST012
393,2021-02-09,6000,1051.57,EUR,CUST018
394,2020-04-14,7000,2832.08,EUR,CUST002
395,2025-08-22,6000,3647.24,EUR,CUST004
396,2025-07-30,6000,2676.07,EUR,CUST004
397,2024-05-20,6000,1019.2,EUR,CUST006
398,2024-04-21,7000,4462.05,EUR,CUST002
399,2023-07-25,7000,4653.8,EUR,CUST008
400,2024-08-04,7000,3680.54,EUR,CUST005
401,2020-05-12,7000,3601.37,EUR,CUST020
402,2022-06-23,6000,1640.03,EUR,CUST011
403,2023-12-14,7000,637.84,EUR,CUST005
404,2022-05-21,6000,1083.67,EUR,CUST010
405,2020-01-29,6000,132.67,EUR,CUST014
406,2024-05-15,6000,3242.26,EUR,CUST014
407,2020-09-18,7000,3513.57,EUR,CUST006
408,2022-07-31,6000,3814.29,EUR,CUST004
409,2021-01-13,6000,2650.15,EUR,CUST003
410,2024-05-30,7000,3284.45,EUR,CUST011
411,2022-12-17,7000,4318.49,EUR,CUST007
412,2020-06-23,6000,453.5,EUR,CUST010
413,2022-05-27,6000,733.83,EUR,CUST001
414,2023-11-01,7000,1651.75,EUR,CUST009
415,2021-01-01,6000,3765.33,EUR,CUST010
416,2025-04-29,7000,1678.97,EUR,CUST005
417,2021-01-25,7000,1599.45,EUR,CUST016
418,2021-02-21,7000,1760.31,EUR,CUST016
419,2021-09-05,7000,1890.38,EUR,CUST014
420,2024-03-27,6000,158.18,EUR,CUST003
421,2020-11-26,7000,1100.9,EUR,CUST010
422,2021-12-25,6000,1847.51,EUR,CUST015
423,2022-05-14,7000,2629.56,EUR,CUST007
424,2023-01-16,6000,4565.8,EUR,CUST010
425,2024-02-10,7000,3954.97,EUR,CUST014
426,2023-01-02,7000,3461.67,EUR,CUST005
427,2022-08-11,7000,2757.8,EUR,CUST003
428,2023-11-10,6000,1670.07,EUR,CUST002
429,2021-06-30,7000,3938.9,EUR,CUST001
430,2020-01-24,6000,4615.09,EUR,CUST013
431,2021-12-06,7000,4008.47,EUR,CUST007
432,2024-02-16,7000,1583.51,EUR,CUST015
433,2020-03-01,7000,739.74,EUR,CUST011
434,2025-07-23,6000,2659.11,EUR,CUST009
435,2023-05-15,6000,2942.67,EUR,CUST008
436,2024-01-09,6000,4950.46,EUR,CUST006
437,2025-04-13,7000,2698.13,EUR,CUST017
438,2021-08-30,6000,423.05,EUR,CUST002
439,2021-10-27,7000,1743.88,EUR,CUST008
440,2023-05-29,6000,641.97,EUR,CUST010
441,2023-09-19,7000,548.95,EUR,CUST019
442,2019-12-09,7000,3169.27,EUR,CUST016
443,2021-07-29,6000,4845.68,EUR,CUST006
444,2020-04-03,6000,2920.81,EUR,CUST001
445,2021-05-03,7000,4155.95,EUR,CUST001
446,2024-02-04,7000,4903.04,EUR,CUST016
447,2021-02-04,6000,3528.94,EUR,CUST011
448,2021-07-06,7000,1573.99,EUR,CUST017
449,2020-06-03,6000,3527.0,EUR,CUST008
450,2023-06-24,6000,4676.56,EUR,CUST012
451,2024-08-25,7000,3182.94,EUR,CUST008
452,2023-09-09,6000,4704.65,EUR,CUST019
453,2024-01-17,7000,536.15,EUR,CUST014
454,2024-06-19,7000,233.26,EUR,CUST020
455,2020-11-16,6000,2204.93,EUR,CUST006
456,2022-07-10,6000,1828.65,EUR,CUST005
457,2019-11-04,7000,3401.24,EUR,CUST016
458,2020-04-19,7000,2389.87,EUR,CUST011
459,2023-04-10,7000,344.42,EUR,CUST009
460,2021-10-26,7000,709.94,EUR,CUST006
461,2023-04-06,7000,2525.25,EUR,CUST019
462,2022-03-07,7000,1879.3,EUR,CUST016
463,2024-05-19,6000,1021.4,EUR,CUST020
464,2023-07-11,6000,1095.51,EUR,CUST012
465,2021-10-04,6000,4999.95,EUR,CUST011
466,2021-03-17,6000,3592.16,EUR,CUST013
467,2019-10-06,6000,4997.73,EUR,CUST016
468,2023-08-13,7000,2127.2,EUR,CUST017
469,2022-09-17,6000,4195.29,EUR,CUST015
470,2024-12-01,7000,2314.31,EUR,CUST014
471,2021-11-03,6000,2056.07,EUR,CUST016
472,2022-10-07,6000,2997.63,EUR,CUST012
473,2023-05-26,7000,4845.68,EUR,CUST016
474,2021-09-26,7000,4156.36,EUR,CUST019
475,2022-01-10,7000,1404.41,EUR,CUST016
476,2025-07-31,6000,1798.5,EUR,CUST008
477,2023-05-15,7000,264.04,EUR,CUST019
478,2021-02-04,7000,4318.25,EUR,CUST009
479,2020-10-03,7000,699.48,EUR,CUST019
480,2023-03-05,7000,1406.17,EUR,CUST006
481,2024-11-18,6000,1633.6,EUR,CUST002
482,2021-07-09,7000,759.62,EUR,CUST017
483,2024-03-20,6000,4656.1,EUR,CUST003
484,2022-01-18,7000,4259.35,EUR,CUST004
485,2024-04-08,6000,4580.78,EUR,CUST004
486,2021-10-07,6000,3571.52,EUR,CUST015
487,2023-10-19,6000,4572.61,EUR,CUST013
488,2025-02-13,6000,2500.68,EUR,CUST015
489,2022-04-13,7000,397.41,EUR,CUST003
490,2022-06-04,6000,2995.53,EUR,CUST004
491,2025-06-28,6000,740.15,EUR,CUST018
492,2021-03-09,6000,3495.03,EUR,CUST012
493,2025-06-14,6000,4065.64,EUR,CUST009
494,2020-11-27,7000,1065.85,EUR,CUST008
495,2021-04-01,7000,4431.81,EUR,CUST008
496,2021-05-12,7000,4717.43,EUR,CUST008
497,2023-06-06,6000,4402.85,EUR,CUST011
498,2023-10-02,7000,422.76,EUR,CUST008
499,2023-11-25,6000,2589.8,EUR,CUST019
500,2022-07-05,7000,2316.1,EUR,CUST009
501,2020-11-02,6000,1252.02,EUR,CUST014
502,2021-11-26,6000,3194.47,EUR,CUST007
503,2021-09-27,6000,4476.5,EUR,CUST013
504,2020-10-06,6000,2287.74,EUR,CUST019
505,2025-06-04,6000,2962.09,EUR,CUST010
506,2023-06-18,6000,928.89,EUR,CUST010
507,2020-11-05,7000,3389.08,EUR,CUST018
508,2023-10-15,6000,1071.44,EUR,CUST013
509,2020-06-15,6000,606.17,EUR,CUST009
510,2025-05-09,7000,571.66,EUR,CUST008
511,2024-10-29,7000,2750.76,EUR,CUST004
512,2019-10-23,7000,1312.48,EUR,CUST013
513,2023-05-22,7000,644.96,EUR,CUST003
514,2019-11-22,6000,3777.35,EUR,CUST020
515,2019-10-22,7000,2845.24,EUR,CUST010
516,2023-04-08,6000,362.48,EUR,CUST015
517,2023-08-27,6000,1017.38,EUR,CUST004
518,2020-10-02,6000,2786.6,EUR,CUST012
519,2025-07-04,7000,4431.09,EUR,CUST012
520,2025-01-22,7000,483.53,EUR,CUST018
521,2019-10-30,6000,4606.41,EUR,CUST011
522,2021-02-19,7000,419.94,EUR,CUST008
523,2024-04-29,6000,199.95,EUR,CUST019
524,2020-05-22,6000,1322.37,EUR,CUST003
525,2021-12-12,6000,2808.65,EUR,CUST001
526,2021-02-04,7000,3746.29,EUR,CUST008
527,2022-04-05,7000,385.35,EUR,CUST012
528,2025-05-10,7000,913.43,EUR,CUST001
529,2024-01-03,6000,4498.66,EUR,CUST020
530,2021-01-22,6000,4213.18,EUR,CUST016
531,2020-07-04,6000,4481.19,EUR,CUST014
532,2021-06-07,6000,1553.21,EUR,CUST018
533,2024-02-01,7000,1452.15,EUR,CUST005
534,2020-01-01,6000,2857.56,EUR,CUST013
535,2022-04-24,6000,2100.16,EUR,CUST003
536,2022-04-18,7000,2690.42,EUR,CUST004
537,2021-09-23,6000,1186.65,EUR,CUST006
538,2024-06-07,6000,4930.98,EUR,CUST001
539,2023-12-18,7000,4827.52,EUR,CUST011
540,2021-11-09,6000,269.13,EUR,CUST009
541,2023-10-30,7000,4983.4,EUR,CUST019
542,2021-05-13,7000,2916.89,EUR,CUST011
543,2023-11-30,7000,4195.88,EUR,CUST006
544,2024-01-16,7000,4531.58,EUR,CUST017
545,2023-03-17,7000,3399.16,EUR,CUST005
546,2025-06-09,7000,1699.44,EUR,CUST015
547,2021-12-11,7000,3295.68,EUR,CUST017
548,2022-01-25,7000,4200.3,EUR,CUST012
549,2024-08-20,7000,1410.12,EUR,CUST011
550,2022-05-25,6000,1516.66,EUR,CUST009
551,2020-12-15,7000,2291.69,EUR,CUST017
552,2020-07-04,6000,3281.85,EUR,CUST014
553,2022-05-27,7000,4511.54,EUR,CUST009
554,2024-09-01,7000,4102.32,EUR,CUST011
555,2022-06-26,7000,1926.0,EUR,CUST007
556,2021-10-09,6000,392.75,EUR,CUST017
557,2023-09-17,7000,1591.69,EUR,CUST002
558,2021-04-14,7000,3399.41,EUR,CUST011
559,2024-07-04,6000,4055.77,EUR,CUST012
560,2023-08-14,6000,3573.62,EUR,CUST006
561,2020-03-31,6000,4808.29,EUR,CUST004
562,2021-08-28,6000,3858.71,EUR,CUST019
563,2025-01-28,6000,485.53,EUR,CUST013
564,2024-05-07,7000,2798.32,EUR,CUST010
565,2022-12-15,7000,2030.82,EUR,CUST007
566,2020-12-28,7000,3331.24,EUR,CUST010
567,2022-10-26,6000,4176.9,EUR,CUST002
568,2023-08-10,6000,3957.32,EUR,CUST019
569,2021-08-27,7000,1855.4,EUR,CUST012
570,2021-10-20,7000,231.67,EUR,CUST003
571,2024-12-28,7000,361.9,EUR,CUST006
572,2022-08-15,7000,4481.16,EUR,CUST015
573,2022-04-06,6000,1012.32,EUR,CUST009
574,2021-07-11,7000,3713.7,EUR,CUST015
575,2020-02-25,7000,3010.87,EUR,CUST018
576,2021-05-25,6000,3371.7,EUR,CUST019
577,2021-12-21,6000,4372.86,EUR,CUST018
578,2020-02-23,7000,4464.89,EUR,CUST004
579,2024-10-06,6000,4661.25,EUR,CUST019
580,2020-09-28,7000,4489.19,EUR,CUST001
581,2022-10-25,6000,2121.0,EUR,CUST007
582,2022-06-27,7000,487.98,EUR,CUST001
583,2020-12-25,7000,1942.89,EUR,CUST008
584,2022-09-08,7000,4254.37,EUR,CUST020
585,2024-01-19,6000,4694.15,EUR,CUST003
586,2023-01-02,6000,2456.41,EUR,CUST006
587,2020-02-14,6000,970.44,EUR,CUST007
588,2024-11-26,7000,1388.32,EUR,CUST005
589,2025-02-07,7000,4995.62,EUR,CUST007
590,2024-08-25,7000,3703.92,EUR,CUST015
591,2023-04-22,6000,4026.8,EUR,CUST020
592,2023-09-05,6000,419.11,EUR,CUST020
593,2020-12-05,6000,1883.06,EUR,CUST016
594,2020-12-17,6000,4361.33,EUR,CUST019
595,2024-01-24,7000,2018.36,EUR,CUST003
596,2020-09-08,6000,1691.25,EUR,CUST013
597,2025-06-20,7000,3653.9,EUR,CUST007
598,2022-08-03,7000,987.82,EUR,CUST019
599,2020-04-28,7000,3813.04,EUR,CUST005
600,2021-06-24,6000,4324.42,EUR,CUST002
601,2020-01-25,6000,1571.51,EUR,CUST016
602,2021-01-28,6000,1048.78,EUR,CUST013
603,2024-11-10,6000,2293.21,EUR,CUST003
604,2022-03-07,7000,1366.88,EUR,CUST018
605,2025-01-10,7000,674.31,EUR,CUST006
606,2023-12-24,7000,899.12,EUR,CUST018
607,2021-08-02,7000,637.74,EUR,CUST009
608,2020-07-01,7000,2626.16,EUR,CUST002
609,2024-04-06,7000,4847.5,EUR,CUST018
610,2023-08-08,7000,3441.13,EUR,CUST016
611,2020-03-11,6000,2886.59,EUR,CUST001
612,2020-02-29,7000,1204.67,EUR,CUST006
613,2022-12-14,7000,1771.61,EUR,CUST010
614,2023-11-14,7000,3975.37,EUR,CUST017
615,2021-05-14,6000,1011.29,EUR,CUST018
616,2025-02-27,7000,3635.55,EUR,CUST012
617,2024-12-29,6000,2649.89,EUR,CUST010
618,2024-10-12,6000,3601.84,EUR,CUST008
619,2023-07-06,7000,1263.6,EUR,CUST001
620,2023-07-15,7000,2728.01,EUR,CUST016
621,2024-11-12,6000,3620.89,EUR,CUST003
622,2020-05-19,6000,3464.79,EUR,CUST010
623,2024-01-26,6000,2631.5,EUR,CUST002
624,2020-10-05,6000,510.69,EUR,CUST004
625,2025-01-31,7000,3839.65,EUR,CUST018
626,2022-02-01,6000,1115.38,EUR,CUST017
627,2025-03-23,6000,3230.65,EUR,CUST018
628,2020-04-17,7000,575.24,EUR,CUST018
629,2022-09-17,6000,348.45,EUR,CUST008
630,2020-08-13,6000,1997.3,EUR,CUST002
631,2025-08-12,7000,167.28,EUR,CUST014
632,2021-12-30,7000,4366.51,EUR,CUST011
633,2024-02-01,6000,1627.47,EUR,CUST004
634,2021-01-14,6000,2117.28,EUR,CUST001
635,2021-01-31,6000,2460.39,EUR,CUST012
636,2021-03-04,6000,3659.04,EUR,CUST017
637,2020-03-31,6000,1881.23,EUR,CUST019
638,2023-07-10,6000,4048.51,EUR,CUST012
639,2020-02-07,7000,2048.08,EUR,CUST008
640,2025-08-13,6000,2625.41,EUR,CUST018
641,2023-04-01,7000,1360.76,EUR,CUST003
642,2021-03-23,6000,103.85,EUR,CUST003
643,2020-09-23,7000,233.53,EUR,CUST018
644,2022-01-09,7000,3818.38,EUR,CUST011
645,2020-07-04,7000,1808.75,EUR,CUST015
646,2019-12-27,7000,3575.17,EUR,CUST012
647,2025-04-13,7000,2350.84,EUR,CUST017
648,2022-02-06,6000,683.11,EUR,CUST003
649,2024-06-12,6000,590.74,EUR,CUST010
650,2023-07-05,6000,570.63,EUR,CUST018
651,2024-03-09,6000,3995.64,EUR,CUST010
652,2025-09-25,6000,418.13,EUR,CUST020
653,2024-02-20,6000,236.18,EUR,CUST015
654,2021-05-07,6000,4347.91,EUR,CUST004
655,2024-10-27,7000,3160.93,EUR,CUST002
656,2024-08-05,6000,4181.01,EUR,CUST019
657,2023-08-30,6000,4578.44,EUR,CUST017
658,2020-02-14,6000,2301.28,EUR,CUST006
659,2022-02-14,6000,1207.31,EUR,CUST002
660,2020-11-06,6000,4054.02,EUR,CUST012
661,2022-12-30,6000,4629.64,EUR,CUST019
662,2021-05-24,6000,2156.21,EUR,CUST005
663,2020-01-05,7000,597.03,EUR,CUST020
664,2022-11-08,7000,634.2,EUR,CUST009
665,2023-01-29,6000,2194.8,EUR,CUST015
666,2022-08-09,7000,1279.54,EUR,CUST005
667,2022-01-28,7000,854.36,EUR,CUST014
668,2020-08-28,6000,2511.3,EUR,CUST012
669,2025-05-01,7000,2104.56,EUR,CUST008
670,2024-03-27,7000,2934.73,EUR,CUST009
671,2020-09-13,7000,805.54,EUR,CUST001
672,2019-12-10,6000,2165.65,EUR,CUST020
673,2022-10-22,6000,3746.25,EUR,CUST013
674,2025-06-10,7000,1537.94,EUR,CUST019
675,2024-08-07,7000,3851.93,EUR,CUST017
676,2021-01-04,6000,4508.11,EUR,CUST013
677,2023-06-24,6000,4129.15,EUR,CUST002
678,2023-01-11,6000,772.19,EUR,CUST015
679,2019-12-22,7000,4185.28,EUR,CUST003
680,2022-12-09,7000,2748.09,EUR,CUST008
681,2025-03-20,6000,3772.57,EUR,CUST012
682,2021-05-10,6000,4193.59,EUR,CUST014
683,2021-10-14,6000,1740.18,EUR,CUST003
684,2025-02-16,7000,4714.13,EUR,CUST004
685,2021-11-01,7000,253.59,EUR,CUST017
686,2020-08-31,7000,392.24,EUR,CUST019
687,2024-02-02,7000,3412.59,EUR,CUST011
688,2019-11-04,6000,994.33,EUR,CUST003
689,2021-05-16,7000,3610.56,EUR,CUST001
690,2023-09-13,7000,2394.13,EUR,CUST001
691,2021-03-05,6000,400.95,EUR,CUST015
692,2022-08-29,6000,3595.59,EUR,CUST005
693,2020-05-07,6000,1971.83,EUR,CUST018
694,2020-10-28,7000,627.96,EUR,CUST017
695,2021-08-19,7000,3645.48,EUR,CUST008
696,2023-11-05,7000,3436.5,EUR,CUST019
697,2024-04-18,7000,1883.19,EUR,CUST011
698,2020-07-27,7000,3065.73,EUR,CUST003
699,2025-05-28,7000,3683.48,EUR,CUST013
700,2020-12-12,6000,3641.82,EUR,CUST020
701,2019-11-12,7000,2901.41,EUR,CUST015
702,2021-10-03,7000,2620.05,EUR,CUST014
703,2023-10-22,6000,2265.57,EUR,CUST003
704,2023-09-20,6000,1855.64,EUR,CUST008
705,2025-06-15,6000,2123.52,EUR,CUST014
706,2021-06-22,7000,4233.73,EUR,CUST008
707,2023-02-03,7000,550.97,EUR,CUST006
708,2022-08-09,7000,850.06,EUR,CUST013
709,2023-08-22,6000,4365.88,EUR,CUST015
710,2020-01-01,7000,4471.19,EUR,CUST016
711,2022-03-14,6000,290.05,EUR,CUST015
712,2022-09-03,7000,1130.55,EUR,CUST002
713,2024-07-25,6000,4835.85,EUR,CUST008
714,2023-06-24,6000,3298.92,EUR,CUST013
715,2020-06-19,6000,4970.15,EUR,CUST007
716,2025-03-12,6000,3043.3,EUR,CUST010
717,2021-08-14,7000,2236.46,EUR,CUST006
718,2020-02-18,6000,2825.17,EUR,CUST007
719,2022-07-25,6000,1252.53,EUR,CUST018
720,2020-02-04,6000,230.49,EUR,CUST017
721,2022-07-21,6000,2397.26,EUR,CUST018
722,2021-02-07,6000,152.08,EUR,CUST004
723,2025-04-10,7000,476.16,EUR,CUST014
724,2020-02-06,6000,4841.81,EUR,CUST013
725,2022-01-03,6000,4719.84,EUR,CUST007
726,2022-06-16,6000,3173.68,EUR,CUST019
727,2025-04-29,7000,3589.96,EUR,CUST018
728,2024-05-02,7000,3805.21,EUR,CUST007
729,2025-03-06,6000,2571.03,EUR,CUST017
730,2022-11-21,7000,260.76,EUR,CUST019
731,2020-03-24,6000,1171.42,EUR,CUST012
732,2023-01-16,7000,2354.58,EUR,CUST004
733,2025-09-09,7000,4003.99,EUR,CUST019
734,2021-07-31,7000,567.02,EUR,CUST008
735,2023-05-04,6000,820.07,EUR,CUST015
736,2022-07-17,7000,3129.97,EUR,CUST008
737,2024-07-25,6000,3947.88,EUR,CUST016
738,2020-09-30,6000,1640.68,EUR,CUST014
739,2023-03-25,6000,1646.83,EUR,CUST018
740,2020-03-29,7000,2051.85,EUR,CUST003
741,2021-08-14,6000,2767.78,EUR,CUST014
742,2022-11-16,6000,4370.44,EUR,CUST011
743,2022-08-29,6000,1229.08,EUR,CUST006
744,2022-08-23,6000,1745.83,EUR,CUST019
745,2023-04-11,6000,1306.35,EUR,CUST017
746,2023-12-10,6000,236.66,EUR,CUST004
747,2019-12-02,6000,3997.45,EUR,CUST003
748,2022-11-03,7000,4906.34,EUR,CUST015
749,2020-02-21,6000,2927.92,EUR,CUST007
750,2022-10-10,6000,1394.73,EUR,CUST002
751,2021-07-18,7000,3658.87,EUR,CUST013
752,2025-09-15,6000,2320.2,EUR,CUST010
753,2024-05-17,6000,2531.5,EUR,CUST019
754,2023-06-18,6000,4740.87,EUR,CUST014
755,2025-05-29,6000,4083.81,EUR,CUST001
756,2022-04-04,6000,4931.35,EUR,CUST007
757,2023-11-16,6000,2279.48,EUR,CUST009
758,2020-10-03,7000,3618.25,EUR,CUST011
759,2022-05-04,6000,730.28,EUR,CUST007
760,2020-12-08,7000,2399.21,EUR,CUST019
761,2022-09-21,6000,4781.55,EUR,CUST002
762,2022-05-30,7000,2733.82,EUR,CUST013
763,2020-05-11,6000,1030.29,EUR,CUST006
764,2021-11-27,6000,3609.01,EUR,CUST007
765,2021-07-20,7000,1655.25,EUR,CUST016
766,2023-07-25,7000,2613.32,EUR,CUST005
767,2024-07-29,6000,4341.83,EUR,CUST017
768,2021-11-18,7000,2556.57,EUR,CUST005
769,2024-11-17,7000,2018.16,EUR,CUST001
770,2024-03-05,6000,2862.45,EUR,CUST015
771,2025-04-30,7000,3851.93,EUR,CUST007
772,2025-03-19,6000,1560.95,EUR,CUST006
773,2024-11-27,7000,1710.21,EUR,CUST009
774,2024-12-05,7000,531.69,EUR,CUST010
775,2022-10-16,7000,1239.44,EUR,CUST016
776,2023-08-16,7000,736.95,EUR,CUST011
777,2020-05-20,6000,1973.74,EUR,CUST016
778,2025-09-24,7000,850.97,EUR,CUST008
779,2024-02-26,6000,4171.95,EUR,CUST011
780,2023-12-15,6000,2682.76,EUR,CUST019
781,2020-10-14,7000,4891.53,EUR,CUST019
782,2019-10-29,6000,2841.64,EUR,CUST014
783,2025-03-11,7000,4895.22,EUR,CUST017
784,2025-05-12,6000,3148.67,EUR,CUST012
785,2020-05-26,7000,434.37,EUR,CUST003
786,2022-02-22,7000,2160.8,EUR,CUST013
787,2022-12-22,7000,1410.54,EUR,CUST013
788,2023-12-14,6000,1477.42,EUR,CUST004
789,2023-01-01,7000,3261.06,EUR,CUST008
790,2022-06-28,7000,3671.83,EUR,CUST013
791,2024-05-29,6000,978.6,EUR,CUST018
792,2023-12-06,6000,1905.72,EUR,CUST001
793,2025-04-07,6000,4627.85,EUR,CUST002
794,2023-12-25,7000,3603.41,EUR,CUST011
795,2024-10-22,7000,4266.92,EUR,CUST012
796,2024-10-08,6000,1328.45,EUR,CUST020
797,2021-05-27,7000,2032.56,EUR,CUST005
798,2024-11-22,6000,700.48,EUR,CUST012
799,2023-05-28,7000,1064.95,EUR,CUST020
800,2021-09-26,6000,1934.06,EUR,CUST008
801,2023-12-13,7000,1653.81,EUR,CUST014
802,2022-09-21,7000,1191.37,EUR,CUST004
803,2020-12-16,6000,3434.71,EUR,CUST007
804,2025-07-22,7000,884.23,EUR,CUST010
805,2022-01-24,6000,1925.39,EUR,CUST020
806,2021-10-28,7000,3648.55,EUR,CUST008
807,2024-11-13,6000,1225.24,EUR,CUST015
808,2021-02-10,7000,4992.15,EUR,CUST012
809,2023-04-06,7000,4728.0,EUR,CUST002
810,2023-02-17,6000,335.76,EUR,CUST019
811,2024-12-12,6000,1056.7,EUR,CUST020
812,2020-06-22,6000,3941.07,EUR,CUST020
813,2024-07-05,6000,4607.43,EUR,CUST012
814,2022-11-21,7000,3655.43,EUR,CUST004
815,2023-04-14,7000,2498.94,EUR,CUST002
816,2023-01-10,7000,3183.92,EUR,CUST017
817,2025-03-15,6000,1208.37,EUR,CUST015
818,2021-02-07,7000,2755.52,EUR,CUST001
819,2020-10-23,7000,1065.78,EUR,CUST007
820,2020-08-20,6000,1039.16,EUR,CUST018
821,2022-09-12,7000,4742.66,EUR,CUST008
822,2020-06-01,7000,356.8,EUR,CUST017
823,2024-10-26,6000,815.77,EUR,CUST018
824,2019-12-13,6000,2022.4,EUR,CUST008
825,2022-08-25,6000,2879.07,EUR,CUST011
826,2025-03-29,6000,2287.64,EUR,CUST005
827,2024-03-26,6000,1942.68,EUR,CUST008
828,2020-12-12,6000,2776.59,EUR,CUST019
829,2024-04-03,6000,2195.87,EUR,CUST016
830,2024-05-21,6000,1848.92,EUR,CUST013
831,2023-10-12,6000,1736.91,EUR,CUST011
832,2019-11-25,7000,4141.47,EUR,CUST011
833,2024-03-16,7000,726.6,EUR,CUST007
834,2021-12-13,7000,3197.47,EUR,CUST019
835,2023-02-26,6000,1965.47,EUR,CUST002
836,2022-06-09,6000,1001.29,EUR,CUST016
837,2022-12-14,7000,2864.28,EUR,CUST003
838,2025-07-09,6000,223.14,EUR,CUST003
839,2023-01-31,6000,1952.7,EUR,CUST020
840,2022-09-03,6000,2511.42,EUR,CUST005
841,2020-09-13,7000,2655.77,EUR,CUST002
842,2020-01-30,6000,1622.55,EUR,CUST005
843,2023-10-29,7000,1579.16,EUR,CUST007
844,2021-10-11,7000,3583.8,EUR,CUST019
845,2023-09-08,6000,1729.0,EUR,CUST004
846,2019-10-05,7000,266.23,EUR,CUST004
847,2025-05-16,7000,4642.56,EUR,CUST016
848,2021-09-11,6000,3224.35,EUR,CUST013
849,2023-07-07,6000,4205.24,EUR,CUST011
850,2022-01-01,7000,4491.06,EUR,CUST012
851,2022-02-05,7000,2374.26,EUR,CUST016
852,2021-08-05,7000,2582.19,EUR,CUST005
853,2025-04-13,6000,1326.88,EUR,CUST004
854,2020-06-29,7000,3877.82,EUR,CUST019
855,2023-02-22,7000,4501.0,EUR,CUST015
856,2023-12-23,6000,2728.09,EUR,CUST016
857,2023-09-08,6000,410.87,EUR,CUST011
858,2020-08-02,7000,4876.56,EUR,CUST003
859,2025-06-05,6000,2156.14,EUR,CUST008
860,2021-06-26,6000,4291.9,EUR,CUST019
861,2021-01-31,7000,3531.82,EUR,CUST009
862,2022-12-15,7000,544.97,EUR,CUST010
863,2020-07-07,6000,4093.56,EUR,CUST018
864,2025-01-30,6000,2436.34,EUR,CUST013
865,2021-05-03,6000,3774.28,EUR,CUST006
866,2023-09-24,7000,4270.72,EUR,CUST012
867,2021-05-29,7000,2600.91,EUR,CUST015
868,2024-02-18,7000,2738.77,EUR,CUST013
869,2020-03-01,6000,4942.96,EUR,CUST005
870,2021-07-24,7000,2243.73,EUR,CUST020
871,2019-10-07,6000,2718.72,EUR,CUST012
872,2023-02-03,7000,892.53,EUR,CUST014
873,2024-12-19,7000,1710.22,EUR,CUST020
874,2019-10-08,7000,2260.3,EUR,CUST006
875,2020-08-09,7000,2759.36,EUR,CUST011
876,2020-08-11,6000,1285.53,EUR,CUST013
877,2024-06-30,6000,4430.53,EUR,CUST011
878,2024-01-03,6000,2325.91,EUR,CUST010
879,2024-03-07,7000,1003.43,EUR,CUST006
880,2024-10-11,7000,1693.15,EUR,CUST012
881,2021-09-29,7000,3055.03,EUR,CUST004
882,2024-02-26,7000,1844.47,EUR,CUST008
883,2022-12-11,7000,4271.67,EUR,CUST001
884,2024-01-08,6000,4960.56,EUR,CUST001
885,2022-03-14,6000,4262.0,EUR,CUST006
886,2021-06-28,6000,4745.85,EUR,CUST003
887,2022-07-21,6000,2238.0,EUR,CUST005
888,2019-12-11,6000,595.63,EUR,CUST014
889,2025-06-19,7000,4938.78,EUR,CUST010
890,2023-03-06,6000,4111.4,EUR,CUST009
891,2022-08-31,7000,526.21,EUR,CUST015
892,2021-10-24,6000,345.16,EUR,CUST002
893,2020-02-14,7000,3617.11,EUR,CUST011
894,2024-01-27,6000,4587.09,EUR,CUST018
895,2024-01-05,6000,2390.26,EUR,CUST015
896,2023-11-13,7000,406.05,EUR,CUST004
897,2022-07-27,7000,3460.47,EUR,CUST011
898,2025-03-23,7000,4006.13,EUR,CUST010
899,2021-05-11,7000,217.93,EUR,CUST005
900,2023-03-12,6000,563.76,EUR,CUST007
901,2020-02-25,7000,2110.68,EUR,CUST018
902,2024-04-05,7000,2513.87,EUR,CUST015
903,2021-05-27,6000,4557.73,EUR,CUST001
904,2024-05-09,7000,2917.6,EUR,CUST007
905,2020-09-04,7000,2224.86,EUR,CUST011
906,2023-06-19,7000,2502.77,EUR,CUST019
907,2025-07-02,7000,2241.54,EUR,CUST014
908,2021-02-12,6000,616.97,EUR,CUST011
909,2025-08-30,7000,585.38,EUR,CUST003
910,2022-08-28,7000,3345.13,EUR,CUST018
911,2020-11-29,6000,1198.48,EUR,CUST011
912,2024-11-09,7000,4642.04,EUR,CUST007
913,2023-07-12,6000,2589.75,EUR,CUST007
914,2025-06-15,6000,1607.33,EUR,CUST001
915,2025-08-24,6000,3566.6,EUR,CUST008
916,2024-01-14,6000,2309.37,EUR,CUST011
917,2022-07-28,7000,820.1,EUR,CUST018
918,2025-03-06,6000,2891.51,EUR,CUST020
919,2022-01-22,7000,3377.69,EUR,CUST003
920,2023-06-14,6000,1323.91,EUR,CUST012
921,2021-07-19,6000,2277.99,EUR,CUST003
922,2020-10-20,6000,3487.74,EUR,CUST015
923,2021-02-03,6000,493.95,EUR,CUST004
924,2021-06-25,7000,1356.18,EUR,CUST009
925,2020-02-07,6000,2859.91,EUR,CUST005
926,2022-08-08,7000,2586.26,EUR,CUST010
927,2024-10-21,7000,2359.26,EUR,CUST016
928,2019-12-11,7000,4481.36,EUR,CUST017
929,2023-07-20,7000,3603.2,EUR,CUST009
930,2022-02-21,7000,2722.15,EUR,CUST004
931,2019-11-08,7000,1365.0,EUR,CUST009
932,2020-10-05,6000,1153.73,EUR,CUST020
933,2021-05-21,7000,4817.23,EUR,CUST016
934,2022-10-25,6000,4833.73,EUR,CUST006
935,2023-04-14,7000,4988.72,EUR,CUST002
936,2025-02-08,6000,2777.89,EUR,CUST018
937,2023-04-03,6000,4014.02,EUR,CUST005
938,2025-06-01,6000,1608.8,EUR,CUST001
939,2024-02-09,6000,3585.92,EUR,CUST003
940,2021-12-16,7000,4091.29,EUR,CUST017
941,2020-08-21,6000,416.3,EUR,CUST008
942,2025-09-11,7000,4799.16,EUR,CUST018
943,2021-07-17,7000,4724.59,EUR,CUST018
944,2024-11-24,6000,3268.82,EUR,CUST007
945,2023-06-24,6000,2481.55,EUR,CUST003
946,2021-07-23,7000,1819.21,EUR,CUST012
947,2020-08-07,7000,3712.18,EUR,CUST010
948,2022-11-19,6000,4965.29,EUR,CUST020
949,2022-11-03,7000,2159.39,EUR,CUST004
950,2025-08-02,7000,1755.02,EUR,CUST010
951,2020-07-13,6000,764.85,EUR,CUST001
952,2023-09-05,6000,4768.34,EUR,CUST003
953,2021-07-20,6000,3567.71,EUR,CUST012
954,2021-10-12,7000,4309.39,EUR,CUST006
955,2021-09-09,6000,3749.41,EUR,CUST003
956,2024-05-27,7000,2186.64,EUR,CUST005
957,2024-11-25,6000,4189.41,EUR,CUST013
958,2021-04-14,7000,938.47,EUR,CUST004
959,2023-11-22,7000,767.14,EUR,CUST006
960,2022-04-22,6000,1596.14,EUR,CUST004
961,2023-01-27,6000,2376.89,EUR,CUST003
962,2025-02-03,7000,3721.94,EUR,CUST018
963,2024-07-27,7000,2547.46,EUR,CUST017
964,2020-07-18,6000,4271.94,EUR,CUST012
965,2020-05-12,7000,4544.32,EUR,CUST007
966,2021-10-23,7000,3495.4,EUR,CUST014
967,2021-06-13,7000,1894.49,EUR,CUST007
968,2022-12-06,6000,1772.58,EUR,CUST013
969,2022-08-30,7000,2224.24,EUR,CUST001
970,2021-10-04,6000,2856.44,EUR,CUST017
971,2021-07-26,6000,2971.76,EUR,CUST008
972,2023-07-20,6000,891.77,EUR,CUST005
973,2022-06-14,6000,555.65,EUR,CUST004
974,2022-08-17,6000,1182.78,EUR,CUST011
975,2025-07-16,7000,1684.89,EUR,CUST017
976,2022-06-25,6000,4778.16,EUR,CUST017
977,2021-09-07,6000,3922.26,EUR,CUST007
978,2023-09-29,7000,2351.66,EUR,CUST012
979,2023-10-06,7000,3799.25,EUR,CUST005
980,2020-11-19,7000,969.74,EUR,CUST019
981,2024-05-16,7000,3509.85,EUR,CUST015
982,2020-09-09,6000,1808.86,EUR,CUST014
983,2020-10-03,6000,701.88,EUR,CUST018
984,2024-03-21,6000,3358.63,EUR,CUST014
985,2024-09-28,7000,3759.53,EUR,CUST014
986,2020-04-02,7000,1938.48,EUR,CUST012
987,2020-03-22,6000,1296.09,EUR,CUST019
988,2022-07-29,7000,2422.26,EUR,CUST005
989,2024-07-17,6000,1426.04,EUR,CUST010
990,2025-03-12,6000,1669.13,EUR,CUST014
991,2021-04-24,7000,3212.43,EUR,CUST017
992,2024-03-16,6000,4932.8,EUR,CUST008
993,2023-04-02,6000,2773.4,EUR,CUST003
994,2025-08-10,6000,3422.14,EUR,CUST010
995,2022-07-02,6000,1094.61,EUR,CUST008
996,2022-06-03,7000,716.49,EUR,CUST006
997,2020-03-22,6000,819.56,EUR,CUST013
998,2024-10-14,6000,2863.82,EUR,CUST006
999,2023-09-14,6000,2382.39,EUR,CUST005
1000,2023-03-04,6000,3121.47,EUR,CUST009
1001,2025-04-13,6000,4296.38,EUR,CUST018
1002,2024-01-03,6000,486.49,EUR,CUST014
1003,2022-01-31,7000,4532.02,EUR,CUST001
1004,2020-06-21,7000,1577.73,EUR,CUST019
1005,2020-12-23,7000,4688.23,EUR,CUST013
1006,2025-08-29,7000,641.37,EUR,CUST019
1007,2022-07-04,6000,1553.96,EUR,CUST012
1008,2023-11-11,7000,1360.38,EUR,CUST014
1009,2020-05-08,6000,304.91,EUR,CUST007
1010,2025-05-16,6000,3532.88,EUR,CUST007
1011,2020-12-11,6000,3401.08,EUR,CUST009
1012,2024-08-04,6000,3838.99,EUR,CUST005
1013,2024-10-25,7000,4385.69,EUR,CUST017
1014,2021-08-28,6000,2390.93,EUR,CUST007
1015,2021-09-05,7000,1239.14,EUR,CUST002
1016,2023-10-24,7000,3283.55,EUR,CUST002
1017,2020-05-20,6000,4621.83,EUR,CUST017
1018,2025-02-07,6000,2982.17,EUR,CUST005
1019,2023-04-20,6000,1922.79,EUR,CUST007
1020,2020-07-10,7000,4991.54,EUR,CUST011
1021,2025-03-07,6000,2451.82,EUR,CUST014
1022,2019-11-18,7000,4441.04,EUR,CUST001
1023,2022-03-02,6000,4994.69,EUR,CUST010
1024,2025-06-22,6000,1513.55,EUR,CUST002
1025,2020-07-14,7000,3068.05,EUR,CUST007
1026,2023-10-26,6000,3241.06,EUR,CUST015
1027,2025-01-30,7000,4551.45,EUR,CUST018
1028,2020-11-07,6000,1388.09,EUR,CUST003
1029,2025-05-14,6000,2397.8,EUR,CUST007
1030,2025-03-14,7000,694.23,EUR,CUST014
1031,2022-08-15,6000,681.06,EUR,CUST004
1032,2020-06-16,6000,2845.86,EUR,CUST007
1033,2022-09-02,6000,3420.46,EUR,CUST018
1034,2021-04-28,6000,2816.81,EUR,CUST019
1035,2025-08-15,7000,3903.86,EUR,CUST005
1036,2021-03-05,7000,709.11,EUR,CUST005
1037,2022-04-14,7000,3349.7,EUR,CUST015
1038,2023-11-10,6000,2521.68,EUR,CUST009
1039,2019-10-05,7000,3825.58,EUR,CUST003
1040,2025-08-05,6000,4234.03,EUR,CUST002
1041,2021-04-10,7000,314.76,EUR,CUST011
1042,2020-08-02,7000,3308.96,EUR,CUST007
1043,2025-06-27,7000,2906.79,EUR,CUST017
1044,2020-06-19,6000,2082.15,EUR,CUST005
1045,2023-02-06,7000,4870.55,EUR,CUST011
1046,2024-01-12,6000,537.91,EUR,CUST005
1047,2024-10-10,6000,1989.2,EUR,CUST001
1048,2024-11-09,6000,3947.97,EUR,CUST009
1049,2024-05-05,7000,3964.26,EUR,CUST008
1050,2022-06-29,7000,2837.27,EUR,CUST007
1051,2025-08-08,6000,4168.02,EUR,CUST014
1052,2020-08-25,7000,1880.34,EUR,CUST007
1053,2020-12-28,6000,4401.2,EUR,CUST011
1054,2023-06-10,7000,1985.19,EUR,CUST002
1055,2020-05-20,6000,2352.23,EUR,CUST003
1056,2022-09-03,7000,3519.23,EUR,CUST007
1057,2023-06-09,6000,3527.42,EUR,CUST001
1058,2023-06-12,6000,2078.61,EUR,CUST015
1059,2024-12-21,7000,3112.74,EUR,CUST008
1060,2020-12-26,6000,4432.38,EUR,CUST010
1061,2023-03-27,7000,389.41,EUR,CUST008
1062,2025-07-09,6000,138.81,EUR,CUST017
1063,2022-10-23,6000,2030.13,EUR,CUST018
1064,2022-03-04,7000,4637.62,EUR,CUST012
1065,2024-04-10,6000,335.34,EUR,CUST009
1066,2021-03-01,7000,4150.14,EUR,CUST020
1067,2020-02-03,7000,1867.29,EUR,CUST005
1068,2020-01-09,6000,1239.89,EUR,CUST005
1069,2023-11-20,6000,3307.59,EUR,CUST020
1070,2020-12-26,6000,2894.38,EUR,CUST002
1071,2021-09-18,7000,1621.63,EUR,CUST009
1072,2024-01-21,6000,2680.85,EUR,CUST011
1073,2021-01-18,6000,3441.62,EUR,CUST004
1074,2021-01-09,7000,865.22,EUR,CUST009
1075,2019-09-30,6000,143.35,EUR,CUST014
1076,2020-11-09,6000,995.24,EUR,CUST019
1077,2023-01-05,6000,3899.56,EUR,CUST018
1078,2024-02-04,7000,131.78,EUR,CUST011
1079,2023-03-04,7000,2829.13,EUR,CUST013
1080,2024-10-16,6000,2654.36,EUR,CUST018
1081,2021-09-21,7000,122.05,EUR,CUST017
1082,2025-08-24,6000,473.85,EUR,CUST017
1083,2024-06-14,6000,2279.1,EUR,CUST009
1084,2020-07-27,7000,3470.79,EUR,CUST015
1085,2025-06-07,6000,4083.03,EUR,CUST007
1086,2023-10-26,7000,4716.82,EUR,CUST019
1087,2020-10-05,6000,2725.2,EUR,CUST002
1088,2024-06-28,7000,862.03,EUR,CUST010
1089,2022-04-20,6000,2476.26,EUR,CUST002
1090,2024-05-22,7000,1400.18,EUR,CUST020
1091,2024-03-20,7000,2494.94,EUR,CUST013
1092,2020-11-21,7000,2496.83,EUR,CUST004
1093,2021-04-10,6000,1418.64,EUR,CUST020
1094,2024-05-25,6000,1929.41,EUR,CUST003
1095,2022-09-17,6000,3045.23,EUR,CUST004
1096,2021-02-10,7000,3462.57,EUR,CUST006
1097,2024-11-05,7000,4895.71,EUR,CUST008
1098,2022-11-19,6000,948.59,EUR,CUST008
1099,2023-05-31,7000,3431.48,EUR,CUST015
1100,2022-03-22,6000,1278.43,EUR,CUST011
1101,2021-09-07,7000,3418.53,EUR,CUST008
1102,2024-01-22,7000,544.57,EUR,CUST002
1103,2021-02-09,6000,129.53,EUR,CUST009
1104,2025-02-26,6000,1171.75,EUR,CUST011
1105,2024-04-14,6000,2087.19,EUR,CUST002
1106,2024-05-18,6000,4805.25,EUR,CUST015
1107,2025-09-27,6000,666.19,EUR,CUST012
1108,2024-11-23,6000,4500.69,EUR,CUST010
1109,2023-10-27,7000,2839.66,EUR,CUST020
1110,2021-12-09,6000,4537.26,EUR,CUST015
1111,2025-09-14,7000,1325.79,EUR,CUST002
1112,2020-05-05,7000,3922.68,EUR,CUST015
1113,2023-05-30,6000,3660.09,EUR,CUST014
1114,2025-01-15,7000,3682.22,EUR,CUST003
1115,2021-07-08,7000,4890.56,EUR,CUST016
1116,2021-05-03,7000,1701.3,EUR,CUST010
1117,2022-12-08,7000,3034.74,EUR,CUST012
1118,2019-10-07,6000,3376.66,EUR,CUST009
1119,2023-01-03,7000,4081.86,EUR,CUST005
1120,2020-05-03,6000,3044.66,EUR,CUST012
1121,2022-06-30,7000,2634.19,EUR,CUST018
1122,2020-03-09,7000,3423.94,EUR,CUST008
1123,2021-06-29,7000,3307.16,EUR,CUST008
1124,2022-10-03,7000,2586.33,EUR,CUST003
1125,2024-08-11,7000,2167.74,EUR,CUST012
1126,2021-03-29,6000,4925.92,EUR,CUST014
1127,2024-04-26,7000,249.48,EUR,CUST013
1128,2022-01-08,6000,2407.16,EUR,CUST003
1129,2020-01-24,7000,129.22,EUR,CUST010
1130,2023-01-29,6000,3096.31,EUR,CUST018
1131,2025-01-15,6000,950.08,EUR,CUST002
1132,2024-08-14,7000,1580.44,EUR,CUST002
1133,2025-01-08,7000,3949.11,EUR,CUST019
1134,2020-01-27,7000,620.63,EUR,CUST003
1135,2021-04-12,7000,3444.17,EUR,CUST020
1136,2024-10-26,7000,3612.76,EUR,CUST010
1137,2024-09-01,6000,4641.73,EUR,CUST004
1138,2019-12-24,7000,3614.22,EUR,CUST011
1139,2021-12-25,7000,4941.1,EUR,CUST019
1140,2022-08-08,7000,2796.86,EUR,CUST001
1141,2022-03-03,6000,2483.53,EUR,CUST012
1142,2025-07-21,6000,4003.89,EUR,CUST019
1143,2022-06-09,7000,2920.78,EUR,CUST012
1144,2024-05-09,7000,3241.17,EUR,CUST009
1145,2025-05-08,6000,1008.57,EUR,CUST011
1146,2021-08-21,6000,868.37,EUR,CUST020
1147,2021-09-05,6000,2913.28,EUR,CUST009
1148,2024-07-21,7000,2326.39,EUR,CUST016
1149,2024-11-29,7000,1665.19,EUR,CUST015
1150,2025-06-17,7000,847.93,EUR,CUST017
1151,2020-03-27,6000,3889.89,EUR,CUST013
1152,2020-07-13,7000,1653.21,EUR,CUST013
1153,2022-03-30,6000,367.81,EUR,CUST005
1154,2023-03-22,6000,1404.59,EUR,CUST005
1155,2021-09-23,7000,401.03,EUR,CUST018
1156,2024-02-03,6000,4481.34,EUR,CUST018
1157,2024-07-13,7000,1055.6,EUR,CUST001
1158,2020-10-24,7000,4959.35,EUR,CUST016
1159,2025-01-26,7000,4675.79,EUR,CUST002
1160,2022-05-03,6000,2284.57,EUR,CUST009
1161,2019-10-04,6000,2222.74,EUR,CUST003
1162,2025-04-01,6000,835.18,EUR,CUST011
1163,2024-12-23,7000,667.09,EUR,CUST004
1164,2020-08-24,7000,2366.35,EUR,CUST015
1165,2021-07-17,7000,4183.17,EUR,CUST006
1166,2021-01-24,7000,2147.24,EUR,CUST019
1167,2020-12-31,6000,4783.79,EUR,CUST010
1168,2019-12-19,7000,4725.56,EUR,CUST020
1169,2023-03-23,7000,1506.51,EUR,CUST012
1170,2022-05-12,7000,1822.77,EUR,CUST001
1171,2025-05-31,7000,388.61,EUR,CUST017
1172,2023-06-14,7000,2743.67,EUR,CUST001
1173,2023-12-15,7000,1771.25,EUR,CUST014
1174,2022-05-29,6000,2991.54,EUR,CUST018
1175,2019-10-03,6000,3080.16,EUR,CUST016
1176,2023-12-07,7000,649.08,EUR,CUST002
1177,2024-12-26,7000,4767.19,EUR,CUST009
1178,2024-12-13,7000,3085.39,EUR,CUST005
1179,2019-12-24,6000,4185.14,EUR,CUST019
1180,2021-10-09,6000,3422.4,EUR,CUST003
1181,2020-09-14,7000,358.08,EUR,CUST004
1182,2019-10-03,7000,3235.19,EUR,CUST008
1183,2023-05-05,6000,4951.48,EUR,CUST018
1184,2021-04-21,6000,1919.37,EUR,CUST001
1185,2020-09-15,6000,2440.04,EUR,CUST006
1186,2024-09-07,6000,2167.18,EUR,CUST009
1187,2025-01-03,6000,1531.25,EUR,CUST009
1188,2023-05-08,6000,1549.56,EUR,CUST008
1189,2020-03-20,7000,1125.1,EUR,CUST020
1190,2024-08-21,7000,2906.24,EUR,CUST019
1191,2022-08-01,7000,423.46,EUR,CUST012
1192,2024-07-02,7000,4047.66,EUR,CUST010
1193,2025-06-14,6000,751.16,EUR,CUST003
1194,2024-02-26,6000,2732.65,EUR,CUST001
1195,2020-10-29,6000,112.87,EUR,CUST012
1196,2023-04-12,6000,910.57,EUR,CUST007
1197,2020-07-10,6000,3343.53,EUR,CUST011
1198,2024-04-07,6000,721.89,EUR,CUST019
1199,2025-06-29,7000,3229.42,EUR,CUST016
1200,2025-08-29,6000,4455.24,EUR,CUST005
1201,2023-01-04,6000,199.11,EUR,CUST017
1202,2025-02-05,7000,1233.35,EUR,CUST014
1203,2022-03-13,7000,4156.57,EUR,CUST010
1204,2023-10-26,7000,3479.51,EUR,CUST002
1205,2020-02-10,6000,600.91,EUR,CUST007
1206,2025-01-05,6000,3379.99,EUR,CUST013
1207,2021-02-05,7000,3326.02,EUR,CUST005
1208,2022-09-25,7000,1008.24,EUR,CUST008
1209,2021-02-04,6000,615.9,EUR,CUST014
1210,2020-11-29,7000,3057.68,EUR,CUST004
1211,2022-03-18,7000,1704.93,EUR,CUST011
1212,2021-10-28,7000,1636.78,EUR,CUST018
1213,2025-09-17,6000,4919.56,EUR,CUST006
1214,2021-04-11,6000,1319.19,EUR,CUST006
1215,2019-12-13,7000,4214.39,EUR,CUST007
1216,2024-12-20,6000,1759.19,EUR,CUST008
1217,2021-06-09,7000,206.57,EUR,CUST010
1218,2020-05-03,7000,4242.85,EUR,CUST008
1219,2025-06-05,6000,2057.69,EUR,CUST015
1220,2020-10-15,6000,1806.3,EUR,CUST008
1221,2020-08-20,6000,3994.4,EUR,CUST007
1222,2023-10-04,7000,1453.45,EUR,CUST017
1223,2023-09-18,7000,473.78,EUR,CUST020
1224,2020-02-11,7000,4240.84,EUR,CUST001
1225,2023-08-06,7000,2751.41,EUR,CUST019
1226,2025-06-05,6000,778.53,EUR,CUST001
1227,2023-05-12,7000,1479.78,EUR,CUST017
1228,2022-08-07,6000,1982.06,EUR,CUST016
1229,2022-06-01,7000,2699.96,EUR,CUST008
1230,2025-09-14,6000,271.8,EUR,CUST010
1231,2024-06-29,6000,3479.26,EUR,CUST015
1232,2024-12-26,7000,1403.26,EUR,CUST009
1233,2022-07-03,7000,3140.9,EUR,CUST007
1234,2021-03-31,7000,4403.43,EUR,CUST005
1235,2021-02-13,7000,2494.72,EUR,CUST017
1236,2023-03-17,6000,4331.59,EUR,CUST011
1237,2021-08-26,7000,2757.97,EUR,CUST001
1238,2020-08-18,6000,1468.64,EUR,CUST009
1239,2023-04-13,6000,4364.64,EUR,CUST004
1240,2024-06-19,6000,4516.62,EUR,CUST003
1241,2024-06-20,6000,2689.06,EUR,CUST014
1242,2024-07-20,7000,2970.22,EUR,CUST012
1243,2021-12-27,7000,4050.94,EUR,CUST012
1244,2024-04-12,6000,858.43,EUR,CUST011
1245,2022-03-17,7000,2700.63,EUR,CUST016
1246,2021-06-07,7000,3825.65,EUR,CUST010
1247,2024-04-17,6000,4002.82,EUR,CUST002
1248,2019-12-24,6000,456.83,EUR,CUST019
1249,2021-01-10,7000,4881.3,EUR,CUST016
1250,2023-05-17,6000,4370.27,EUR,CUST020
1251,2020-09-09,7000,4983.13,EUR,CUST011
1252,2025-02-05,7000,2252.84,EUR,CUST005
1253,2023-07-23,6000,432.67,EUR,CUST011
1254,2024-02-05,7000,939.89,EUR,CUST017
1255,2023-01-21,7000,3742.13,EUR,CUST014
1256,2023-09-15,6000,2287.12,EUR,CUST015
1257,2023-02-23,6000,4729.17,EUR,CUST015
1258,2022-04-19,7000,2718.89,EUR,CUST002
1259,2023-12-11,7000,2037.35,EUR,CUST010
1260,2023-05-24,7000,2931.54,EUR,CUST020
1261,2024-04-05,7000,469.51,EUR,CUST018
1262,2021-01-20,7000,643.75,EUR,CUST013
1263,2021-01-08,6000,1479.67,EUR,CUST003
1264,2022-06-27,7000,2642.18,EUR,CUST016
1265,2025-01-05,6000,3904.91,EUR,CUST006
1266,2021-10-10,6000,3317.45,EUR,CUST009
1267,2024-01-09,7000,4822.27,EUR,CUST001
1268,2020-04-23,7000,4091.32,EUR,CUST020
1269,2025-03-18,7000,3459.55,EUR,CUST004
1270,2021-09-05,6000,2303.26,EUR,CUST007
1271,2025-07-31,7000,2636.66,EUR,CUST001
1272,2022-05-31,7000,2328.51,EUR,CUST016
1273,2023-12-25,7000,4584.56,EUR,CUST006
1274,2024-08-11,6000,3684.76,EUR,CUST006
1275,2020-10-12,6000,1490.07,EUR,CUST005
1276,2022-08-16,7000,4545.47,EUR,CUST014
1277,2019-10-05,6000,649.81,EUR,CUST005
1278,2024-10-03,7000,978.04,EUR,CUST020
1279,2021-09-10,6000,868.68,EUR,CUST019
1280,2022-12-01,6000,565.6,EUR,CUST014
1281,2019-11-20,7000,3757.21,EUR,CUST004
1282,2022-06-27,7000,785.27,EUR,CUST019
1283,2020-12-09,7000,3809.09,EUR,CUST010
1284,2024-06-05,7000,2047.22,EUR,CUST012
1285,2024-05-21,6000,4897.99,EUR,CUST004
1286,2023-03-24,6000,2217.48,EUR,CUST011
1287,2021-05-28,6000,643.5,EUR,CUST018
1288,2020-02-05,6000,1104.89,EUR,CUST008
1289,2020-03-13,7000,1306.6,EUR,CUST003
1290,2022-12-17,7000,655.53,EUR,CUST010
1291,2021-04-26,7000,4318.92,EUR,CUST019
1292,2022-04-23,7000,320.03,EUR,CUST001
1293,2025-05-25,6000,3733.37,EUR,CUST002
1294,2023-06-30,6000,4768.56,EUR,CUST010
1295,2024-08-27,7000,1672.8,EUR,CUST011
1296,2023-12-24,6000,2717.19,EUR,CUST014
1297,2022-10-04,7000,1409.78,EUR,CUST020
1298,2021-10-21,7000,2591.46,EUR,CUST008
1299,2025-01-24,6000,2166.9,EUR,CUST006
1300,2020-11-12,6000,3706.24,EUR,CUST008
1301,2023-03-26,7000,3148.2,EUR,CUST017
1302,2025-04-23,6000,1232.1,EUR,CUST013
1303,2021-02-10,6000,742.9,EUR,CUST019
1304,2025-03-15,7000,657.84,EUR,CUST012
1305,2023-06-19,6000,2278.0,EUR,CUST006
1306,2025-08-27,7000,2725.32,EUR,CUST010
1307,2024-10-17,6000,2963.68,EUR,CUST011
1308,2025-08-21,6000,3064.3,EUR,CUST006
1309,2021-05-28,6000,4609.68,EUR,CUST016
1310,2022-12-08,6000,1761.38,EUR,CUST006
1311,2025-04-18,7000,731.24,EUR,CUST012
1312,2023-02-08,7000,3188.32,EUR,CUST014
1313,2021-04-01,7000,2258.45,EUR,CUST002
1314,2020-09-27,6000,2945.8,EUR,CUST012
1315,2021-05-29,6000,2743.75,EUR,CUST002
1316,2024-05-12,7000,2524.74,EUR,CUST010
1317,2020-05-02,6000,1376.3,EUR,CUST015
1318,2020-08-06,7000,2765.9,EUR,CUST017
1319,2020-08-08,7000,3624.53,EUR,CUST011
1320,2023-06-08,6000,1284.55,EUR,CUST008
1321,2023-11-02,6000,4179.62,EUR,CUST007
1322,2021-09-05,6000,3760.39,EUR,CUST013
1323,2021-07-28,7000,2157.86,EUR,CUST018
1324,2021-01-13,7000,4008.5,EUR,CUST018
1325,2022-03-28,6000,1027.74,EUR,CUST017
1326,2025-06-08,6000,2870.57,EUR,CUST004
1327,2023-11-07,7000,159.36,EUR,CUST001
1328,2024-02-21,7000,880.29,EUR,CUST018
1329,2023-06-22,7000,2446.57,EUR,CUST005
1330,2023-06-30,6000,1001.15,EUR,CUST001
1331,2022-06-15,6000,2335.49,EUR,CUST004
1332,2022-05-19,7000,3919.37,EUR,CUST009
1333,2024-11-21,7000,3864.8,EUR,CUST009
1334,2022-06-09,6000,1332.31,EUR,CUST002
1335,2025-05-08,6000,3953.92,EUR,CUST012
1336,2022-12-14,7000,344.54,EUR,CUST009
1337,2023-02-23,6000,2118.76,EUR,CUST018
1338,2024-06-18,7000,2694.8,EUR,CUST003
1339,2021-02-20,6000,2267.63,EUR,CUST015
1340,2020-06-14,6000,1973.28,EUR,CUST013
1341,2025-04-05,6000,4888.44,EUR,CUST007
1342,2020-09-13,7000,2358.69,EUR,CUST009
1343,2024-02-09,6000,1385.53,EUR,CUST009
1344,2022-08-22,6000,1299.8,EUR,CUST003
1345,2023-10-05,7000,3114.72,EUR,CUST020
1346,2022-03-23,7000,513.28,EUR,CUST015
1347,2022-07-24,6000,3382.2,EUR,CUST012
1348,2020-03-22,7000,766.31,EUR,CUST001
1349,2021-09-28,7000,781.22,EUR,CUST006
1350,2020-08-09,6000,4106.41,EUR,CUST009
1351,2025-05-15,7000,4613.0,EUR,CUST020
1352,2023-05-17,6000,4707.45,EUR,CUST005
1353,2021-07-03,6000,197.09,EUR,CUST020
1354,2022-06-07,6000,119.54,EUR,CUST017
1355,2021-12-30,6000,178.05,EUR,CUST009
1356,2019-10-21,7000,1569.04,EUR,CUST018
1357,2023-05-12,7000,1056.03,EUR,CUST015
1358,2020-01-07,7000,2498.56,EUR,CUST003
1359,2024-06-23,7000,3414.54,EUR,CUST004
1360,2025-06-19,7000,1441.95,EUR,CUST019
1361,2022-03-27,6000,611.88,EUR,CUST016
1362,2025-02-05,7000,308.93,EUR,CUST007
1363,2025-03-20,7000,2225.3,EUR,CUST007
1364,2020-10-27,7000,2839.74,EUR,CUST011
1365,2020-03-23,7000,4328.47,EUR,CUST015
1366,2023-12-30,7000,1467.34,EUR,CUST019
1367,2024-09-30,7000,356.71,EUR,CUST012
1368,2024-10-07,7000,737.19,EUR,CUST003
1369,2023-12-29,6000,2562.17,EUR,CUST017
1370,2023-05-22,7000,2076.85,EUR,CUST010
1371,2024-09-17,6000,4697.86,EUR,CUST015
1372,2024-11-20,6000,2765.01,EUR,CUST002
1373,2019-12-06,6000,2243.91,EUR,CUST016
1374,2020-05-27,6000,4355.38,EUR,CUST001
1375,2021-12-22,7000,746.42,EUR,CUST001
1376,2024-09-01,7000,4817.36,EUR,CUST006
1377,2021-09-08,7000,3606.44,EUR,CUST014
1378,2021-08-30,7000,1641.53,EUR,CUST016
1379,2021-03-02,6000,1685.71,EUR,CUST015
1380,2025-05-17,6000,3762.05,EUR,CUST010
1381,2020-05-31,7000,4054.07,EUR,CUST012
1382,2023-12-21,6000,319.5,EUR,CUST005
1383,2023-05-19,7000,2143.28,EUR,CUST015
1384,2020-01-06,6000,2953.79,EUR,CUST009
1385,2023-06-08,7000,3676.9,EUR,CUST001
1386,2022-01-07,6000,2478.33,EUR,CUST017
1387,2023-04-17,7000,2898.77,EUR,CUST002
1388,2021-04-30,7000,2771.48,EUR,CUST002
1389,2020-04-26,7000,4932.57,EUR,CUST018
1390,2024-07-11,7000,1516.35,EUR,CUST017
1391,2020-05-08,7000,3722.33,EUR,CUST007
1392,2024-06-19,7000,2783.25,EUR,CUST019
1393,2021-12-24,6000,304.7,EUR,CUST002
1394,2025-08-25,6000,2345.02,EUR,CUST012
1395,2020-02-18,7000,3154.61,EUR,CUST010
1396,2023-04-16,7000,356.46,EUR,CUST004
1397,2024-03-09,6000,3874.06,EUR,CUST015
1398,2022-07-31,7000,3439.58,EUR,CUST010
1399,2025-07-17,6000,4644.76,EUR,CUST003
1400,2022-03-21,7000,1251.36,EUR,CUST019
1401,2023-11-20,6000,395.36,EUR,CUST012
1402,2019-12-29,7000,3977.32,EUR,CUST005
1403,2023-07-18,7000,3230.98,EUR,CUST005
1404,2020-08-13,6000,4145.03,EUR,CUST004
1405,2023-12-31,7000,3970.94,EUR,CUST010
1406,2020-11-13,6000,753.01,EUR,CUST020
1407,2024-09-04,7000,779.72,EUR,CUST008
1408,2021-03-08,7000,519.18,EUR,CUST014
1409,2023-12-02,6000,746.39,EUR,CUST001
1410,2022-08-03,6000,2389.17,EUR,CUST015
1411,2020-07-04,7000,270.79,EUR,CUST007
1412,2019-10-25,6000,2538.88,EUR,CUST009
1413,2020-11-06,6000,3389.75,EUR,CUST015
1414,2020-05-18,7000,3697.23,EUR,CUST005
1415,2022-09-19,6000,3516.0,EUR,CUST005
1416,2024-04-29,6000,833.96,EUR,CUST001
1417,2020-04-05,7000,871.73,EUR,CUST002
1418,2025-04-04,6000,1831.42,EUR,CUST020
1419,2020-01-23,6000,3771.43,EUR,CUST005
1420,2025-04-06,7000,4984.2,EUR,CUST016
1421,2025-02-20,6000,1152.25,EUR,CUST015
1422,2021-03-10,7000,1655.16,EUR,CUST017
1423,2025-08-12,7000,3541.96,EUR,CUST010
1424,2025-09-18,7000,664.15,EUR,CUST014
1425,2020-11-03,6000,1764.68,EUR,CUST019
1426,2024-06-28,7000,767.21,EUR,CUST002
1427,2024-10-26,6000,313.28,EUR,CUST015
1428,2024-01-04,6000,4947.3,EUR,CUST003
1429,2024-07-18,7000,3576.14,EUR,CUST018
1430,2024-09-29,7000,4298.32,EUR,CUST018
1431,2019-11-10,7000,740.94,EUR,CUST001
1432,2021-05-30,6000,3273.25,EUR,CUST010
1433,2023-02-27,7000,4499.3,EUR,CUST007
1434,2025-08-18,7000,435.98,EUR,CUST019
1435,2022-06-24,7000,997.76,EUR,CUST019
1436,2020-03-21,7000,4328.45,EUR,CUST016
1437,2024-08-18,7000,1506.5,EUR,CUST003
1438,2020-09-04,7000,746.87,EUR,CUST011
1439,2023-03-12,6000,2957.53,EUR,CUST003
1440,2023-11-05,7000,274.94,EUR,CUST017
1441,2024-12-30,6000,3321.08,EUR,CUST018
1442,2023-02-26,7000,1217.5,EUR,CUST008
1443,2024-03-10,7000,3422.32,EUR,CUST006
1444,2020-06-15,6000,1729.31,EUR,CUST006
1445,2025-06-21,7000,2847.22,EUR,CUST014
1446,2024-09-26,7000,2803.74,EUR,CUST009
1447,2020-05-19,7000,1258.01,EUR,CUST020
1448,2021-05-31,6000,1797.73,EUR,CUST011
1449,2023-07-01,7000,4424.69,EUR,CUST002
1450,2024-05-26,6000,3019.34,EUR,CUST005
1451,2023-12-03,7000,4440.87,EUR,CUST001
1452,2022-01-24,7000,3171.62,EUR,CUST014
1453,2021-10-08,7000,991.99,EUR,CUST020
1454,2022-04-15,6000,4094.56,EUR,CUST011
1455,2022-01-30,6000,3335.24,EUR,CUST018
1456,2025-03-30,7000,179.74,EUR,CUST012
1457,2024-08-05,7000,3559.29,EUR,CUST013
1458,2021-07-04,6000,2955.07,EUR,CUST002
1459,2023-03-01,6000,110.42,EUR,CUST006
1460,2025-08-26,7000,2872.93,EUR,CUST002
1461,2020-12-11,7000,1514.9,EUR,CUST001
1462,2020-11-07,7000,4025.16,EUR,CUST006
1463,2024-04-29,6000,1965.49,EUR,CUST010
1464,2023-01-16,6000,3676.93,EUR,CUST017
1465,2022-01-25,7000,957.74,EUR,CUST019
1466,2024-11-08,6000,3607.96,EUR,CUST016
1467,2023-03-27,6000,734.75,EUR,CUST012
1468,2025-07-03,7000,4932.41,EUR,CUST015
1469,2024-06-24,6000,4886.38,EUR,CUST005
1470,2024-01-10,6000,2885.72,EUR,CUST015
1471,2025-05-10,7000,2973.46,EUR,CUST018
1472,2025-04-15,7000,1056.72,EUR,CUST012
1473,2021-03-27,6000,4994.1,EUR,CUST011
1474,2020-11-01,7000,1530.76,EUR,CUST008
1475,2022-05-28,7000,3325.66,EUR,CUST007
1476,2021-03-19,6000,4060.56,EUR,CUST015
1477,2020-05-07,6000,3088.41,EUR,CUST012
1478,2022-01-05,6000,2798.47,EUR,CUST006
1479,2024-05-09,6000,1000.31,EUR,CUST019
1480,2025-05-07,6000,763.71,EUR,CUST017
1481,2025-06-27,7000,394.28,EUR,CUST010
1482,2022-08-25,6000,1703.35,EUR,CUST018
1483,2023-12-17,7000,2724.15,EUR,CUST004
1484,2022-12-26,6000,1213.68,EUR,CUST014
1485,2022-12-15,6000,4746.88,EUR,CUST014
1486,2022-01-19,7000,724.06,EUR,CUST011
1487,2021-06-14,6000,2198.58,EUR,CUST004
1488,2021-10-18,6000,3021.12,EUR,CUST007
1489,2023-06-01,7000,1379.86,EUR,CUST002
1490,2025-01-18,6000,2169.36,EUR,CUST016
1491,2019-10-11,7000,1147.58,EUR,CUST014
1492,2020-08-21,6000,3902.77,EUR,CUST008
1493,2021-09-10,7000,1636.39,EUR,CUST009
1494,2022-12-13,6000,2034.86,EUR,CUST009
1495,2022-03-20,7000,362.44,EUR,CUST010
1496,2020-04-13,6000,4084.93,EUR,CUST003
1497,2024-05-19,7000,4301.65,EUR,CUST006
1498,2025-09-14,6000,692.07,EUR,CUST018
1499,2019-11-29,7000,3416.29,EUR,CUST002
1500,2021-09-06,7000,4937.16,EUR,CUST005
1501,2021-10-28,6000,4647.12,EUR,CUST010
1502,2023-07-05,7000,2466.35,EUR,CUST007
1503,2021-01-15,7000,3597.91,EUR,CUST013
1504,2021-06-27,7000,4284.92,EUR,CUST020
1505,2022-05-14,7000,3257.89,EUR,CUST003
1506,2020-03-06,6000,184.14,EUR,CUST010
1507,2025-07-15,6000,4437.84,EUR,CUST010
1508,2019-10-20,6000,4943.05,EUR,CUST002
1509,2023-02-16,6000,3996.47,EUR,CUST010
1510,2021-01-30,7000,4729.83,EUR,CUST006
1511,2021-04-10,7000,1110.74,EUR,CUST016
1512,2025-09-26,7000,1162.68,EUR,CUST004
1513,2020-09-28,7000,2832.09,EUR,CUST007
1514,2022-07-26,7000,3419.51,EUR,CUST002
1515,2020-10-31,7000,312.26,EUR,CUST012
1516,2025-09-14,7000,3190.21,EUR,CUST014
1517,2021-07-25,6000,745.63,EUR,CUST020
1518,2023-11-12,6000,4177.26,EUR,CUST017
1519,2025-05-20,6000,4252.82,EUR,CUST007
1520,2023-04-17,6000,2991.99,EUR,CUST008
1521,2020-03-27,6000,164.45,EUR,CUST010
1522,2021-09-27,7000,538.8,EUR,CUST010
1523,2022-05-30,7000,4935.32,EUR,CUST015
1524,2025-03-25,6000,4412.28,EUR,CUST015
1525,2023-03-29,6000,409.56,EUR,CUST001
1526,2021-05-15,6000,2053.24,EUR,CUST014
1527,2021-06-17,6000,4977.88,EUR,CUST007
1528,2019-12-24,7000,3256.63,EUR,CUST010
1529,2023-05-06,6000,2014.29,EUR,CUST009
1530,2025-07-22,7000,2710.72,EUR,CUST006
1531,2020-04-03,6000,3813.46,EUR,CUST003
1532,2021-05-30,6000,4071.28,EUR,CUST020
1533,2021-09-30,7000,2702.84,EUR,CUST007
1534,2024-09-07,6000,1372.39,EUR,CUST020
1535,2022-04-10,6000,4281.91,EUR,CUST012
1536,2022-10-17,7000,2765.13,EUR,CUST003
1537,2019-12-22,7000,3374.53,EUR,CUST020
1538,2020-12-19,6000,1573.07,EUR,CUST003
1539,2024-06-03,7000,4056.12,EUR,CUST005
1540,2021-10-08,6000,1115.96,EUR,CUST016
1541,2020-11-03,7000,1668.93,EUR,CUST014
1542,2023-12-26,6000,1700.24,EUR,CUST011
1543,2020-12-07,6000,2768.51,EUR,CUST001
1544,2024-10-21,6000,2836.58,EUR,CUST001
1545,2024-12-17,6000,3771.29,EUR,CUST010
1546,2023-10-19,7000,752.1,EUR,CUST008
1547,2020-06-16,7000,1534.74,EUR,CUST007
1548,2022-06-28,6000,664.63,EUR,CUST011
1549,2024-06-22,7000,1449.63,EUR,CUST017
1550,2020-03-06,7000,4908.52,EUR,CUST007
1551,2020-03-11,6000,2943.84,EUR,CUST001
1552,2019-11-11,7000,700.94,EUR,CUST003
1553,2024-10-28,7000,2636.9,EUR,CUST017
1554,2023-03-24,7000,2866.07,EUR,CUST001
1555,2021-10-28,7000,4594.93,EUR,CUST009
1556,2022-09-22,6000,2348.41,EUR,CUST002
1557,2025-09-21,7000,1120.39,EUR,CUST011
1558,2020-09-27,6000,4727.54,EUR,CUST011
1559,2021-08-13,6000,1425.98,EUR,CUST004
1560,2022-07-08,7000,4499.15,EUR,CUST013
1561,2019-10-19,6000,4607.8,EUR,CUST013
1562,2025-07-17,7000,1320.86,EUR,CUST003
1563,2020-02-19,6000,2767.54,EUR,CUST011
1564,2024-03-19,6000,3484.73,EUR,CUST013
1565,2024-08-20,6000,3155.79,EUR,CUST007
1566,2024-04-12,7000,443.43,EUR,CUST017
1567,2024-02-25,7000,153.39,EUR,CUST006
1568,2024-04-28,7000,1796.55,EUR,CUST015
1569,2020-11-23,7000,3371.02,EUR,CUST002
1570,2021-01-25,6000,2013.08,EUR,CUST015
1571,2020-01-16,6000,1964.03,EUR,CUST020
1572,2023-09-06,6000,3212.23,EUR,CUST001
1573,2024-02-22,6000,1561.59,EUR,CUST002
1574,2021-04-17,7000,2144.99,EUR,CUST020
1575,2019-10-12,7000,3580.21,EUR,CUST012
1576,2021-05-30,6000,2826.78,EUR,CUST002
1577,2020-05-21,7000,2500.62,EUR,CUST019
1578,2025-08-07,7000,4368.21,EUR,CUST012
1579,2022-05-14,7000,1843.78,EUR,CUST019
1580,2024-10-13,7000,2847.23,EUR,CUST018
1581,2019-10-23,6000,775.8,EUR,CUST015
1582,2024-06-10,6000,993.99,EUR,CUST011
1583,2023-06-29,7000,2191.79,EUR,CUST010
1584,2020-01-23,6000,2461.42,EUR,CUST016
1585,2022-02-08,6000,2986.14,EUR,CUST003
1586,2025-02-09,7000,2681.97,EUR,CUST019
1587,2020-05-07,6000,813.26,EUR,CUST006
1588,2020-10-10,6000,1381.64,EUR,CUST017
1589,2024-03-24,6000,1482.68,EUR,CUST019
1590,2020-10-16,7000,1453.14,EUR,CUST017
1591,2025-06-08,6000,867.38,EUR,CUST020
1592,2021-04-27,7000,2288.5,EUR,CUST009
1593,2025-04-04,6000,2640.47,EUR,CUST002
1594,2022-06-16,7000,1674.44,EUR,CUST003
1595,2023-05-03,7000,4590.98,EUR,CUST003
1596,2023-02-27,6000,1994.27,EUR,CUST007
1597,2024-09-16,7000,1974.69,EUR,CUST013
1598,2022-07-24,7000,270.35,EUR,CUST012
1599,2020-06-22,7000,337.18,EUR,CUST009
1600,2025-01-28,6000,4678.93,EUR,CUST009
1601,2022-06-18,7000,2138.22,EUR,CUST010
1602,2020-03-19,7000,1459.46,EUR,CUST008
1603,2023-07-15,6000,2649.43,EUR,CUST005
1604,2021-12-19,6000,163.72,EUR,CUST020
1605,2021-09-27,6000,2917.65,EUR,CUST016
1606,2019-10-23,7000,581.2,EUR,CUST016
1607,2022-01-06,7000,4200.27,EUR,CUST002
1608,2020-03-11,7000,319.37,EUR,CUST020
1609,2022-12-01,6000,128.64,EUR,CUST020
1610,2021-06-02,6000,1724.77,EUR,CUST004
1611,2019-11-26,7000,3639.03,EUR,CUST007
1612,2022-01-26,7000,1250.88,EUR,CUST003
1613,2025-08-26,6000,865.78,EUR,CUST018
1614,2023-06-26,6000,917.0,EUR,CUST004
1615,2022-10-01,6000,2466.4,EUR,CUST006
1616,2021-10-03,6000,1941.89,EUR,CUST001
1617,2025-06-24,6000,1533.38,EUR,CUST007
1618,2024-06-25,7000,4612.08,EUR,CUST001
1619,2020-09-18,6000,4904.97,EUR,CUST013
1620,2021-06-20,6000,1178.93,EUR,CUST007
1621,2020-01-30,6000,578.69,EUR,CUST013
1622,2024-11-12,7000,3379.6,EUR,CUST003
1623,2020-03-02,7000,1922.27,EUR,CUST012
1624,2021-07-27,7000,4033.82,EUR,CUST002
1625,2020-01-05,6000,866.4,EUR,CUST015
1626,2023-01-09,6000,3244.66,EUR,CUST007
1627,2024-05-13,6000,4993.4,EUR,CUST003
1628,2019-11-04,6000,2172.75,EUR,CUST016
1629,2025-05-22,6000,4191.53,EUR,CUST014
1630,2024-06-07,6000,1969.38,EUR,CUST002
1631,2023-10-26,7000,2843.17,EUR,CUST010
1632,2024-05-31,7000,1532.05,EUR,CUST006
1633,2021-01-24,7000,1613.54,EUR,CUST016
1634,2024-10-13,7000,3524.01,EUR,CUST002
1635,2025-06-27,7000,4523.28,EUR,CUST006
1636,2024-08-24,7000,4179.17,EUR,CUST018
1637,2019-12-18,6000,1953.23,EUR,CUST005
1638,2020-06-23,7000,563.21,EUR,CUST003
1639,2023-01-15,6000,194.0,EUR,CUST019
1640,2023-07-24,7000,4966.53,EUR,CUST016
1641,2024-07-03,6000,2195.45,EUR,CUST018
1642,2020-03-07,7000,1568.4,EUR,CUST010
1643,2023-04-08,7000,743.78,EUR,CUST002
1644,2025-09-06,6000,3410.24,EUR,CUST015
1645,2024-02-05,7000,3805.45,EUR,CUST002
1646,2021-02-15,7000,4271.05,EUR,CUST017
1647,2020-04-09,7000,4206.43,EUR,CUST005
1648,2024-03-04,6000,1000.41,EUR,CUST012
1649,2024-08-06,6000,1901.47,EUR,CUST017
1650,2023-05-06,6000,2590.49,EUR,CUST008
1651,2022-09-09,7000,3154.12,EUR,CUST002
1652,2024-01-16,6000,4523.45,EUR,CUST017
1653,2024-04-25,7000,4273.8,EUR,CUST002
1654,2024-01-06,6000,642.86,EUR,CUST007
1655,2025-06-25,6000,1791.51,EUR,CUST002
1656,2024-10-15,6000,469.46,EUR,CUST011
1657,2024-04-22,6000,184.25,EUR,CUST001
1658,2019-11-14,6000,464.35,EUR,CUST013
1659,2021-09-22,7000,4147.04,EUR,CUST017
1660,2022-01-13,7000,4374.71,EUR,CUST003
1661,2025-01-21,6000,4314.53,EUR,CUST017
1662,2023-07-04,6000,1503.11,EUR,CUST003
1663,2021-08-09,6000,4674.42,EUR,CUST020
1664,2020-11-25,7000,3333.35,EUR,CUST019
1665,2021-08-02,7000,1647.09,EUR,CUST011
1666,2019-11-11,6000,1604.56,EUR,CUST002
1667,2020-12-17,6000,3689.53,EUR,CUST015
1668,2024-06-28,6000,4361.85,EUR,CUST016
1669,2023-10-09,6000,382.41,EUR,CUST018
1670,2024-05-29,7000,2880.56,EUR,CUST020
1671,2025-03-04,7000,582.36,EUR,CUST014
1672,2025-05-13,6000,4101.13,EUR,CUST003
1673,2020-05-11,6000,906.27,EUR,CUST002
1674,2020-12-18,7000,387.25,EUR,CUST005
1675,2021-01-25,6000,379.68,EUR,CUST004
1676,2024-05-12,6000,3502.88,EUR,CUST007
1677,2020-01-31,6000,761.43,EUR,CUST004
1678,2020-09-18,7000,1465.07,EUR,CUST009
1679,2024-10-19,7000,588.11,EUR,CUST007
1680,2020-04-27,7000,1895.53,EUR,CUST006
1681,2020-01-09,6000,2983.16,EUR,CUST019
1682,2025-05-12,7000,1135.59,EUR,CUST013
1683,2024-08-12,7000,900.84,EUR,CUST016
1684,2021-02-04,7000,4781.28,EUR,CUST007
1685,2021-02-07,6000,1453.36,EUR,CUST019
1686,2020-06-20,7000,2692.47,EUR,CUST009
1687,2020-04-16,7000,313.75,EUR,CUST010
1688,2021-09-09,7000,3368.11,EUR,CUST002
1689,2020-06-17,7000,3337.38,EUR,CUST009
1690,2022-12-16,7000,375.39,EUR,CUST018
1691,2021-06-10,7000,4472.26,EUR,CUST013
1692,2020-06-17,7000,403.55,EUR,CUST019
1693,2021-09-30,7000,1635.35,EUR,CUST018
1694,2024-11-11,7000,441.41,EUR,CUST006
1695,2023-03-26,6000,2111.67,EUR,CUST020
1696,2024-07-23,6000,2864.74,EUR,CUST007
1697,2022-05-25,7000,3302.68,EUR,CUST005
1698,2023-01-08,7000,613.11,EUR,CUST001
1699,2021-01-09,6000,3123.15,EUR,CUST002
1700,2024-12-18,7000,4840.51,EUR,CUST008
1701,2023-07-18,6000,3706.42,EUR,CUST014
1702,2021-06-30,6000,4789.98,EUR,CUST011
1703,2025-09-23,6000,2198.09,EUR,CUST013
1704,2025-06-25,7000,110.15,EUR,CUST020
1705,2020-05-28,6000,579.44,EUR,CUST020
1706,2024-07-20,7000,4454.27,EUR,CUST005
1707,2025-07-26,7000,4718.24,EUR,CUST013
1708,2021-12-17,6000,1050.21,EUR,CUST006
1709,2021-01-11,7000,2982.64,EUR,CUST011
1710,2023-08-10,7000,4894.08,EUR,CUST017
1711,2023-10-03,7000,4707.94,EUR,CUST005
1712,2022-12-17,7000,2622.34,EUR,CUST015
1713,2025-05-20,7000,3030.61,EUR,CUST010
1714,2021-06-27,7000,4039.98,EUR,CUST016
1715,2020-08-27,6000,2914.17,EUR,CUST004
1716,2021-06-02,6000,2317.54,EUR,CUST014
1717,2022-08-22,6000,2887.73,EUR,CUST002
1718,2025-02-28,6000,2657.45,EUR,CUST010
1719,2020-02-22,6000,707.44,EUR,CUST006
1720,2024-10-07,6000,3222.75,EUR,CUST004
1721,2023-03-09,7000,223.11,EUR,CUST011
1722,2025-09-04,6000,4598.83,EUR,CUST007
1723,2025-04-22,7000,1002.11,EUR,CUST006
1724,2021-02-16,7000,4844.64,EUR,CUST013
1725,2025-01-01,6000,4088.42,EUR,CUST001
1726,2023-08-30,7000,143.0,EUR,CUST020
1727,2021-10-22,7000,431.98,EUR,CUST008
1728,2021-04-23,6000,3682.27,EUR,CUST012
1729,2024-10-17,7000,1618.49,EUR,CUST014
1730,2025-09-27,7000,1581.82,EUR,CUST001
1731,2020-07-16,7000,4170.47,EUR,CUST004
1732,2022-11-12,6000,1452.49,EUR,CUST015
1733,2023-09-14,6000,988.65,EUR,CUST013
1734,2020-05-14,7000,1850.55,EUR,CUST009
1735,2024-04-18,6000,4070.26,EUR,CUST017
1736,2023-03-02,6000,1851.04,EUR,CUST006
1737,2025-05-09,6000,1528.15,EUR,CUST011
1738,2021-01-11,7000,3480.33,EUR,CUST005
1739,2022-06-25,6000,4641.05,EUR,CUST006
1740,2022-01-14,7000,579.73,EUR,CUST007
1741,2025-03-31,6000,4005.1,EUR,CUST010
1742,2022-05-09,6000,742.91,EUR,CUST017
1743,2025-02-24,6000,779.7,EUR,CUST006
1744,2021-12-08,7000,2042.92,EUR,CUST008
1745,2023-07-18,7000,1205.51,EUR,CUST014
1746,2025-02-15,6000,4264.91,EUR,CUST013
1747,2022-06-04,7000,1818.95,EUR,CUST007
1748,2024-03-28,6000,1441.26,EUR,CUST009
1749,2024-06-07,6000,3867.29,EUR,CUST004
1750,2021-02-24,6000,3053.77,EUR,CUST018
1751,2021-02-14,6000,3217.99,EUR,CUST001
1752,2025-07-04,6000,1972.84,EUR,CUST013
1753,2022-01-10,6000,304.62,EUR,CUST020
1754,2025-09-10,6000,3812.51,EUR,CUST018
1755,2024-04-23,7000,4155.62,EUR,CUST010
1756,2025-04-28,6000,3561.32,EUR,CUST005
1757,2024-06-22,6000,4799.91,EUR,CUST015
1758,2024-02-05,6000,1869.57,EUR,CUST011
1759,2021-09-22,7000,677.95,EUR,CUST011
1760,2025-02-17,6000,2955.5,EUR,CUST008
1761,2024-03-06,7000,2862.82,EUR,CUST001
1762,2025-07-05,7000,4121.07,EUR,CUST009
1763,2024-07-20,7000,2808.67,EUR,CUST013
1764,2021-01-29,6000,1426.04,EUR,CUST018
1765,2020-04-24,7000,2765.57,EUR,CUST019
1766,2024-09-08,6000,1885.35,EUR,CUST002
1767,2024-11-02,6000,4256.8,EUR,CUST001
1768,2022-06-02,7000,3664.09,EUR,CUST014
1769,2019-11-26,6000,1969.86,EUR,CUST009
1770,2022-12-25,6000,3777.57,EUR,CUST019
1771,2023-03-15,6000,4175.13,EUR,CUST018
1772,2021-01-21,6000,4937.34,EUR,CUST004
1773,2024-12-12,6000,1102.66,EUR,CUST020
1774,2023-04-03,7000,1418.72,EUR,CUST017
1775,2022-11-12,6000,3239.66,EUR,CUST007
1776,2024-03-08,6000,3020.18,EUR,CUST010
1777,2024-05-05,7000,1622.16,EUR,CUST006
1778,2020-11-13,7000,4102.13,EUR,CUST017
1779,2019-11-20,6000,4625.57,EUR,CUST014
1780,2023-06-10,7000,3954.27,EUR,CUST003
1781,2021-11-03,7000,3671.33,EUR,CUST016
1782,2023-04-22,7000,2506.46,EUR,CUST010
1783,2025-03-04,6000,1751.27,EUR,CUST009
1784,2025-04-19,6000,4162.39,EUR,CUST008
1785,2023-11-15,6000,3713.16,EUR,CUST006
1786,2023-08-30,6000,786.94,EUR,CUST003
1787,2025-06-09,6000,4759.02,EUR,CUST016
1788,2022-10-24,6000,3192.35,EUR,CUST019
1789,2021-02-04,7000,3755.88,EUR,CUST019
1790,2022-07-23,7000,1722.89,EUR,CUST005
1791,2019-12-25,6000,4825.72,EUR,CUST003
1792,2021-09-13,7000,3179.07,EUR,CUST004
1793,2021-03-28,7000,3785.61,EUR,CUST014
1794,2021-02-02,7000,1344.7,EUR,CUST002
1795,2025-04-21,6000,1220.97,EUR,CUST007
1796,2022-02-09,7000,3651.79,EUR,CUST019
1797,2022-12-29,7000,859.69,EUR,CUST013
1798,2022-02-22,7000,4889.2,EUR,CUST019
1799,2023-09-04,6000,1943.52,EUR,CUST019
1800,2021-09-07,7000,631.37,EUR,CUST011
1801,2021-03-01,7000,2422.85,EUR,CUST013
1802,2022-06-23,6000,3103.21,EUR,CUST016
1803,2024-03-27,6000,4734.9,EUR,CUST015
1804,2023-12-29,7000,1818.25,EUR,CUST010
1805,2021-01-24,6000,3005.15,EUR,CUST009
1806,2023-11-16,7000,3650.12,EUR,CUST001
1807,2023-08-27,6000,4509.03,EUR,CUST004
1808,2023-06-28,7000,864.29,EUR,CUST018
1809,2023-09-22,7000,126.76,EUR,CUST007
1810,2022-08-19,6000,1259.63,EUR,CUST009
1811,2025-01-02,6000,4317.54,EUR,CUST015
1812,2020-11-17,7000,2592.13,EUR,CUST004
1813,2021-09-26,7000,4464.31,EUR,CUST001
1814,2023-07-09,7000,4609.68,EUR,CUST003
1815,2020-08-18,6000,1823.44,EUR,CUST009
1816,2021-01-03,7000,1028.19,EUR,CUST009
1817,2020-09-22,7000,2053.41,EUR,CUST001
1818,2021-04-25,6000,3530.22,EUR,CUST012
1819,2022-07-30,6000,4901.72,EUR,CUST006
1820,2020-06-12,6000,677.22,EUR,CUST001
1821,2022-11-20,7000,1926.53,EUR,CUST013
1822,2022-02-09,7000,819.8,EUR,CUST004
1823,2024-02-05,7000,3389.74,EUR,CUST010
1824,2022-06-25,6000,2388.94,EUR,CUST007
1825,2022-03-17,7000,2431.43,EUR,CUST014
1826,2022-03-03,7000,1042.54,EUR,CUST013
1827,2023-02-21,6000,2169.71,EUR,CUST013
1828,2020-05-05,7000,2461.82,EUR,CUST020
1829,2020-12-26,7000,1023.64,EUR,CUST007
1830,2022-01-04,7000,4340.92,EUR,CUST003
1831,2024-03-16,6000,3915.28,EUR,CUST006
1832,2021-07-23,6000,2231.09,EUR,CUST018
1833,2020-03-11,7000,2458.57,EUR,CUST016
1834,2024-07-02,6000,2672.84,EUR,CUST014
1835,2023-08-19,6000,191.68,EUR,CUST012
1836,2022-05-30,7000,3578.93,EUR,CUST001
1837,2019-10-27,7000,3932.94,EUR,CUST009
1838,2024-10-10,6000,2782.25,EUR,CUST009
1839,2020-03-29,7000,3284.87,EUR,CUST018
1840,2020-02-07,7000,2797.83,EUR,CUST012
1841,2023-01-12,6000,3426.86,EUR,CUST014
1842,2020-11-09,6000,1520.9,EUR,CUST008
1843,2020-06-04,6000,2920.65,EUR,CUST002
1844,2025-04-06,7000,2720.4,EUR,CUST011
1845,2024-02-20,7000,4922.27,EUR,CUST016
1846,2025-07-13,7000,1765.02,EUR,CUST004
1847,2019-11-10,6000,4103.53,EUR,CUST002
1848,2023-02-26,7000,3754.03,EUR,CUST001
1849,2020-12-01,7000,2194.38,EUR,CUST001
1850,2023-06-10,7000,4783.1,EUR,CUST007
1851,2022-10-08,7000,705.51,EUR,CUST015
1852,2024-01-04,6000,131.32,EUR,CUST015
1853,2020-05-17,7000,1302.25,EUR,CUST013
1854,2024-07-13,6000,2474.15,EUR,CUST010
1855,2025-02-21,6000,4878.76,EUR,CUST012
1856,2022-08-31,6000,3088.85,EUR,CUST015
1857,2019-10-01,7000,1219.68,EUR,CUST017
1858,2019-11-01,6000,3295.1,EUR,CUST013
1859,2023-05-13,6000,2454.74,EUR,CUST009
1860,2023-10-07,6000,257.4,EUR,CUST004
1861,2022-03-17,7000,2930.19,EUR,CUST013
1862,2025-07-04,7000,4660.21,EUR,CUST010
1863,2025-03-26,7000,3865.01,EUR,CUST019
1864,2024-12-06,7000,4528.82,EUR,CUST017
1865,2019-10-01,6000,1340.75,EUR,CUST012
1866,2024-07-02,6000,3646.06,EUR,CUST007
1867,2025-07-28,6000,3935.03,EUR,CUST009
1868,2024-05-17,7000,154.65,EUR,CUST008
1869,2024-01-09,6000,4859.74,EUR,CUST004
1870,2023-12-08,6000,899.85,EUR,CUST007
1871,2024-06-24,7000,4542.8,EUR,CUST009
1872,2021-01-06,6000,4722.33,EUR,CUST019
1873,2024-10-06,6000,4799.91,EUR,CUST008
1874,2023-08-26,6000,1584.61,EUR,CUST009
1875,2023-03-08,7000,4322.03,EUR,CUST009
1876,2019-11-04,7000,1132.7,EUR,CUST016
1877,2024-04-25,7000,287.25,EUR,CUST008
1878,2020-03-28,6000,2548.48,EUR,CUST004
1879,2023-04-04,6000,1441.91,EUR,CUST017
1880,2024-02-27,7000,1842.9,EUR,CUST018
1881,2021-02-02,6000,368.28,EUR,CUST016
1882,2024-11-06,7000,1713.92,EUR,CUST015
1883,2020-11-15,6000,3246.03,EUR,CUST018
1884,2020-04-18,6000,4315.8,EUR,CUST012
1885,2022-01-14,6000,1987.19,EUR,CUST003
1886,2024-02-26,6000,3670.51,EUR,CUST011
1887,2024-03-29,7000,234.39,EUR,CUST001
1888,2024-06-14,6000,1410.31,EUR,CUST009
1889,2020-07-14,7000,823.25,EUR,CUST017
1890,2022-10-09,6000,320.1,EUR,CUST020
1891,2023-05-20,6000,1328.88,EUR,CUST011
1892,2025-08-09,6000,4449.39,EUR,CUST013
1893,2023-02-11,7000,1717.2,EUR,CUST008
1894,2020-01-05,6000,4294.4,EUR,CUST011
1895,2022-04-16,6000,834.94,EUR,CUST018
1896,2025-08-27,7000,2057.29,EUR,CUST010
1897,2022-05-23,7000,1326.46,EUR,CUST015
1898,2022-09-20,6000,1346.83,EUR,CUST001
1899,2020-09-19,6000,3365.84,EUR,CUST013
1900,2019-11-05,6000,4109.45,EUR,CUST002
1901,2020-11-08,6000,3078.87,EUR,CUST010
1902,2020-01-24,7000,642.22,EUR,CUST013
1903,2025-03-15,6000,1043.55,EUR,CUST001
1904,2023-11-16,7000,2219.43,EUR,CUST007
1905,2023-02-09,7000,889.47,EUR,CUST007
1906,2021-11-02,7000,1863.89,EUR,CUST010
1907,2020-08-04,7000,743.72,EUR,CUST004
1908,2024-11-27,6000,3540.93,EUR,CUST009
1909,2025-04-26,7000,270.24,EUR,CUST005
1910,2023-01-06,7000,1057.79,EUR,CUST009
1911,2020-11-14,6000,4812.16,EUR,CUST017
1912,2024-12-16,6000,3688.57,EUR,CUST014
1913,2019-11-05,7000,3002.14,EUR,CUST015
1914,2024-11-30,6000,317.08,EUR,CUST019
1915,2020-08-23,6000,2813.14,EUR,CUST009
1916,2021-08-26,7000,1270.83,EUR,CUST020
1917,2023-07-28,6000,4273.01,EUR,CUST013
1918,2024-08-12,6000,1853.6,EUR,CUST004
1919,2021-07-08,7000,582.89,EUR,CUST009
1920,2021-04-10,7000,2901.22,EUR,CUST011
1921,2025-04-05,7000,3384.49,EUR,CUST008
1922,2021-05-12,6000,557.38,EUR,CUST005
1923,2019-10-07,7000,2690.07,EUR,CUST015
1924,2022-09-11,6000,236.96,EUR,CUST017
1925,2020-02-25,7000,4766.7,EUR,CUST017
1926,2025-09-09,7000,3044.98,EUR,CUST005
1927,2020-08-17,7000,857.44,EUR,CUST018
1928,2025-07-20,6000,733.1,EUR,CUST018
1929,2023-07-21,7000,2418.01,EUR,CUST011
1930,2022-02-05,7000,2414.84,EUR,CUST019
1931,2020-10-13,6000,146.94,EUR,CUST010
1932,2023-04-27,7000,3711.18,EUR,CUST006
1933,2019-11-23,7000,3757.89,EUR,CUST012
1934,2024-01-06,6000,292.55,EUR,CUST004
1935,2025-09-27,7000,1596.8,EUR,CUST015
1936,2024-04-17,6000,1967.84,EUR,CUST015
1937,2024-02-22,6000,140.92,EUR,CUST005
1938,2023-10-09,6000,2461.14,EUR,CUST012
1939,2021-05-21,7000,2706.97,EUR,CUST003
1940,2025-05-25,7000,4684.71,EUR,CUST012
1941,2022-07-25,6000,4592.71,EUR,CUST005
1942,2022-08-12,7000,874.97,EUR,CUST014
1943,2023-03-19,6000,3274.8,EUR,CUST004
1944,2024-07-24,6000,230.49,EUR,CUST018
1945,2022-08-04,7000,2558.28,EUR,CUST015
1946,2025-08-06,6000,501.67,EUR,CUST008
1947,2025-02-03,7000,2417.63,EUR,CUST014
1948,2025-01-18,7000,3088.5,EUR,CUST014
1949,2022-06-29,6000,2356.33,EUR,CUST018
1950,2024-03-10,6000,4482.73,EUR,CUST017
1951,2021-08-28,7000,4264.51,EUR,CUST017
1952,2020-01-06,7000,4277.87,EUR,CUST014
1953,2020-10-09,7000,2327.73,EUR,CUST012
1954,2024-06-28,7000,4669.27,EUR,CUST020
1955,2024-11-30,6000,615.24,EUR,CUST004
1956,2022-11-02,6000,2714.43,EUR,CUST020
1957,2020-02-14,7000,1133.02,EUR,CUST004
1958,2022-07-07,7000,2691.45,EUR,CUST012
1959,2024-08-16,7000,2918.82,EUR,CUST020
1960,2020-08-23,7000,4137.93,EUR,CUST016
1961,2021-01-30,7000,3189.98,EUR,CUST013
1962,2023-12-18,6000,698.11,EUR,CUST013
1963,2022-05-26,7000,577.71,EUR,CUST013
1964,2020-06-10,7000,3745.03,EUR,CUST005
1965,2023-03-05,7000,3309.05,EUR,CUST013
1966,2022-03-07,6000,1855.22,EUR,CUST014
1967,2025-05-10,6000,3595.24,EUR,CUST010
1968,2023-08-19,7000,4960.84,EUR,CUST005
1969,2021-04-13,6000,1089.41,EUR,CUST010
1970,2021-01-09,6000,3879.44,EUR,CUST018
1971,2023-06-30,7000,477.29,EUR,CUST005
1972,2023-09-25,6000,966.46,EUR,CUST003
1973,2021-12-28,7000,4652.96,EUR,CUST005
1974,2023-10-10,7000,2203.12,EUR,CUST014
1975,2019-10-13,6000,4974.98,EUR,CUST001
1976,2025-01-30,7000,4141.01,EUR,CUST004
1977,2021-02-24,6000,285.11,EUR,CUST019
1978,2022-06-09,6000,3923.5,EUR,CUST003
1979,2024-12-24,7000,2273.48,EUR,CUST002
1980,2019-10-30,6000,3625.81,EUR,CUST008
1981,2020-01-22,7000,1274.5,EUR,CUST003
1982,2020-10-02,6000,843.37,EUR,CUST014
1983,2021-07-07,7000,904.02,EUR,CUST007
1984,2019-10-10,6000,3223.05,EUR,CUST016
1985,2025-05-14,6000,3466.05,EUR,CUST012
1986,2019-10-24,6000,3892.38,EUR,CUST020
1987,2022-03-27,7000,3836.15,EUR,CUST016
1988,2025-03-03,6000,2662.34,EUR,CUST017
1989,2025-03-25,6000,4208.67,EUR,CUST018
1990,2022-03-14,7000,4336.5,EUR,CUST020
1991,2023-03-14,6000,4984.21,EUR,CUST017
1992,2020-09-27,7000,4483.92,EUR,CUST008
1993,2022-12-20,6000,3904.22,EUR,CUST001
1994,2023-05-17,7000,2114.98,EUR,CUST001
1995,2021-09-28,6000,2158.08,EUR,CUST017
1996,2019-12-24,6000,3471.18,EUR,CUST009
1997,2022-05-06,6000,4246.13,EUR,CUST006
1998,2019-12-13,6000,980.18,EUR,CUST002
1999,2022-05-09,6000,509.93,EUR,CUST012
2000,2022-03-19,7000,2079.29,EUR,CUST013
2001,2019-12-08,6000,4837.74,EUR,CUST008
2002,2020-08-14,6000,452.85,EUR,CUST015
2003,2024-09-01,6000,3522.99,EUR,CUST016
2004,2020-01-27,6000,1999.46,EUR,CUST019
2005,2024-02-09,7000,1714.3,EUR,CUST020
2006,2021-12-24,7000,863.29,EUR,CUST012
2007,2022-07-02,6000,2453.29,EUR,CUST014
2008,2019-10-30,7000,444.57,EUR,CUST020
2009,2022-05-30,7000,2564.15,EUR,CUST006
2010,2023-04-07,6000,2948.73,EUR,CUST009
2011,2019-09-30,6000,1345.59,EUR,CUST008
2012,2022-07-12,7000,2883.36,EUR,CUST001
2013,2021-07-05,7000,2334.98,EUR,CUST020
2014,2024-06-10,6000,4220.22,EUR,CUST019
2015,2023-06-11,6000,2895.81,EUR,CUST018
2016,2021-04-04,6000,2800.55,EUR,CUST016
2017,2023-06-23,7000,382.86,EUR,CUST019
2018,2024-09-12,7000,3884.48,EUR,CUST015
2019,2025-06-05,7000,1840.34,EUR,CUST002
2020,2021-07-26,6000,715.85,EUR,CUST007
2021,2023-06-12,6000,274.73,EUR,CUST010
2022,2024-03-05,7000,4150.81,EUR,CUST015
2023,2024-09-17,6000,3881.55,EUR,CUST001
2024,2020-06-20,6000,4667.13,EUR,CUST008
2025,2024-11-16,6000,3237.13,EUR,CUST015
2026,2025-03-16,7000,936.08,EUR,CUST016
2027,2025-02-06,6000,4697.29,EUR,CUST012
2028,2023-08-22,6000,1132.84,EUR,CUST019
2029,2024-10-25,6000,3177.36,EUR,CUST008
2030,2019-10-02,7000,3658.36,EUR,CUST009
2031,2025-09-09,6000,2605.96,EUR,CUST019
2032,2023-01-06,7000,3635.53,EUR,CUST004
2033,2023-03-07,6000,2378.85,EUR,CUST007
2034,2020-05-17,6000,1417.59,EUR,CUST019
2035,2020-06-29,7000,2792.46,EUR,CUST018
2036,2020-05-07,6000,2468.05,EUR,CUST016
2037,2023-07-10,7000,946.92,EUR,CUST018
2038,2024-12-09,7000,3946.3,EUR,CUST007
2039,2025-03-16,6000,2939.7,EUR,CUST014
2040,2024-02-21,6000,1334.37,EUR,CUST015
2041,2023-03-05,6000,4876.77,EUR,CUST007
2042,2024-08-07,7000,2986.73,EUR,CUST020
2043,2023-02-19,7000,1377.24,EUR,CUST020
2044,2021-05-27,7000,1500.01,EUR,CUST018
2045,2024-03-01,7000,3443.4,EUR,CUST016
2046,2024-12-01,7000,2804.36,EUR,CUST020
2047,2024-07-13,6000,1025.57,EUR,CUST016
2048,2019-12-26,7000,295.29,EUR,CUST004
2049,2021-09-13,7000,2299.23,EUR,CUST016
2050,2024-01-24,7000,1725.94,EUR,CUST015
2051,2022-08-17,7000,3291.53,EUR,CUST009
2052,2021-09-25,7000,3162.34,EUR,CUST018
2053,2020-12-15,7000,1872.79,EUR,CUST008
2054,2025-01-03,7000,3560.3,EUR,CUST003
2055,2024-08-13,7000,1829.61,EUR,CUST010
2056,2022-04-04,6000,909.52,EUR,CUST003
2057,2023-10-30,7000,3583.95,EUR,CUST015
2058,2021-07-23,6000,241.69,EUR,CUST013
2059,2021-10-03,7000,3706.71,EUR,CUST009
2060,2025-01-19,6000,3500.41,EUR,CUST010
2061,2023-05-11,7000,1425.07,EUR,CUST011
2062,2025-03-17,7000,1580.56,EUR,CUST019
2063,2023-05-21,7000,3193.83,EUR,CUST012
2064,2024-04-17,6000,1990.19,EUR,CUST012
2065,2020-12-19,7000,4940.96,EUR,CUST019
2066,2024-02-06,7000,640.31,EUR,CUST012
2067,2020-11-28,7000,3902.91,EUR,CUST014
2068,2022-06-15,6000,905.91,EUR,CUST005
2069,2022-12-12,6000,3596.85,EUR,CUST019
2070,2024-12-16,7000,920.25,EUR,CUST015
2071,2023-06-03,6000,3414.03,EUR,CUST007
2072,2025-05-03,7000,2270.38,EUR,CUST005
2073,2021-07-08,7000,1960.11,EUR,CUST019
2074,2025-06-09,6000,4360.88,EUR,CUST010
2075,2024-03-04,7000,1257.45,EUR,CUST013
2076,2020-03-12,6000,1791.31,EUR,CUST011
2077,2019-10-25,7000,2109.78,EUR,CUST010
2078,2022-01-20,6000,289.51,EUR,CUST015
2079,2023-04-28,6000,549.57,EUR,CUST011
2080,2020-11-03,7000,2144.14,EUR,CUST018
2081,2021-03-01,7000,3487.35,EUR,CUST008
2082,2022-11-21,6000,935.61,EUR,CUST006
2083,2024-03-30,6000,1131.92,EUR,CUST012
2084,2020-03-15,7000,2668.67,EUR,CUST017
2085,2022-02-03,6000,1402.23,EUR,CUST019
2086,2020-06-21,6000,2730.4,EUR,CUST007
2087,2021-06-11,7000,3521.67,EUR,CUST014
2088,2019-12-18,7000,2830.12,EUR,CUST005
2089,2021-10-02,7000,1558.73,EUR,CUST020
2090,2023-04-29,7000,3967.45,EUR,CUST004
2091,2021-04-04,6000,1557.7,EUR,CUST003
2092,2024-07-19,6000,1792.31,EUR,CUST017
2093,2019-12-12,6000,3123.33,EUR,CUST019
2094,2019-12-16,6000,3061.1,EUR,CUST005
2095,2023-03-16,7000,2768.48,EUR,CUST010
2096,2020-11-23,7000,1967.68,EUR,CUST020
2097,2022-03-22,7000,2725.96,EUR,CUST008
2098,2023-02-04,7000,4641.48,EUR,CUST007
2099,2024-11-19,7000,3285.67,EUR,CUST003
2100,2021-10-24,6000,1378.45,EUR,CUST010
2101,2025-08-09,6000,1764.5,EUR,CUST005
2102,2022-07-28,6000,4618.9,EUR,CUST020
2103,2024-09-09,6000,4251.91,EUR,CUST014
2104,2023-12-27,6000,3357.31,EUR,CUST010
2105,2022-03-23,7000,2677.48,EUR,CUST016
2106,2023-05-24,7000,786.26,EUR,CUST011
2107,2023-11-07,6000,4599.15,EUR,CUST018
2108,2021-12-21,6000,3397.11,EUR,CUST014
2109,2020-11-06,6000,4297.39,EUR,CUST009
2110,2024-11-30,7000,1247.09,EUR,CUST014
2111,2023-10-29,7000,1461.76,EUR,CUST002
2112,2020-06-11,6000,3100.98,EUR,CUST006
2113,2020-10-05,6000,141.94,EUR,CUST011
2114,2022-08-02,7000,2142.06,EUR,CUST010
2115,2022-01-02,7000,2699.87,EUR,CUST005
2116,2023-11-29,7000,1672.98,EUR,CUST012
2117,2023-08-25,6000,3091.83,EUR,CUST008
2118,2023-11-11,7000,2825.87,EUR,CUST005
2119,2024-04-04,7000,2903.5,EUR,CUST003
2120,2020-03-28,7000,1018.89,EUR,CUST014
2121,2021-04-08,6000,4902.75,EUR,CUST010
2122,2021-04-12,6000,4943.54,EUR,CUST020
2123,2020-10-10,6000,2124.95,EUR,CUST010
2124,2025-09-10,6000,3353.31,EUR,CUST018
2125,2024-05-24,6000,4761.4,EUR,CUST016
2126,2019-10-20,7000,2185.47,EUR,CUST015
2127,2020-06-08,6000,578.6,EUR,CUST015
2128,2023-05-08,6000,673.2,EUR,CUST016
2129,2024-01-08,6000,4188.38,EUR,CUST019
2130,2022-12-02,7000,176.57,EUR,CUST005
2131,2024-09-09,6000,2613.06,EUR,CUST010
2132,2023-10-27,7000,1070.05,EUR,CUST003
2133,2020-01-26,6000,4568.84,EUR,CUST006
2134,2022-04-06,6000,2398.22,EUR,CUST012
2135,2024-01-14,7000,2396.17,EUR,CUST019
2136,2025-05-14,6000,3779.33,EUR,CUST019
2137,2024-12-08,7000,320.03,EUR,CUST007
2138,2020-11-03,6000,1346.45,EUR,CUST003
2139,2021-12-19,6000,4419.51,EUR,CUST003
2140,2022-10-14,7000,3957.87,EUR,CUST006
2141,2023-04-11,7000,2825.94,EUR,CUST010
2142,2024-10-06,7000,4055.7,EUR,CUST017
2143,2025-09-16,6000,888.06,EUR,CUST018
2144,2024-09-04,6000,1271.76,EUR,CUST017
2145,2023-04-02,7000,3666.64,EUR,CUST018
2146,2023-12-20,6000,4015.82,EUR,CUST005
2147,2025-02-24,6000,2233.84,EUR,CUST014
2148,2023-06-30,7000,3417.72,EUR,CUST009
2149,2019-11-25,7000,3023.22,EUR,CUST001
2150,2024-01-21,7000,2084.7,EUR,CUST007
2151,2025-09-25,7000,520.8,EUR,CUST009
2152,2020-10-28,6000,4541.43,EUR,CUST008
2153,2024-06-23,6000,613.62,EUR,CUST015
2154,2020-06-04,6000,3109.25,EUR,CUST013
2155,2022-06-04,6000,2989.67,EUR,CUST007
2156,2024-12-12,7000,4447.2,EUR,CUST007
2157,2021-05-01,7000,1513.08,EUR,CUST017
2158,2019-11-20,6000,3649.29,EUR,CUST011
2159,2021-12-18,7000,1882.77,EUR,CUST004
2160,2020-08-21,6000,2314.39,EUR,CUST014
2161,2023-11-28,6000,3603.03,EUR,CUST017
2162,2025-03-14,6000,2388.15,EUR,CUST009
2163,2023-10-03,7000,4787.12,EUR,CUST006
2164,2020-04-11,6000,1177.33,EUR,CUST019
2165,2022-04-06,6000,826.27,EUR,CUST018
2166,2023-02-10,6000,1571.09,EUR,CUST005
2167,2020-03-06,7000,329.36,EUR,CUST019
2168,2020-12-06,6000,764.97,EUR,CUST004
2169,2025-05-17,7000,1091.82,EUR,CUST006
2170,2021-03-29,7000,673.51,EUR,CUST010
2171,2025-03-28,6000,161.0,EUR,CUST001
2172,2023-11-28,7000,4880.58,EUR,CUST010
2173,2020-06-15,6000,523.91,EUR,CUST017
2174,2022-12-17,7000,3575.67,EUR,CUST011
2175,2022-01-23,6000,1783.46,EUR,CUST001
2176,2024-06-01,7000,4407.27,EUR,CUST001
2177,2022-04-11,6000,4343.17,EUR,CUST007
2178,2022-07-06,6000,3043.71,EUR,CUST018
2179,2025-05-27,7000,1110.39,EUR,CUST002
2180,2023-10-27,7000,4262.02,EUR,CUST006
2181,2023-09-07,6000,3624.35,EUR,CUST004
2182,2025-08-11,6000,128.05,EUR,CUST014
2183,2024-05-24,6000,1183.97,EUR,CUST003
2184,2020-07-12,7000,878.25,EUR,CUST009
2185,2024-04-21,6000,578.94,EUR,CUST017
2186,2023-10-01,6000,2872.8,EUR,CUST010
2187,2022-08-29,6000,2912.58,EUR,CUST008
2188,2021-12-22,6000,3138.13,EUR,CUST013
2189,2023-07-13,7000,1442.98,EUR,CUST010
2190,2025-06-21,6000,157.33,EUR,CUST012
2191,2023-05-16,7000,4992.27,EUR,CUST008
2192,2021-02-28,6000,4002.82,EUR,CUST001
2193,2023-09-22,7000,2248.11,EUR,CUST013
2194,2025-09-26,6000,3410.55,EUR,CUST018
2195,2025-05-30,6000,4959.94,EUR,CUST004
2196,2020-12-13,7000,3081.35,EUR,CUST014
2197,2025-08-17,6000,4113.74,EUR,CUST020
2198,2022-04-25,7000,1868.27,EUR,CUST019
2199,2022-04-21,6000,2080.1,EUR,CUST017
2200,2021-10-31,6000,4789.78,EUR,CUST003
2201,2022-12-10,7000,3377.72,EUR,CUST014
2202,2023-07-03,7000,2482.71,EUR,CUST003
2203,2022-08-12,7000,1359.31,EUR,CUST009
2204,2022-08-17,6000,841.08,EUR,CUST010
2205,2024-05-06,6000,195.66,EUR,CUST008
2206,2023-12-29,7000,643.87,EUR,CUST015
2207,2022-10-12,7000,2381.16,EUR,CUST015
2208,2024-02-01,7000,2037.08,EUR,CUST012
2209,2023-12-03,7000,1973.19,EUR,CUST017
2210,2022-09-17,6000,1882.51,EUR,CUST017
2211,2022-08-06,6000,3391.72,EUR,CUST005
2212,2023-06-10,6000,4122.39,EUR,CUST018
2213,2023-03-05,6000,1941.57,EUR,CUST004
2214,2020-12-17,7000,3942.57,EUR,CUST013
2215,2025-02-12,7000,2984.48,EUR,CUST017
2216,2021-10-24,6000,3662.66,EUR,CUST010
2217,2020-11-26,7000,3086.8,EUR,CUST015
2218,2023-12-16,6000,2937.45,EUR,CUST011
2219,2025-01-18,7000,4392.46,EUR,CUST012
2220,2025-06-07,6000,3220.87,EUR,CUST016
2221,2022-12-25,7000,955.76,EUR,CUST002
2222,2022-02-01,7000,3170.87,EUR,CUST010
2223,2022-02-08,6000,3080.24,EUR,CUST005
2224,2022-03-03,7000,3920.42,EUR,CUST008
2225,2022-08-12,6000,4998.08,EUR,CUST018
2226,2020-11-01,6000,2448.91,EUR,CUST011
2227,2022-06-01,7000,517.57,EUR,CUST004
2228,2021-04-28,6000,2142.39,EUR,CUST020
2229,2025-02-26,7000,1676.16,EUR,CUST016
2230,2020-02-29,6000,738.87,EUR,CUST007
2231,2022-10-11,6000,3950.27,EUR,CUST013
2232,2019-11-09,7000,1678.36,EUR,CUST014
2233,2024-11-06,6000,2431.19,EUR,CUST004
2234,2024-03-07,6000,1971.79,EUR,CUST002
2235,2020-02-25,7000,1734.65,EUR,CUST011
2236,2025-03-15,7000,3635.08,EUR,CUST011
2237,2023-05-23,6000,2242.48,EUR,CUST003
2238,2024-09-10,6000,4003.24,EUR,CUST003
2239,2025-03-01,7000,2249.29,EUR,CUST011
2240,2024-02-06,6000,1796.76,EUR,CUST020
2241,2022-07-07,6000,4322.07,EUR,CUST017
2242,2021-06-01,7000,3782.56,EUR,CUST017
2243,2024-07-09,7000,4800.69,EUR,CUST001
2244,2024-10-13,6000,4022.44,EUR,CUST017
2245,2023-05-08,7000,4480.52,EUR,CUST008
2246,2020-08-29,6000,4475.42,EUR,CUST017
2247,2023-05-11,7000,3934.96,EUR,CUST001
2248,2024-10-08,7000,3862.7,EUR,CUST020
2249,2019-12-05,6000,4098.09,EUR,CUST004
2250,2024-09-07,6000,1795.84,EUR,CUST013
2251,2025-02-26,6000,573.89,EUR,CUST007
2252,2021-11-10,6000,4758.53,EUR,CUST004
2253,2023-11-18,7000,2226.48,EUR,CUST011
2254,2025-07-22,6000,4981.62,EUR,CUST002
2255,2022-10-13,7000,4158.64,EUR,CUST015
2256,2021-03-07,7000,1017.63,EUR,CUST001
2257,2024-09-14,6000,2838.78,EUR,CUST005
2258,2023-12-12,6000,3758.74,EUR,CUST019
2259,2025-05-29,7000,4029.65,EUR,CUST013
2260,2025-07-07,7000,926.78,EUR,CUST010
2261,2020-08-02,7000,4404.67,EUR,CUST006
2262,2021-11-04,6000,4178.43,EUR,CUST016
2263,2021-01-27,6000,202.16,EUR,CUST020
2264,2020-10-08,7000,1882.0,EUR,CUST007
2265,2019-12-06,7000,1425.35,EUR,CUST010
2266,2022-09-18,6000,1700.85,EUR,CUST010
2267,2020-09-15,7000,544.19,EUR,CUST016
2268,2021-11-02,7000,3563.9,EUR,CUST004
2269,2020-04-15,6000,3739.41,EUR,CUST005
2270,2020-06-22,7000,274.72,EUR,CUST020
2271,2025-01-20,6000,3502.02,EUR,CUST001
2272,2024-07-28,7000,1731.68,EUR,CUST020
2273,2023-06-13,7000,1075.92,EUR,CUST013
2274,2023-05-02,7000,3716.1,EUR,CUST015
2275,2020-09-13,7000,2278.42,EUR,CUST009
2276,2023-10-04,6000,3187.13,EUR,CUST018
2277,2020-03-19,6000,2504.62,EUR,CUST007
2278,2022-07-14,7000,2525.74,EUR,CUST011
2279,2021-01-16,7000,3361.86,EUR,CUST006
2280,2025-05-18,7000,2483.27,EUR,CUST003
2281,2021-07-14,7000,3246.79,EUR,CUST015
2282,2023-10-16,6000,3431.99,EUR,CUST016
2283,2023-05-12,7000,987.99,EUR,CUST004
2284,2023-04-25,6000,1546.52,EUR,CUST015
2285,2025-05-13,7000,3304.74,EUR,CUST016
2286,2023-05-19,6000,2154.7,EUR,CUST006
2287,2020-10-31,7000,2871.67,EUR,CUST015
2288,2019-12-02,6000,3055.58,EUR,CUST017
2289,2023-02-23,7000,4835.12,EUR,CUST014
2290,2022-02-08,6000,3715.43,EUR,CUST005
2291,2023-12-17,7000,1297.84,EUR,CUST004
2292,2023-11-19,6000,649.4,EUR,CUST016
2293,2024-09-27,6000,375.11,EUR,CUST016
2294,2020-12-25,6000,4495.03,EUR,CUST011
2295,2023-01-10,7000,1588.53,EUR,CUST006
2296,2021-02-17,6000,2720.56,EUR,CUST018
2297,2022-04-08,6000,4797.78,EUR,CUST006
2298,2022-04-27,6000,3669.92,EUR,CUST014
2299,2024-01-12,6000,2115.76,EUR,CUST008
2300,2024-05-25,7000,4239.24,EUR,CUST013
2301,2022-08-06,7000,3594.5,EUR,CUST010
2302,2020-02-22,7000,3609.83,EUR,CUST004
2303,2024-02-15,7000,2537.65,EUR,CUST007
2304,2023-01-22,7000,2854.23,EUR,CUST005
2305,2025-06-20,6000,4145.38,EUR,CUST019
2306,2022-11-23,7000,2361.25,EUR,CUST007
2307,2024-07-25,7000,2996.75,EUR,CUST005
2308,2024-09-21,7000,1345.02,EUR,CUST010
2309,2022-03-03,6000,3460.91,EUR,CUST012
2310,2023-05-30,7000,3902.86,EUR,CUST016
2311,2024-12-27,7000,1223.37,EUR,CUST018
2312,2020-04-14,7000,1020.14,EUR,CUST001
2313,2020-11-07,6000,4244.23,EUR,CUST011
2314,2021-11-10,6000,4018.3,EUR,CUST019
2315,2019-10-16,6000,1503.59,EUR,CUST004
2316,2020-07-15,6000,1869.64,EUR,CUST018
2317,2024-06-03,6000,3606.38,EUR,CUST020
2318,2022-09-07,6000,2763.83,EUR,CUST004
2319,2023-09-11,7000,351.78,EUR,CUST011
2320,2020-01-21,6000,1536.58,EUR,CUST005
2321,2024-02-19,7000,4555.51,EUR,CUST008
2322,2023-06-15,7000,2341.54,EUR,CUST004
2323,2022-11-01,6000,289.69,EUR,CUST014
2324,2019-10-14,6000,4364.4,EUR,CUST003
2325,2022-01-27,6000,1635.57,EUR,CUST005
2326,2024-09-06,7000,1868.44,EUR,CUST010
2327,2019-12-14,7000,2135.33,EUR,CUST001
2328,2024-09-22,6000,2925.43,EUR,CUST008
2329,2022-09-23,6000,1874.13,EUR,CUST001
2330,2025-01-13,6000,4847.34,EUR,CUST012
2331,2021-02-11,6000,897.56,EUR,CUST017
2332,2025-04-18,7000,725.32,EUR,CUST004
2333,2021-12-23,6000,3433.36,EUR,CUST012
2334,2022-09-08,6000,3882.33,EUR,CUST007
2335,2021-01-29,6000,2294.06,EUR,CUST011
2336,2020-04-24,7000,4338.51,EUR,CUST010
2337,2023-01-16,7000,4106.67,EUR,CUST009
2338,2021-04-03,6000,4561.26,EUR,CUST010
2339,2024-10-15,7000,941.82,EUR,CUST006
2340,2021-02-08,7000,2404.86,EUR,CUST006
2341,2021-04-29,6000,2334.0,EUR,CUST012
2342,2024-05-29,7000,2892.64,EUR,CUST008
2343,2023-02-15,7000,2449.69,EUR,CUST014
2344,2025-02-06,7000,4822.38,EUR,CUST017
2345,2025-09-10,6000,3589.02,EUR,CUST012
2346,2023-07-21,6000,305.72,EUR,CUST003
2347,2019-10-07,6000,933.57,EUR,CUST016
2348,2020-04-21,6000,4653.18,EUR,CUST003
2349,2020-10-27,6000,944.42,EUR,CUST004
2350,2023-04-12,6000,484.55,EUR,CUST005
2351,2021-04-27,7000,4643.13,EUR,CUST006
2352,2023-05-31,7000,1745.91,EUR,CUST014
2353,2022-07-22,7000,122.02,EUR,CUST008
2354,2021-09-23,6000,2242.88,EUR,CUST004
2355,2023-09-11,6000,4865.87,EUR,CUST004
2356,2025-07-22,6000,3545.31,EUR,CUST008
2357,2024-07-24,7000,2658.32,EUR,CUST015
2358,2020-01-14,6000,4262.36,EUR,CUST008
2359,2023-04-03,7000,1553.5,EUR,CUST002
2360,2023-05-01,6000,1327.48,EUR,CUST015
2361,2021-06-15,6000,1415.7,EUR,CUST009
2362,2024-05-09,7000,962.85,EUR,CUST020
2363,2019-10-12,6000,2808.29,EUR,CUST011
2364,2021-02-14,7000,1612.91,EUR,CUST017
2365,2025-05-08,6000,554.71,EUR,CUST008
2366,2021-10-19,7000,222.49,EUR,CUST016
2367,2020-11-12,7000,3575.27,EUR,CUST003
2368,2021-12-06,7000,3513.43,EUR,CUST014
2369,2025-06-03,6000,310.58,EUR,CUST002
2370,2024-03-20,6000,2180.1,EUR,CUST006
2371,2022-06-03,7000,2328.07,EUR,CUST014
2372,2021-06-25,7000,895.3,EUR,CUST015
2373,2022-11-05,6000,1381.21,EUR,CUST014
2374,2020-02-10,7000,789.52,EUR,CUST018
2375,2019-10-04,6000,2868.45,EUR,CUST001
2376,2024-08-19,6000,958.66,EUR,CUST014
2377,2020-02-08,7000,1716.11,EUR,CUST009
2378,2025-07-26,7000,236.47,EUR,CUST009
2379,2022-06-27,6000,3535.07,EUR,CUST017
2380,2021-01-28,6000,3471.31,EUR,CUST010
2381,2024-10-19,7000,4752.09,EUR,CUST012
2382,2024-02-28,6000,1928.59,EUR,CUST015
2383,2021-09-13,7000,1450.94,EUR,CUST003
2384,2019-10-25,7000,4291.76,EUR,CUST006
2385,2020-10-11,7000,4501.5,EUR,CUST013
2386,2019-10-03,6000,2865.37,EUR,CUST017
2387,2023-03-10,7000,4616.68,EUR,CUST018
2388,2022-08-11,7000,2131.89,EUR,CUST007
2389,2021-05-03,6000,3059.36,EUR,CUST010
2390,2023-04-24,7000,615.58,EUR,CUST010
2391,2025-05-02,6000,1076.79,EUR,CUST018
2392,2022-06-16,6000,797.24,EUR,CUST007
2393,2022-09-18,7000,1565.25,EUR,CUST020
2394,2021-01-26,6000,3343.77,EUR,CUST005
2395,2024-02-03,6000,2565.17,EUR,CUST020
2396,2025-08-19,6000,1913.54,EUR,CUST016
2397,2021-06-06,6000,1235.59,EUR,CUST018
2398,2024-08-22,7000,601.95,EUR,CUST002
2399,2023-01-30,7000,2056.22,EUR,CUST009
2400,2020-03-30,6000,788.22,EUR,CUST019
2401,2020-03-18,6000,2842.89,EUR,CUST014
2402,2021-08-08,7000,1157.94,EUR,CUST012
2403,2022-08-25,7000,3604.75,EUR,CUST008
2404,2022-06-04,7000,401.02,EUR,CUST020
2405,2024-12-07,6000,1152.66,EUR,CUST006
2406,2022-01-11,6000,4185.7,EUR,CUST010
2407,2023-05-01,6000,4440.98,EUR,CUST008
2408,2020-12-21,7000,288.1,EUR,CUST020
2409,2023-06-06,7000,587.51,EUR,CUST016
2410,2023-09-06,7000,3286.88,EUR,CUST004
2411,2025-07-04,7000,1319.4,EUR,CUST006
2412,2023-05-15,7000,474.37,EUR,CUST004
2413,2022-01-24,7000,4026.32,EUR,CUST013
2414,2019-12-03,7000,179.99,EUR,CUST015
2415,2021-06-06,7000,148.64,EUR,CUST002
2416,2024-03-19,7000,2207.43,EUR,CUST013
2417,2021-01-17,7000,3294.75,EUR,CUST015
2418,2024-09-02,7000,3293.66,EUR,CUST009
2419,2024-10-25,6000,2195.97,EUR,CUST020
2420,2022-02-01,6000,3890.96,EUR,CUST008
2421,2023-12-10,6000,878.79,EUR,CUST018
2422,2025-02-26,7000,559.24,EUR,CUST003
2423,2022-06-30,7000,3645.05,EUR,CUST014
2424,2023-09-19,6000,2650.15,EUR,CUST009
2425,2023-07-01,7000,830.18,EUR,CUST003
2426,2023-05-05,7000,4195.1,EUR,CUST003
2427,2025-04-16,6000,4513.32,EUR,CUST013
2428,2025-07-24,7000,579.41,EUR,CUST010
2429,2023-05-14,6000,4529.18,EUR,CUST007
2430,2022-10-12,7000,4350.37,EUR,CUST001
2431,2023-05-21,6000,4689.82,EUR,CUST003
2432,2021-02-07,7000,491.67,EUR,CUST005
2433,2025-04-16,6000,1289.43,EUR,CUST019
2434,2020-04-02,7000,4452.93,EUR,CUST009
2435,2024-05-11,6000,2086.77,EUR,CUST007
2436,2022-11-18,6000,1925.64,EUR,CUST011
2437,2020-10-09,7000,2409.53,EUR,CUST010
2438,2025-01-20,7000,393.19,EUR,CUST008
2439,2019-11-17,6000,740.42,EUR,CUST003
2440,2024-06-11,7000,887.19,EUR,CUST002
2441,2020-01-02,7000,3775.73,EUR,CUST013
2442,2024-03-14,6000,3544.5,EUR,CUST010
2443,2024-07-24,6000,4744.2,EUR,CUST002
2444,2021-08-23,6000,2990.41,EUR,CUST019
2445,2022-08-27,6000,1374.67,EUR,CUST002
2446,2021-06-09,6000,1479.01,EUR,CUST010
2447,2025-01-22,6000,3676.28,EUR,CUST009
2448,2022-05-09,6000,2286.59,EUR,CUST005
2449,2024-06-13,6000,1123.79,EUR,CUST013
2450,2022-11-16,6000,2214.06,EUR,CUST009
2451,2020-06-10,6000,2110.82,EUR,CUST006
2452,2020-01-26,6000,2523.06,EUR,CUST003
2453,2023-05-02,6000,4258.35,EUR,CUST012
2454,2023-01-08,7000,3012.08,EUR,CUST020
2455,2020-12-03,7000,521.97,EUR,CUST005
2456,2022-08-14,7000,2902.33,EUR,CUST006
2457,2020-02-12,6000,3413.27,EUR,CUST016
2458,2020-07-10,7000,4978.69,EUR,CUST012
2459,2023-09-24,6000,639.95,EUR,CUST009
2460,2024-04-08,7000,2124.73,EUR,CUST005
2461,2021-09-04,7000,4372.42,EUR,CUST018
2462,2019-11-17,7000,594.88,EUR,CUST004
2463,2021-04-14,7000,534.2,EUR,CUST020
2464,2024-02-20,7000,2760.05,EUR,CUST010
2465,2022-03-01,6000,1392.9,EUR,CUST011
2466,2022-10-28,7000,2893.44,EUR,CUST015
2467,2025-05-20,7000,1378.13,EUR,CUST009
2468,2023-12-24,6000,3191.48,EUR,CUST005
2469,2020-12-28,7000,2286.86,EUR,CUST002
2470,2023-07-30,6000,2398.37,EUR,CUST006
2471,2023-01-02,7000,526.61,EUR,CUST010
2472,2023-02-27,7000,4604.14,EUR,CUST012
2473,2023-05-27,7000,3752.14,EUR,CUST013
2474,2021-05-27,6000,2306.35,EUR,CUST008
2475,2019-12-23,6000,1989.18,EUR,CUST008
2476,2024-04-06,6000,110.36,EUR,CUST010
2477,2022-04-17,7000,2858.44,EUR,CUST013
2478,2020-05-13,7000,2693.75,EUR,CUST018
2479,2024-05-12,7000,3317.27,EUR,CUST011
2480,2021-10-10,7000,937.32,EUR,CUST013
2481,2025-03-29,7000,3606.54,EUR,CUST010
2482,2021-09-10,6000,4037.85,EUR,CUST013
2483,2024-09-16,7000,2829.91,EUR,CUST015
2484,2024-02-08,6000,4635.31,EUR,CUST019
2485,2021-12-02,7000,1641.11,EUR,CUST001
2486,2020-10-05,6000,1249.49,EUR,CUST018
2487,2022-12-30,7000,2848.37,EUR,CUST003
2488,2024-03-30,7000,4873.8,EUR,CUST010
2489,2024-05-16,7000,3635.42,EUR,CUST014
2490,2020-10-04,7000,144.59,EUR,CUST003
2491,2022-04-18,6000,4736.31,EUR,CUST006
2492,2025-07-18,6000,4271.56,EUR,CUST018
2493,2025-05-06,7000,2957.52,EUR,CUST003
2494,2020-10-19,6000,1470.52,EUR,CUST003
2495,2022-07-12,7000,2604.81,EUR,CUST020
2496,2024-06-30,7000,3548.87,EUR,CUST018
2497,2021-03-25,7000,2199.98,EUR,CUST001
2498,2021-04-14,7000,4505.61,EUR,CUST014
2499,2025-03-17,7000,3654.87,EUR,CUST014
2500,2025-01-29,7000,4957.23,EUR,CUST009
2501,2022-04-06,7000,3070.07,EUR,CUST012
2502,2025-01-22,6000,1102.13,EUR,CUST006
2503,2022-10-01,6000,3033.08,EUR,CUST010
2504,2022-05-13,6000,2379.88,EUR,CUST004
2505,2025-01-23,6000,4393.22,EUR,CUST016
2506,2025-07-13,6000,2295.03,EUR,CUST004
2507,2020-12-13,7000,704.9,EUR,CUST012
2508,2024-04-14,6000,738.26,EUR,CUST010
2509,2024-09-15,6000,3030.07,EUR,CUST008
2510,2020-04-06,6000,3761.47,EUR,CUST015
2511,2023-04-25,7000,1072.02,EUR,CUST001
2512,2022-10-09,7000,2635.62,EUR,CUST010
2513,2025-08-31,6000,892.57,EUR,CUST007
2514,2020-05-04,7000,4022.14,EUR,CUST002
2515,2025-02-19,6000,3673.66,EUR,CUST018
2516,2023-03-18,7000,4436.25,EUR,CUST012
2517,2022-06-30,7000,4468.12,EUR,CUST005
2518,2025-08-20,7000,1999.42,EUR,CUST004
2519,2021-05-26,7000,352.67,EUR,CUST009
2520,2019-10-23,6000,2790.3,EUR,CUST015
2521,2020-07-31,7000,3856.04,EUR,CUST013
2522,2020-04-22,6000,1683.81,EUR,CUST016
2523,2025-04-19,7000,1324.5,EUR,CUST003
2524,2023-01-23,7000,4150.36,EUR,CUST007
2525,2022-12-11,7000,4854.81,EUR,CUST003
2526,2019-11-29,7000,2332.12,EUR,CUST015
2527,2023-08-14,7000,245.02,EUR,CUST011
2528,2021-02-12,6000,1724.89,EUR,CUST008
2529,2021-02-18,6000,4681.35,EUR,CUST012
2530,2021-03-28,7000,2778.86,EUR,CUST006
2531,2022-05-12,7000,3668.22,EUR,CUST011
2532,2022-04-14,6000,1355.74,EUR,CUST015
2533,2022-03-24,7000,1310.15,EUR,CUST009
2534,2021-03-12,7000,239.34,EUR,CUST011
2535,2024-01-21,7000,4951.39,EUR,CUST017
2536,2025-04-30,6000,1343.68,EUR,CUST003
2537,2024-02-27,7000,547.43,EUR,CUST002
2538,2022-03-22,7000,1118.19,EUR,CUST004
2539,2022-01-07,7000,3655.21,EUR,CUST014
2540,2021-01-18,6000,4813.35,EUR,CUST010
2541,2024-03-07,6000,3942.86,EUR,CUST009
2542,2020-09-06,7000,2247.86,EUR,CUST007
2543,2021-04-16,6000,2402.97,EUR,CUST004
2544,2020-12-07,7000,2348.76,EUR,CUST015
2545,2025-08-05,6000,2425.46,EUR,CUST012
2546,2023-12-22,7000,3822.84,EUR,CUST009
2547,2025-03-18,6000,3773.46,EUR,CUST007
2548,2020-02-13,6000,4266.56,EUR,CUST013
2549,2022-09-25,6000,4673.05,EUR,CUST002
2550,2021-11-22,6000,710.88,EUR,CUST009
2551,2020-04-03,7000,942.37,EUR,CUST015
2552,2021-03-13,7000,1034.37,EUR,CUST012
2553,2022-03-06,6000,509.72,EUR,CUST005
2554,2021-10-25,7000,1190.41,EUR,CUST002
2555,2021-12-31,6000,2977.97,EUR,CUST013
2556,2022-08-04,7000,1715.52,EUR,CUST018
2557,2021-05-26,7000,3010.52,EUR,CUST003
2558,2023-10-30,7000,3355.16,EUR,CUST011
2559,2024-11-28,6000,4764.14,EUR,CUST015
2560,2024-01-14,7000,2548.37,EUR,CUST006
2561,2025-07-10,7000,2861.83,EUR,CUST007
2562,2023-04-09,6000,3637.18,EUR,CUST013
2563,2020-01-18,7000,2734.58,EUR,CUST016
2564,2022-12-31,7000,3009.74,EUR,CUST004
2565,2023-03-13,7000,1127.11,EUR,CUST001
2566,2021-09-10,7000,3103.67,EUR,CUST002
2567,2023-12-06,7000,720.32,EUR,CUST005
2568,2025-08-30,6000,2187.14,EUR,CUST002
2569,2020-09-18,6000,3560.71,EUR,CUST010
2570,2023-09-10,7000,3997.86,EUR,CUST001
2571,2025-03-11,7000,2401.12,EUR,CUST006
2572,2022-02-05,6000,2924.79,EUR,CUST017
2573,2023-10-20,6000,4539.46,EUR,CUST011
2574,2020-07-10,6000,2981.1,EUR,CUST014
2575,2022-04-23,6000,4501.81,EUR,CUST009
2576,2025-05-18,7000,4804.05,EUR,CUST019
2577,2020-05-05,7000,4653.21,EUR,CUST005
2578,2023-06-21,6000,2124.92,EUR,CUST006
2579,2025-03-20,6000,4414.24,EUR,CUST012
2580,2020-01-04,6000,3945.7,EUR,CUST016
2581,2023-01-27,6000,2284.93,EUR,CUST009
2582,2023-10-19,7000,945.04,EUR,CUST004
2583,2021-10-03,6000,949.93,EUR,CUST013
2584,2020-03-29,6000,3226.44,EUR,CUST006
2585,2021-08-25,7000,2741.79,EUR,CUST013
2586,2024-07-20,6000,3024.21,EUR,CUST013
2587,2020-03-04,6000,1619.16,EUR,CUST015
2588,2025-06-10,7000,4388.8,EUR,CUST001
2589,2024-09-07,6000,2403.0,EUR,CUST002
2590,2019-10-11,7000,2512.75,EUR,CUST001
2591,2022-06-04,7000,4549.57,EUR,CUST001
2592,2020-05-10,6000,2628.87,EUR,CUST001
2593,2021-04-13,6000,899.64,EUR,CUST012
2594,2020-08-21,7000,2760.15,EUR,CUST018
2595,2024-07-10,6000,146.65,EUR,CUST005
2596,2023-01-29,7000,3753.95,EUR,CUST014
2597,2022-07-24,6000,2801.84,EUR,CUST007
2598,2020-05-22,6000,4142.02,EUR,CUST008
2599,2022-10-24,6000,3212.37,EUR,CUST012
2600,2024-02-24,7000,4216.25,EUR,CUST007
2601,2025-08-02,6000,4657.17,EUR,CUST020
2602,2023-04-04,6000,4604.09,EUR,CUST013
2603,2024-06-18,7000,4547.31,EUR,CUST007
2604,2019-12-25,7000,1756.93,EUR,CUST005
2605,2020-04-17,6000,895.4,EUR,CUST008
2606,2024-01-14,6000,2700.51,EUR,CUST020
2607,2023-02-26,6000,2261.85,EUR,CUST019
2608,2020-03-05,7000,4009.88,EUR,CUST015
2609,2024-10-19,6000,4709.57,EUR,CUST009
2610,2020-11-14,6000,2142.93,EUR,CUST009
2611,2025-01-20,6000,2023.66,EUR,CUST015
2612,2020-08-26,6000,3051.71,EUR,CUST014
2613,2022-08-29,6000,2374.64,EUR,CUST001
2614,2023-11-22,6000,2499.2,EUR,CUST015
2615,2021-12-12,6000,630.33,EUR,CUST007
2616,2023-02-14,7000,4964.84,EUR,CUST018
2617,2022-01-11,6000,4793.73,EUR,CUST012
2618,2020-02-25,7000,4365.35,EUR,CUST018
2619,2021-07-07,6000,4382.67,EUR,CUST018
2620,2025-02-25,7000,1862.33,EUR,CUST005
2621,2023-12-23,6000,1981.47,EUR,CUST004
2622,2023-10-08,7000,2692.84,EUR,CUST005
2623,2021-01-09,7000,1340.42,EUR,CUST015
2624,2022-08-29,7000,4608.43,EUR,CUST001
2625,2021-03-16,7000,4187.58,EUR,CUST001
2626,2019-10-07,7000,445.18,EUR,CUST008
2627,2022-08-28,7000,1938.02,EUR,CUST007
2628,2022-04-16,7000,4883.78,EUR,CUST002
2629,2025-05-03,7000,1044.42,EUR,CUST010
2630,2024-12-13,7000,4141.14,EUR,CUST015
2631,2025-01-22,6000,657.88,EUR,CUST018
2632,2022-11-14,6000,868.17,EUR,CUST008
2633,2025-07-26,6000,3339.54,EUR,CUST019
2634,2020-09-15,6000,1200.17,EUR,CUST007
2635,2021-02-27,7000,4917.65,EUR,CUST007
2636,2022-01-10,6000,1223.5,EUR,CUST020
2637,2025-09-08,6000,1578.38,EUR,CUST014
2638,2025-03-15,7000,975.22,EUR,CUST017
2639,2021-05-05,6000,2180.66,EUR,CUST012
2640,2023-07-05,6000,1845.7,EUR,CUST010
2641,2024-08-06,6000,3205.55,EUR,CUST003
2642,2023-07-18,7000,2015.19,EUR,CUST018
2643,2020-07-25,6000,2324.93,EUR,CUST011
2644,2023-08-07,7000,1996.89,EUR,CUST020
2645,2023-09-02,6000,2329.69,EUR,CUST006
2646,2023-08-02,6000,1495.52,EUR,CUST011
2647,2025-09-09,7000,1523.11,EUR,CUST001
2648,2024-05-29,7000,3690.17,EUR,CUST002
2649,2024-02-03,7000,3628.23,EUR,CUST014
2650,2023-05-17,7000,3699.93,EUR,CUST012
2651,2023-12-31,6000,946.97,EUR,CUST014
2652,2022-09-14,7000,2634.78,EUR,CUST018
2653,2020-12-28,6000,275.83,EUR,CUST013
2654,2021-07-29,6000,190.67,EUR,CUST006
2655,2022-06-23,7000,3683.02,EUR,CUST009
2656,2020-09-27,6000,1311.02,EUR,CUST006
2657,2024-03-30,6000,118.01,EUR,CUST016
2658,2024-09-04,7000,3841.59,EUR,CUST010
2659,2020-05-23,7000,4902.66,EUR,CUST008
2660,2021-05-12,7000,3109.29,EUR,CUST011
2661,2020-06-19,6000,4440.81,EUR,CUST010
2662,2022-01-26,6000,2487.15,EUR,CUST016
2663,2022-03-17,6000,2304.37,EUR,CUST020
2664,2023-09-15,7000,1922.31,EUR,CUST002
2665,2019-10-17,6000,3654.61,EUR,CUST005
2666,2023-01-23,7000,519.86,EUR,CUST013
2667,2023-09-23,7000,4302.27,EUR,CUST001
2668,2024-03-22,7000,1112.05,EUR,CUST002
2669,2025-08-07,7000,300.25,EUR,CUST003
2670,2021-02-26,6000,1673.16,EUR,CUST014
2671,2020-09-19,6000,590.11,EUR,CUST001
2672,2023-12-15,6000,2999.99,EUR,CUST008
2673,2020-12-30,7000,3463.39,EUR,CUST017
2674,2020-06-20,6000,4040.89,EUR,CUST017
2675,2020-09-17,7000,3397.51,EUR,CUST014
2676,2020-07-03,7000,3290.65,EUR,CUST008
2677,2023-08-16,6000,3885.11,EUR,CUST015
2678,2022-01-18,7000,1625.45,EUR,CUST016
2679,2020-02-22,7000,3164.67,EUR,CUST013
2680,2020-01-27,7000,438.61,EUR,CUST020
2681,2022-03-16,6000,809.7,EUR,CUST018
2682,2021-06-22,7000,3572.9,EUR,CUST019
2683,2021-05-15,6000,4614.21,EUR,CUST017
2684,2025-01-25,6000,2684.71,EUR,CUST012
2685,2021-03-30,6000,3404.92,EUR,CUST016
2686,2023-11-18,7000,4160.66,EUR,CUST019
2687,2021-06-02,7000,4125.14,EUR,CUST018
2688,2020-02-05,7000,4491.06,EUR,CUST015
2689,2024-08-26,7000,4217.49,EUR,CUST020
2690,2024-06-24,7000,1812.66,EUR,CUST007
2691,2024-03-04,6000,2946.48,EUR,CUST012
2692,2021-10-14,6000,1338.61,EUR,CUST016
2693,2024-08-11,6000,1072.17,EUR,CUST009
2694,2021-09-18,7000,4397.52,EUR,CUST013
2695,2019-11-25,6000,1013.89,EUR,CUST003
2696,2023-09-10,6000,911.62,EUR,CUST020
2697,2023-12-24,6000,3970.86,EUR,CUST010
2698,2023-03-12,7000,1559.27,EUR,CUST020
2699,2021-02-03,6000,629.41,EUR,CUST011
2700,2022-10-31,7000,117.16,EUR,CUST020
2701,2020-07-08,6000,3562.91,EUR,CUST007
2702,2020-06-17,6000,2243.89,EUR,CUST013
2703,2021-06-16,6000,2731.7,EUR,CUST016
2704,2023-12-24,7000,2482.14,EUR,CUST011
2705,2019-10-12,6000,163.69,EUR,CUST011
2706,2024-11-11,6000,4620.65,EUR,CUST004
2707,2022-08-27,6000,1388.4,EUR,CUST004
2708,2022-09-07,6000,518.68,EUR,CUST017
2709,2025-03-29,6000,4251.19,EUR,CUST009
2710,2020-12-10,6000,1828.68,EUR,CUST011
2711,2025-01-03,6000,2157.0,EUR,CUST005
2712,2024-05-20,7000,3474.15,EUR,CUST005
2713,2020-11-20,7000,3572.93,EUR,CUST016
2714,2024-10-18,6000,867.12,EUR,CUST016
2715,2025-03-26,6000,3004.42,EUR,CUST018
2716,2021-02-08,7000,4689.44,EUR,CUST014
2717,2022-06-13,6000,2885.16,EUR,CUST016
2718,2025-01-06,7000,4546.11,EUR,CUST012
2719,2024-05-09,6000,4925.86,EUR,CUST002
2720,2021-03-25,7000,1828.31,EUR,CUST017
2721,2022-03-23,6000,4584.43,EUR,CUST007
2722,2020-07-16,7000,937.76,EUR,CUST007
2723,2022-10-13,6000,2789.16,EUR,CUST017
2724,2024-11-07,7000,4718.01,EUR,CUST016
2725,2024-02-01,7000,1712.64,EUR,CUST020
2726,2022-11-25,6000,2869.48,EUR,CUST019
2727,2025-04-10,6000,1899.63,EUR,CUST004
2728,2020-11-07,7000,4613.41,EUR,CUST012
2729,2021-01-14,7000,1910.84,EUR,CUST013
2730,2024-07-27,6000,1803.13,EUR,CUST007
2731,2020-02-08,6000,685.02,EUR,CUST020
2732,2022-04-09,6000,2359.91,EUR,CUST004
2733,2021-12-04,6000,2471.35,EUR,CUST001
2734,2022-08-26,7000,2962.27,EUR,CUST017
2735,2024-05-20,7000,1537.96,EUR,CUST014
2736,2020-06-20,6000,3739.06,EUR,CUST009
2737,2023-07-31,7000,424.24,EUR,CUST003
2738,2020-07-28,6000,2891.0,EUR,CUST017
2739,2022-07-18,7000,4264.87,EUR,CUST014
2740,2022-08-10,7000,389.39,EUR,CUST015
2741,2024-03-09,6000,3848.89,EUR,CUST017
2742,2022-12-28,6000,718.52,EUR,CUST019
2743,2021-06-19,6000,1291.62,EUR,CUST005
2744,2022-10-22,7000,3422.74,EUR,CUST015
2745,2023-03-28,6000,1790.54,EUR,CUST001
2746,2024-05-25,7000,2979.82,EUR,CUST011
2747,2022-06-25,7000,4603.63,EUR,CUST003
2748,2020-01-28,6000,4106.56,EUR,CUST001
2749,2021-08-07,6000,885.16,EUR,CUST004
2750,2023-02-06,6000,1474.28,EUR,CUST012
2751,2020-10-18,7000,413.53,EUR,CUST007
2752,2024-03-04,6000,3984.36,EUR,CUST012
2753,2023-12-15,7000,556.37,EUR,CUST003
2754,2022-12-30,7000,981.33,EUR,CUST018
2755,2023-02-01,6000,3281.58,EUR,CUST008
2756,2022-01-02,7000,375.15,EUR,CUST016
2757,2021-04-27,7000,3864.05,EUR,CUST018
2758,2025-04-12,6000,4756.27,EUR,CUST003
2759,2025-06-24,7000,942.83,EUR,CUST015
2760,2021-12-15,6000,4830.37,EUR,CUST007
2761,2019-10-14,7000,3701.04,EUR,CUST015
2762,2023-10-04,6000,391.59,EUR,CUST007
2763,2024-04-28,7000,3680.81,EUR,CUST014
2764,2020-11-20,6000,2007.3,EUR,CUST005
2765,2025-07-08,6000,3719.91,EUR,CUST013
2766,2021-02-13,7000,3142.23,EUR,CUST019
2767,2021-11-17,6000,1502.65,EUR,CUST012
2768,2021-09-27,6000,4950.14,EUR,CUST017
2769,2022-06-08,6000,4571.19,EUR,CUST008
2770,2023-08-31,6000,2578.06,EUR,CUST004
2771,2021-05-09,7000,3629.12,EUR,CUST013
2772,2023-12-27,6000,1177.93,EUR,CUST019
2773,2023-07-10,7000,2193.23,EUR,CUST005
2774,2021-08-24,6000,4320.0,EUR,CUST020
2775,2021-09-29,7000,3902.96,EUR,CUST003
2776,2021-11-10,6000,3762.17,EUR,CUST017
2777,2024-10-21,6000,3585.19,EUR,CUST019
2778,2020-10-05,6000,1983.68,EUR,CUST010
2779,2022-01-04,7000,3048.42,EUR,CUST014
2780,2021-04-16,7000,3381.14,EUR,CUST002
2781,2020-01-31,7000,1531.0,EUR,CUST004
2782,2019-12-27,7000,2555.59,EUR,CUST002
2783,2020-08-27,7000,724.58,EUR,CUST013
2784,2023-04-09,7000,2187.22,EUR,CUST003
2785,2022-09-06,6000,2008.82,EUR,CUST011
2786,2024-06-29,7000,3892.23,EUR,CUST012
2787,2021-07-17,6000,1018.62,EUR,CUST006
2788,2025-06-08,6000,3338.84,EUR,CUST013
2789,2024-08-05,7000,2067.82,EUR,CUST015
2790,2021-05-08,6000,781.81,EUR,CUST009
2791,2023-06-08,6000,2671.7,EUR,CUST020
2792,2020-12-27,6000,2173.68,EUR,CUST018
2793,2022-02-08,7000,3196.44,EUR,CUST015
2794,2024-01-12,7000,1613.89,EUR,CUST012
2795,2024-10-03,6000,2034.17,EUR,CUST009
2796,2024-05-22,7000,787.79,EUR,CUST002
2797,2020-09-03,6000,3788.3,EUR,CUST006
2798,2022-06-01,7000,3996.22,EUR,CUST004
2799,2025-06-21,6000,1963.89,EUR,CUST009
2800,2024-10-13,7000,757.54,EUR,CUST001
2801,2025-07-25,6000,1033.81,EUR,CUST007
2802,2020-08-25,6000,4286.78,EUR,CUST014
2803,2024-02-24,6000,2958.44,EUR,CUST010
2804,2024-06-14,7000,653.45,EUR,CUST015
2805,2022-09-12,6000,756.05,EUR,CUST017
2806,2025-05-02,7000,319.53,EUR,CUST004
2807,2020-11-08,6000,2076.86,EUR,CUST001
2808,2023-01-29,7000,1834.36,EUR,CUST016
2809,2023-09-11,6000,4779.27,EUR,CUST005
2810,2025-06-27,6000,2173.46,EUR,CUST008
2811,2022-09-05,6000,2269.29,EUR,CUST014
2812,2022-07-06,6000,3044.34,EUR,CUST007
2813,2025-07-01,6000,1248.4,EUR,CUST006
2814,2022-07-10,7000,1513.68,EUR,CUST018
2815,2023-10-12,6000,2330.97,EUR,CUST004
2816,2022-09-30,7000,443.5,EUR,CUST015
2817,2021-06-25,6000,1714.96,EUR,CUST010
2818,2025-06-19,6000,157.41,EUR,CUST018
2819,2022-01-02,6000,1006.41,EUR,CUST015
2820,2023-07-07,7000,4938.91,EUR,CUST007
2821,2021-03-17,6000,2038.38,EUR,CUST019
2822,2022-09-21,6000,244.01,EUR,CUST009
2823,2023-10-16,7000,1516.38,EUR,CUST019
2824,2024-01-24,6000,1234.74,EUR,CUST008
2825,2022-06-07,7000,1292.65,EUR,CUST013
2826,2025-07-28,6000,2599.88,EUR,CUST014
2827,2020-02-14,6000,4878.79,EUR,CUST006
2828,2022-02-25,7000,1682.6,EUR,CUST002
2829,2021-01-05,7000,2605.19,EUR,CUST008
2830,2024-07-11,7000,659.86,EUR,CUST007
2831,2024-08-24,7000,746.13,EUR,CUST006
2832,2024-10-17,6000,2066.33,EUR,CUST007
2833,2021-09-28,6000,2452.37,EUR,CUST017
2834,2020-10-27,7000,3376.95,EUR,CUST016
2835,2025-09-05,6000,4082.28,EUR,CUST017
2836,2021-02-14,7000,1688.27,EUR,CUST013
2837,2020-04-11,7000,4909.47,EUR,CUST007
2838,2025-01-17,6000,817.77,EUR,CUST016
2839,2021-11-11,7000,699.77,EUR,CUST011
2840,2025-03-28,6000,1847.95,EUR,CUST015
2841,2025-02-23,7000,4342.57,EUR,CUST003
2842,2021-12-26,6000,4595.87,EUR,CUST017
2843,2022-12-20,7000,567.23,EUR,CUST015
2844,2024-01-07,6000,1104.87,EUR,CUST010
2845,2020-11-01,7000,2346.44,EUR,CUST016
2846,2020-03-18,7000,349.3,EUR,CUST011
2847,2023-11-28,6000,2265.47,EUR,CUST003
2848,2023-02-06,7000,3945.15,EUR,CUST007
2849,2024-04-23,7000,2206.29,EUR,CUST020
2850,2022-12-26,6000,339.39,EUR,CUST014
2851,2023-05-27,6000,2345.65,EUR,CUST005
2852,2021-06-05,7000,3877.41,EUR,CUST013
2853,2023-08-24,7000,3579.84,EUR,CUST005
2854,2020-07-30,6000,1490.02,EUR,CUST009
2855,2020-07-26,7000,4780.99,EUR,CUST013
2856,2025-05-31,6000,2695.29,EUR,CUST005
2857,2020-08-25,7000,1873.38,EUR,CUST013
2858,2021-01-13,6000,2612.95,EUR,CUST011
2859,2023-01-29,6000,3424.18,EUR,CUST008
2860,2021-08-19,7000,2261.07,EUR,CUST008
2861,2021-05-14,6000,1502.54,EUR,CUST020
2862,2023-06-06,7000,2375.69,EUR,CUST018
2863,2020-12-09,7000,1674.04,EUR,CUST006
2864,2025-08-18,7000,1075.89,EUR,CUST016
2865,2021-12-29,7000,3585.5,EUR,CUST019
2866,2021-06-11,7000,1563.55,EUR,CUST010
2867,2024-04-03,6000,2857.58,EUR,CUST003
2868,2020-01-12,6000,1816.83,EUR,CUST016
2869,2023-02-17,6000,848.07,EUR,CUST003
2870,2021-05-20,6000,4784.96,EUR,CUST019
2871,2022-01-05,6000,4148.25,EUR,CUST016
2872,2021-07-10,6000,3431.49,EUR,CUST017
2873,2025-01-05,6000,1550.06,EUR,CUST014
2874,2023-01-07,7000,2444.02,EUR,CUST002
2875,2021-11-07,6000,354.64,EUR,CUST005
2876,2023-08-25,6000,3363.67,EUR,CUST020
2877,2023-11-08,7000,687.31,EUR,CUST017
2878,2020-04-12,7000,1205.75,EUR,CUST009
2879,2022-08-25,7000,1913.17,EUR,CUST007
2880,2024-06-19,7000,916.1,EUR,CUST019
2881,2021-02-11,6000,4720.07,EUR,CUST019
2882,2020-12-12,6000,3276.47,EUR,CUST016
2883,2020-02-01,6000,4792.23,EUR,CUST020
2884,2024-06-26,7000,3662.45,EUR,CUST016
2885,2020-09-16,6000,1107.74,EUR,CUST018
2886,2021-03-03,7000,4768.5,EUR,CUST013
2887,2021-10-07,7000,3767.25,EUR,CUST010
2888,2023-04-15,7000,3966.29,EUR,CUST018
2889,2022-03-18,6000,2787.32,EUR,CUST011
2890,2024-05-14,6000,4951.86,EUR,CUST005
2891,2021-02-03,7000,4202.57,EUR,CUST001
2892,2024-10-25,6000,3118.71,EUR,CUST012
2893,2020-07-08,7000,1553.14,EUR,CUST015
2894,2024-05-11,6000,1424.48,EUR,CUST003
2895,2023-09-17,6000,4693.38,EUR,CUST004
2896,2020-05-25,7000,3444.39,EUR,CUST001
2897,2021-10-03,6000,359.84,EUR,CUST011
2898,2024-03-26,6000,3205.27,EUR,CUST003
2899,2022-06-22,7000,3971.81,EUR,CUST010
2900,2020-07-02,7000,643.84,EUR,CUST020
2901,2019-11-05,7000,3353.69,EUR,CUST010
2902,2021-07-10,7000,1138.15,EUR,CUST017
2903,2023-04-08,6000,706.85,EUR,CUST011
2904,2022-07-12,6000,1675.2,EUR,CUST007
2905,2023-03-25,6000,826.09,EUR,CUST005
2906,2021-03-02,6000,3530.1,EUR,CUST011
2907,2023-01-25,6000,2272.29,EUR,CUST018
2908,2022-04-23,7000,4301.51,EUR,CUST013
2909,2021-08-29,7000,1645.72,EUR,CUST019
2910,2023-07-23,7000,489.64,EUR,CUST018
2911,2020-03-25,7000,2778.02,EUR,CUST013
2912,2024-04-11,6000,3244.71,EUR,CUST011
2913,2022-08-18,7000,569.77,EUR,CUST019
2914,2019-12-31,6000,4146.89,EUR,CUST008
2915,2021-06-14,7000,2121.15,EUR,CUST004
2916,2025-09-04,7000,4286.11,EUR,CUST006
2917,2023-12-13,7000,4734.6,EUR,CUST017
2918,2022-01-22,7000,1075.91,EUR,CUST007
2919,2025-09-09,6000,2599.7,EUR,CUST009
2920,2023-04-07,7000,4171.04,EUR,CUST007
2921,2025-02-13,6000,2268.19,EUR,CUST017
2922,2021-03-22,6000,4318.3,EUR,CUST007
2923,2022-07-16,6000,1996.22,EUR,CUST015
2924,2022-09-25,6000,4888.29,EUR,CUST015
2925,2022-06-21,6000,1572.52,EUR,CUST010
2926,2021-08-25,6000,1904.88,EUR,CUST018
2927,2019-11-21,6000,1398.95,EUR,CUST019
2928,2022-01-07,6000,1809.92,EUR,CUST011
2929,2023-09-26,6000,4136.72,EUR,CUST007
2930,2020-10-19,6000,4478.54,EUR,CUST020
2931,2024-03-31,6000,2889.64,EUR,CUST009
2932,2023-03-03,7000,3080.16,EUR,CUST019
2933,2022-09-07,6000,3004.7,EUR,CUST019
2934,2022-07-02,7000,4779.14,EUR,CUST009
2935,2024-10-24,6000,2089.54,EUR,CUST007
2936,2021-05-21,6000,570.33,EUR,CUST019
2937,2019-10-15,7000,3216.27,EUR,CUST020
2938,2022-03-28,6000,744.6,EUR,CUST005
2939,2021-12-03,7000,3203.25,EUR,CUST003
2940,2021-01-23,6000,1074.73,EUR,CUST018
2941,2021-02-07,6000,2577.3,EUR,CUST020
2942,2022-11-10,6000,100.2,EUR,CUST015
2943,2020-05-25,6000,3012.16,EUR,CUST016
2944,2021-10-13,7000,2781.69,EUR,CUST013
2945,2023-01-22,6000,4035.69,EUR,CUST007
2946,2024-04-28,6000,4632.64,EUR,CUST007
2947,2025-08-21,6000,2120.63,EUR,CUST003
2948,2024-01-30,7000,3121.96,EUR,CUST020
2949,2022-06-09,6000,4263.01,EUR,CUST005
2950,2021-10-03,7000,3274.76,EUR,CUST011
2951,2023-01-22,6000,4446.76,EUR,CUST014
2952,2022-07-17,7000,1094.33,EUR,CUST013
2953,2021-11-27,6000,362.74,EUR,CUST005
2954,2020-04-06,6000,1128.97,EUR,CUST012
2955,2021-01-13,6000,1106.98,EUR,CUST005
2956,2023-10-11,7000,2623.98,EUR,CUST009
2957,2021-06-19,6000,4449.64,EUR,CUST002
2958,2023-04-17,7000,4268.74,EUR,CUST017
2959,2021-09-04,7000,2922.05,EUR,CUST003
2960,2020-01-25,6000,2135.75,EUR,CUST012
2961,2024-10-22,6000,562.02,EUR,CUST001
2962,2021-03-05,6000,2015.38,EUR,CUST018
2963,2020-12-08,6000,4477.03,EUR,CUST014
2964,2023-02-19,7000,1347.48,EUR,CUST017
2965,2022-02-16,6000,1535.85,EUR,CUST006
2966,2023-02-14,6000,3435.69,EUR,CUST001
2967,2022-07-26,7000,813.03,EUR,CUST009
2968,2023-01-19,6000,2678.81,EUR,CUST017
2969,2022-01-17,7000,3590.55,EUR,CUST010
2970,2023-03-03,7000,4683.83,EUR,CUST012
2971,2024-12-21,7000,722.83,EUR,CUST018
2972,2021-04-17,6000,1723.24,EUR,CUST001
2973,2023-02-03,6000,3509.48,EUR,CUST009
2974,2023-05-29,6000,103.32,EUR,CUST012
2975,2022-09-23,7000,4525.31,EUR,CUST003
2976,2025-01-03,6000,2215.82,EUR,CUST007
2977,2021-09-16,7000,4026.2,EUR,CUST003
2978,2020-02-11,6000,2850.35,EUR,CUST003
2979,2023-06-27,6000,2681.75,EUR,CUST015
2980,2024-11-30,6000,877.27,EUR,CUST001
2981,2024-03-29,6000,834.76,EUR,CUST020
2982,2023-05-27,6000,2328.44,EUR,CUST009
2983,2020-10-15,7000,2489.52,EUR,CUST012
2984,2024-02-01,7000,1624.11,EUR,CUST005
2985,2024-02-13,6000,4854.16,EUR,CUST017
2986,2024-10-13,6000,4206.77,EUR,CUST011
2987,2025-03-16,7000,3625.77,EUR,CUST014
2988,2021-03-09,6000,3732.71,EUR,CUST001
2989,2024-12-10,7000,2389.74,EUR,CUST012
2990,2021-03-24,7000,929.04,EUR,CUST012
2991,2022-07-29,6000,1551.0,EUR,CUST003
2992,2021-11-14,6000,1540.75,EUR,CUST006
2993,2024-11-18,6000,4127.02,EUR,CUST004
2994,2023-02-20,6000,2365.54,EUR,CUST020
2995,2024-10-13,7000,889.53,EUR,CUST004
2996,2023-03-28,7000,4496.01,EUR,CUST014
2997,2021-03-03,6000,2630.39,EUR,CUST010
2998,2021-05-26,7000,592.14,EUR,CUST014
2999,2024-03-12,7000,4198.82,EUR,CUST010
3000,2023-08-24,7000,4660.1,EUR,CUST013
3001,2021-06-27,7000,2951.21,EUR,CUST017
3002,2019-10-08,6000,508.9,EUR,CUST014
3003,2022-07-23,6000,2312.57,EUR,CUST008
3004,2021-06-04,7000,4408.33,EUR,CUST004
3005,2020-12-05,6000,2492.02,EUR,CUST018
3006,2022-01-05,6000,2472.83,EUR,CUST002
3007,2021-12-11,6000,4727.73,EUR,CUST010
3008,2020-05-02,6000,1728.66,EUR,CUST018
3009,2025-08-06,7000,2296.25,EUR,CUST005
3010,2021-05-28,7000,2070.7,EUR,CUST016
3011,2020-12-04,7000,1754.43,EUR,CUST007
3012,2021-10-15,7000,1136.64,EUR,CUST005
3013,2022-04-04,7000,1963.18,EUR,CUST009
3014,2023-11-18,6000,1091.71,EUR,CUST013
3015,2025-04-06,6000,938.7,EUR,CUST010
3016,2019-12-10,6000,1885.73,EUR,CUST013
3017,2024-04-28,7000,1787.07,EUR,CUST003
3018,2025-04-22,7000,4615.01,EUR,CUST010
3019,2022-03-30,7000,3494.77,EUR,CUST012
3020,2025-06-21,7000,475.79,EUR,CUST013
3021,2020-10-05,6000,700.28,EUR,CUST008
3022,2023-07-06,7000,1546.02,EUR,CUST003
3023,2023-10-23,6000,3924.49,EUR,CUST011
3024,2019-10-25,7000,3012.46,EUR,CUST005
3025,2025-04-03,7000,4573.28,EUR,CUST017
3026,2023-03-02,7000,2330.63,EUR,CUST014
3027,2025-08-07,7000,3117.68,EUR,CUST019
3028,2022-09-24,7000,3905.69,EUR,CUST009
3029,2020-07-30,6000,504.94,EUR,CUST020
3030,2025-03-03,6000,318.54,EUR,CUST014
3031,2021-02-18,7000,4108.81,EUR,CUST004
3032,2021-07-04,7000,1667.2,EUR,CUST010
3033,2023-06-24,7000,391.67,EUR,CUST005
3034,2021-04-17,6000,4680.17,EUR,CUST011
3035,2024-10-26,6000,3230.83,EUR,CUST002
3036,2023-10-20,6000,203.24,EUR,CUST012
3037,2020-05-04,6000,4292.48,EUR,CUST011
3038,2020-06-20,6000,3541.21,EUR,CUST015
3039,2025-03-30,7000,3421.31,EUR,CUST017
3040,2024-09-19,6000,513.33,EUR,CUST016
3041,2022-01-04,6000,2388.55,EUR,CUST002
3042,2024-01-13,6000,2305.93,EUR,CUST010
3043,2019-12-25,7000,2925.17,EUR,CUST016
3044,2021-11-04,7000,2893.99,EUR,CUST010
3045,2025-08-11,6000,1335.75,EUR,CUST014
3046,2023-12-02,6000,1814.22,EUR,CUST018
3047,2022-04-14,6000,4939.46,EUR,CUST008
3048,2023-11-07,6000,3484.94,EUR,CUST003
3049,2021-10-26,6000,2925.45,EUR,CUST010
3050,2020-11-22,7000,693.62,EUR,CUST017
3051,2020-10-19,6000,1469.23,EUR,CUST015
3052,2022-11-04,6000,534.48,EUR,CUST015
3053,2020-03-15,6000,4358.02,EUR,CUST018
3054,2021-06-01,6000,1195.42,EUR,CUST007
3055,2024-12-25,6000,3859.64,EUR,CUST013
3056,2021-03-29,6000,1202.86,EUR,CUST009
3057,2023-07-30,7000,4396.53,EUR,CUST004
3058,2020-12-15,6000,2641.24,EUR,CUST008
3059,2021-06-13,7000,4715.23,EUR,CUST002
3060,2022-07-30,7000,755.43,EUR,CUST007
3061,2023-06-25,6000,219.51,EUR,CUST010
3062,2022-03-03,7000,1515.31,EUR,CUST018
3063,2023-10-08,7000,1410.96,EUR,CUST013
3064,2025-04-02,6000,2137.58,EUR,CUST011
3065,2025-07-07,7000,4899.44,EUR,CUST013
3066,2022-05-02,6000,1089.36,EUR,CUST013
3067,2022-07-30,7000,308.29,EUR,CUST011
3068,2022-12-29,6000,447.04,EUR,CUST017
3069,2024-12-24,6000,449.62,EUR,CUST004
3070,2023-12-16,6000,3145.34,EUR,CUST008
3071,2020-04-27,6000,2951.78,EUR,CUST010
3072,2020-08-12,7000,4997.06,EUR,CUST002
3073,2022-12-30,6000,1185.52,EUR,CUST002
3074,2023-10-05,6000,3675.61,EUR,CUST016
3075,2022-11-06,7000,1057.1,EUR,CUST013
3076,2021-10-03,6000,2130.4,EUR,CUST012
3077,2024-04-12,6000,1749.55,EUR,CUST005
3078,2023-07-04,6000,3547.14,EUR,CUST010
3079,2022-10-23,7000,3232.6,EUR,CUST005
3080,2025-03-28,6000,3123.14,EUR,CUST003
3081,2025-09-16,7000,3807.69,EUR,CUST006
3082,2020-08-11,7000,1487.74,EUR,CUST016
3083,2021-01-06,6000,3335.83,EUR,CUST010
3084,2023-11-17,6000,1861.3,EUR,CUST011
3085,2022-02-11,7000,1883.85,EUR,CUST009
3086,2025-07-02,7000,3802.4,EUR,CUST008
3087,2020-10-11,6000,1926.53,EUR,CUST013
3088,2021-10-21,6000,806.71,EUR,CUST006
3089,2025-02-11,7000,3772.13,EUR,CUST014
3090,2025-01-02,7000,2524.03,EUR,CUST015
3091,2021-01-08,6000,1062.83,EUR,CUST018
3092,2021-01-31,7000,4358.98,EUR,CUST015
3093,2024-08-04,6000,1463.3,EUR,CUST004
3094,2022-04-04,6000,1413.57,EUR,CUST018
3095,2020-10-02,7000,2987.98,EUR,CUST015
3096,2023-12-02,7000,477.08,EUR,CUST005
3097,2021-06-20,6000,1198.82,EUR,CUST016
3098,2024-12-03,7000,2085.45,EUR,CUST020
3099,2025-03-31,6000,3679.97,EUR,CUST004
3100,2020-12-10,6000,3493.05,EUR,CUST017
3101,2023-04-01,6000,1156.4,EUR,CUST001
3102,2025-02-16,7000,1235.29,EUR,CUST008
3103,2023-06-21,7000,3137.48,EUR,CUST011
3104,2020-01-19,7000,1325.27,EUR,CUST012
3105,2023-02-02,7000,1751.51,EUR,CUST019
3106,2021-08-21,7000,1043.41,EUR,CUST004
3107,2024-09-21,7000,4214.75,EUR,CUST015
3108,2025-03-17,6000,527.89,EUR,CUST019
3109,2021-01-30,6000,3453.64,EUR,CUST002
3110,2021-04-11,7000,322.78,EUR,CUST018
3111,2024-02-11,6000,3126.48,EUR,CUST011
3112,2021-12-14,7000,1578.48,EUR,CUST003
3113,2022-09-03,6000,2879.77,EUR,CUST011
3114,2022-06-29,6000,4901.67,EUR,CUST013
3115,2020-03-26,6000,4005.86,EUR,CUST015
3116,2020-05-03,7000,3339.04,EUR,CUST019
3117,2020-11-21,7000,2008.87,EUR,CUST016
3118,2025-08-02,7000,4824.75,EUR,CUST020
3119,2023-03-21,6000,937.0,EUR,CUST001
3120,2023-07-24,6000,3010.52,EUR,CUST016
3121,2023-09-29,7000,875.98,EUR,CUST010
3122,2024-09-06,7000,1547.39,EUR,CUST013
3123,2022-03-18,6000,4569.96,EUR,CUST002
3124,2023-12-05,6000,3611.74,EUR,CUST008
3125,2023-02-16,6000,3407.32,EUR,CUST012
3126,2023-02-13,6000,2638.89,EUR,CUST001
3127,2023-03-22,7000,3748.58,EUR,CUST020
3128,2024-05-12,7000,1568.26,EUR,CUST020
3129,2022-01-06,7000,1169.72,EUR,CUST015
3130,2022-08-10,7000,187.2,EUR,CUST007
3131,2023-06-02,6000,530.84,EUR,CUST009
3132,2025-04-01,7000,588.02,EUR,CUST017
3133,2025-09-02,7000,4397.39,EUR,CUST015
3134,2021-10-24,7000,2387.45,EUR,CUST003
3135,2020-08-09,6000,593.36,EUR,CUST015
3136,2025-02-05,6000,4805.53,EUR,CUST007
3137,2022-04-20,7000,1659.42,EUR,CUST018
3138,2025-04-24,7000,634.3,EUR,CUST009
3139,2023-07-11,6000,537.94,EUR,CUST006
3140,2019-11-27,6000,649.45,EUR,CUST015
3141,2021-04-26,6000,2454.01,EUR,CUST001
3142,2022-12-29,7000,1847.53,EUR,CUST018
3143,2024-05-29,6000,2776.67,EUR,CUST009
3144,2020-08-12,7000,4045.91,EUR,CUST004
3145,2025-02-08,6000,3781.51,EUR,CUST007
3146,2020-11-10,7000,1679.93,EUR,CUST004
3147,2024-02-02,7000,201.91,EUR,CUST019
3148,2020-04-05,6000,3356.15,EUR,CUST003
3149,2023-01-22,6000,2440.67,EUR,CUST003
3150,2021-05-08,7000,803.93,EUR,CUST005
3151,2024-02-13,6000,4888.02,EUR,CUST001
3152,2021-01-23,7000,2496.19,EUR,CUST018
3153,2024-12-27,7000,4553.5,EUR,CUST020
3154,2022-02-04,7000,1416.17,EUR,CUST019
3155,2020-01-12,7000,705.26,EUR,CUST018
3156,2023-11-17,7000,2767.73,EUR,CUST015
3157,2023-10-07,7000,4709.02,EUR,CUST001
3158,2020-04-13,7000,3658.95,EUR,CUST018
3159,2020-04-09,6000,3251.88,EUR,CUST001
3160,2025-09-05,7000,4808.28,EUR,CUST009
3161,2021-05-29,7000,3635.6,EUR,CUST003
3162,2020-08-06,6000,2579.69,EUR,CUST006
3163,2024-11-08,6000,1833.45,EUR,CUST017
3164,2020-01-06,6000,1543.39,EUR,CUST019
3165,2021-11-14,7000,929.21,EUR,CUST012
3166,2024-06-11,7000,4157.8,EUR,CUST003
3167,2022-12-26,7000,4592.32,EUR,CUST015
3168,2023-10-22,6000,3746.58,EUR,CUST002
3169,2022-04-28,6000,2406.36,EUR,CUST019
3170,2023-05-05,6000,2565.52,EUR,CUST003
3171,2021-11-10,7000,935.29,EUR,CUST004
3172,2022-07-10,7000,2536.1,EUR,CUST014
3173,2024-01-12,6000,4643.82,EUR,CUST013
3174,2023-08-19,6000,4799.51,EUR,CUST005
3175,2025-06-01,6000,645.82,EUR,CUST017
3176,2024-02-19,6000,3513.28,EUR,CUST018
3177,2025-04-03,7000,406.26,EUR,CUST014
3178,2024-04-20,7000,2401.13,EUR,CUST019
3179,2021-11-20,6000,568.54,EUR,CUST002
3180,2024-01-20,6000,4734.14,EUR,CUST003
3181,2020-10-14,7000,2816.04,EUR,CUST009
3182,2020-02-27,6000,712.35,EUR,CUST008
3183,2024-08-08,7000,1627.36,EUR,CUST009
3184,2021-06-30,7000,629.67,EUR,CUST005
3185,2024-05-08,7000,972.7,EUR,CUST018
3186,2020-05-09,6000,1512.83,EUR,CUST002
3187,2023-11-17,7000,3520.72,EUR,CUST018
3188,2024-09-26,7000,2653.49,EUR,CUST009
3189,2023-11-23,7000,1138.11,EUR,CUST006
3190,2023-11-12,7000,2325.86,EUR,CUST006
3191,2021-12-01,6000,4326.91,EUR,CUST001
3192,2023-03-13,6000,2161.52,EUR,CUST015
3193,2020-12-26,7000,4509.35,EUR,CUST004
3194,2021-06-11,7000,2723.04,EUR,CUST020
3195,2025-02-14,7000,3687.02,EUR,CUST002
3196,2021-06-15,7000,3345.72,EUR,CUST019
3197,2023-08-31,6000,4151.07,EUR,CUST010
3198,2022-02-21,7000,2430.42,EUR,CUST001
3199,2023-08-15,7000,4642.16,EUR,CUST018
3200,2021-02-08,7000,4829.28,EUR,CUST017
3201,2020-06-06,6000,3000.77,EUR,CUST012
3202,2021-01-10,7000,2656.36,EUR,CUST007
3203,2024-09-27,6000,1105.65,EUR,CUST013
3204,2022-05-01,6000,282.84,EUR,CUST006
3205,2024-11-28,6000,4918.13,EUR,CUST010
3206,2022-11-01,7000,2194.14,EUR,CUST005
3207,2024-11-10,7000,3971.19,EUR,CUST006
3208,2023-01-14,6000,3352.76,EUR,CUST017
3209,2025-01-24,7000,3465.81,EUR,CUST005
3210,2019-10-05,6000,638.96,EUR,CUST002
3211,2020-10-18,6000,1826.44,EUR,CUST008
3212,2020-08-06,7000,3020.46,EUR,CUST020
3213,2021-04-18,6000,3940.24,EUR,CUST001
3214,2019-12-12,6000,3344.35,EUR,CUST007
3215,2023-03-11,6000,3172.39,EUR,CUST004
3216,2021-02-21,7000,4156.28,EUR,CUST004
3217,2020-12-14,7000,4551.1,EUR,CUST010
3218,2025-08-03,6000,4814.6,EUR,CUST008
3219,2022-02-05,7000,958.35,EUR,CUST010
3220,2020-05-05,6000,4755.79,EUR,CUST008
3221,2022-10-18,6000,1523.4,EUR,CUST009
3222,2024-10-02,6000,4372.39,EUR,CUST017
3223,2025-04-15,6000,1042.29,EUR,CUST005
3224,2024-05-24,7000,2415.79,EUR,CUST004
3225,2020-07-08,6000,2585.46,EUR,CUST012
3226,2020-04-14,7000,3477.81,EUR,CUST013
3227,2022-02-26,7000,4510.37,EUR,CUST017
3228,2021-05-06,6000,712.84,EUR,CUST013
3229,2023-08-29,7000,1562.85,EUR,CUST010
3230,2019-12-27,7000,1059.67,EUR,CUST009
3231,2019-10-26,7000,4823.44,EUR,CUST011
3232,2020-04-19,6000,3102.09,EUR,CUST020
3233,2021-07-13,6000,4203.79,EUR,CUST007
3234,2020-08-12,7000,2546.1,EUR,CUST008
3235,2025-09-27,6000,3619.69,EUR,CUST014
3236,2023-08-10,6000,404.85,EUR,CUST014
3237,2024-08-29,6000,4524.38,EUR,CUST005
3238,2020-10-27,7000,3621.75,EUR,CUST005
3239,2022-08-20,6000,4674.7,EUR,CUST012
3240,2025-09-04,7000,3627.9,EUR,CUST017
3241,2021-08-14,7000,2954.65,EUR,CUST010
3242,2021-03-14,6000,2501.27,EUR,CUST010
3243,2020-09-16,7000,264.72,EUR,CUST016
3244,2024-12-05,7000,4039.35,EUR,CUST017
3245,2021-06-15,7000,134.82,EUR,CUST019
3246,2023-07-05,6000,370.01,EUR,CUST002
3247,2020-04-14,6000,4849.51,EUR,CUST019
3248,2023-01-12,7000,4995.96,EUR,CUST015
3249,2020-10-31,6000,3654.04,EUR,CUST020
3250,2021-08-09,6000,1165.44,EUR,CUST006
3251,2020-10-09,7000,1575.73,EUR,CUST011
3252,2023-12-22,6000,914.88,EUR,CUST002
3253,2022-11-21,6000,804.35,EUR,CUST016
3254,2020-01-27,7000,3308.35,EUR,CUST011
3255,2022-06-06,6000,3778.64,EUR,CUST014
3256,2024-02-19,6000,3994.63,EUR,CUST008
3257,2023-03-18,6000,2155.66,EUR,CUST011
3258,2024-07-08,6000,3167.83,EUR,CUST002
3259,2020-04-04,6000,2124.22,EUR,CUST001
3260,2023-03-03,6000,474.13,EUR,CUST001
3261,2025-06-26,7000,3883.29,EUR,CUST009
3262,2023-05-04,6000,3686.6,EUR,CUST008
3263,2021-05-20,7000,2891.22,EUR,CUST005
3264,2024-05-02,7000,3253.93,EUR,CUST006
3265,2020-10-15,6000,2279.61,EUR,CUST020
3266,2025-07-24,6000,2274.84,EUR,CUST011
3267,2020-03-12,7000,358.74,EUR,CUST019
3268,2020-07-20,7000,329.82,EUR,CUST005
3269,2025-08-21,6000,2443.56,EUR,CUST013
3270,2021-05-27,6000,4297.36,EUR,CUST018
3271,2021-06-24,7000,307.33,EUR,CUST017
3272,2020-06-28,6000,3056.17,EUR,CUST015
3273,2019-10-10,7000,129.28,EUR,CUST018
3274,2023-05-05,6000,2786.21,EUR,CUST004
3275,2021-08-16,7000,351.98,EUR,CUST010
3276,2021-02-05,6000,4061.06,EUR,CUST018
3277,2023-02-13,7000,2114.79,EUR,CUST013
3278,2023-08-11,6000,1044.83,EUR,CUST010
3279,2021-03-15,7000,4980.21,EUR,CUST004
3280,2022-06-22,7000,1528.83,EUR,CUST014
3281,2024-12-27,7000,3324.16,EUR,CUST007
3282,2023-05-23,7000,2153.11,EUR,CUST001
3283,2024-04-26,6000,4780.22,EUR,CUST003
3284,2020-01-24,6000,1307.09,EUR,CUST017
3285,2024-11-14,7000,2047.38,EUR,CUST016
3286,2025-03-19,7000,1329.27,EUR,CUST018
3287,2025-04-03,6000,2823.21,EUR,CUST017
3288,2021-04-10,6000,3718.87,EUR,CUST009
3289,2021-01-21,7000,4516.03,EUR,CUST012
3290,2022-03-18,7000,3350.51,EUR,CUST003
3291,2023-04-14,7000,571.65,EUR,CUST004
3292,2023-05-25,6000,3086.89,EUR,CUST019
3293,2025-05-13,6000,871.21,EUR,CUST009
3294,2021-12-27,6000,4691.31,EUR,CUST003
3295,2021-06-13,6000,1626.79,EUR,CUST013
3296,2024-08-21,7000,1531.67,EUR,CUST006
3297,2022-06-08,6000,377.77,EUR,CUST004
3298,2019-12-26,7000,3199.68,EUR,CUST009
3299,2020-07-24,7000,1223.2,EUR,CUST017
3300,2024-11-20,7000,1845.49,EUR,CUST020
3301,2025-06-14,6000,262.59,EUR,CUST020
3302,2024-11-06,6000,4863.46,EUR,CUST008
3303,2021-10-18,7000,3069.28,EUR,CUST013
3304,2025-08-20,6000,395.41,EUR,CUST011
3305,2021-07-08,6000,2652.11,EUR,CUST013
3306,2021-09-25,6000,3642.47,EUR,CUST005
3307,2021-10-01,6000,2963.93,EUR,CUST014
3308,2025-07-09,6000,2526.13,EUR,CUST010
3309,2022-08-29,6000,1965.76,EUR,CUST008
3310,2023-05-01,6000,4784.0,EUR,CUST011
3311,2024-01-25,6000,1183.45,EUR,CUST019
3312,2020-10-31,7000,3506.81,EUR,CUST010
3313,2020-01-25,6000,3557.17,EUR,CUST003
3314,2023-10-10,7000,1727.88,EUR,CUST011
3315,2020-07-24,6000,1304.4,EUR,CUST013
3316,2024-09-06,7000,3540.28,EUR,CUST008
3317,2025-02-21,7000,4372.37,EUR,CUST005
3318,2022-11-27,6000,382.4,EUR,CUST007
3319,2023-02-21,7000,3794.51,EUR,CUST003
3320,2020-02-02,6000,4700.41,EUR,CUST018
3321,2023-11-14,6000,1157.66,EUR,CUST005
3322,2022-06-15,7000,4454.46,EUR,CUST009
3323,2020-05-14,7000,4082.25,EUR,CUST006
3324,2021-03-16,6000,500.06,EUR,CUST009
3325,2023-04-21,7000,867.21,EUR,CUST009
3326,2023-01-25,6000,375.56,EUR,CUST009
3327,2024-05-29,6000,3582.42,EUR,CUST017
3328,2020-05-08,6000,2792.09,EUR,CUST010
3329,2022-10-21,6000,4861.24,EUR,CUST007
3330,2020-01-26,6000,554.96,EUR,CUST008
3331,2024-05-09,7000,3505.12,EUR,CUST003
3332,2024-12-03,6000,1281.12,EUR,CUST013
3333,2025-07-13,7000,4496.68,EUR,CUST014
3334,2021-03-14,7000,559.88,EUR,CUST006
3335,2024-03-26,7000,538.55,EUR,CUST011
3336,2025-08-19,6000,128.45,EUR,CUST012
3337,2025-04-23,7000,3379.63,EUR,CUST001
3338,2022-06-29,6000,2154.62,EUR,CUST007
3339,2024-05-09,7000,1202.93,EUR,CUST020
3340,2025-08-27,6000,2886.7,EUR,CUST017
3341,2024-01-03,6000,2259.34,EUR,CUST019
3342,2022-05-20,6000,4868.22,EUR,CUST005
3343,2020-01-12,7000,179.78,EUR,CUST006
3344,2022-09-29,6000,4946.3,EUR,CUST010
3345,2019-11-24,6000,2966.11,EUR,CUST012
3346,2020-09-26,7000,4089.19,EUR,CUST008
3347,2023-10-10,6000,1696.16,EUR,CUST014
3348,2025-03-25,7000,810.8,EUR,CUST002
3349,2022-03-11,7000,4026.21,EUR,CUST007
3350,2022-07-03,6000,1127.33,EUR,CUST017
3351,2023-03-21,7000,631.52,EUR,CUST002
3352,2020-07-15,7000,1325.84,EUR,CUST003
3353,2024-03-25,7000,4371.26,EUR,CUST008
3354,2022-07-13,6000,2633.15,EUR,CUST020
3355,2022-04-20,7000,176.13,EUR,CUST013
3356,2024-08-16,7000,2277.65,EUR,CUST001
3357,2023-01-28,7000,3256.88,EUR,CUST008
3358,2020-08-12,7000,1699.13,EUR,CUST008
3359,2023-03-11,6000,877.03,EUR,CUST001
3360,2021-04-01,6000,4523.7,EUR,CUST020
3361,2022-09-01,6000,3139.75,EUR,CUST015
3362,2021-01-02,7000,830.12,EUR,CUST006
3363,2022-03-29,6000,4304.15,EUR,CUST001
3364,2020-06-08,7000,4354.74,EUR,CUST020
3365,2025-02-13,7000,1036.18,EUR,CUST011
3366,2020-06-08,7000,3101.81,EUR,CUST010
3367,2022-02-21,6000,572.78,EUR,CUST007
3368,2022-04-14,6000,2644.38,EUR,CUST014
3369,2022-11-07,6000,1943.09,EUR,CUST020
3370,2022-04-15,7000,4559.55,EUR,CUST003
3371,2024-09-16,6000,2524.06,EUR,CUST018
3372,2023-06-29,6000,1486.29,EUR,CUST002
3373,2021-03-12,6000,4648.92,EUR,CUST016
3374,2024-01-23,7000,905.73,EUR,CUST009
3375,2020-01-09,6000,1101.48,EUR,CUST008
3376,2021-09-18,6000,306.59,EUR,CUST010
3377,2020-12-09,7000,3126.28,EUR,CUST017
3378,2020-03-21,7000,745.22,EUR,CUST015
3379,2022-12-12,7000,2235.36,EUR,CUST019
3380,2021-04-09,6000,4105.41,EUR,CUST006
3381,2020-12-21,6000,3671.37,EUR,CUST007
3382,2020-11-25,6000,455.1,EUR,CUST013
3383,2023-12-26,7000,3693.81,EUR,CUST008
3384,2019-10-01,7000,448.84,EUR,CUST015
3385,2019-12-18,7000,4139.76,EUR,CUST011
3386,2021-03-27,6000,2447.52,EUR,CUST005
3387,2021-11-29,6000,475.08,EUR,CUST003
3388,2022-05-20,6000,1543.46,EUR,CUST008
3389,2020-08-13,6000,1617.04,EUR,CUST006
3390,2020-11-06,7000,4179.4,EUR,CUST020
3391,2024-03-23,6000,3425.25,EUR,CUST012
3392,2020-08-16,6000,1744.3,EUR,CUST013
3393,2022-06-27,6000,3607.37,EUR,CUST019
3394,2025-08-10,6000,2445.31,EUR,CUST005
3395,2020-10-30,7000,2854.54,EUR,CUST006
3396,2020-02-25,7000,594.4,EUR,CUST003
3397,2023-04-11,6000,1207.72,EUR,CUST012
3398,2024-08-20,6000,1441.78,EUR,CUST020
3399,2021-07-16,6000,3488.01,EUR,CUST014
3400,2021-03-08,6000,1088.49,EUR,CUST018
3401,2022-11-25,7000,1329.86,EUR,CUST006
3402,2020-05-25,7000,504.11,EUR,CUST015
3403,2023-07-19,7000,2527.22,EUR,CUST007
3404,2023-12-02,6000,4339.84,EUR,CUST007
3405,2020-09-13,6000,1317.99,EUR,CUST007
3406,2020-11-29,6000,2499.81,EUR,CUST002
3407,2024-07-15,6000,3777.33,EUR,CUST007
3408,2024-11-01,6000,500.08,EUR,CUST008
3409,2025-06-28,7000,3957.45,EUR,CUST004
3410,2022-05-06,7000,669.67,EUR,CUST012
3411,2021-11-02,7000,4320.4,EUR,CUST011
3412,2020-02-19,7000,2570.7,EUR,CUST019
3413,2020-04-17,7000,4804.56,EUR,CUST013
3414,2024-12-17,6000,3537.68,EUR,CUST015
3415,2021-06-15,6000,2103.95,EUR,CUST009
3416,2022-08-08,7000,1912.05,EUR,CUST014
3417,2024-07-16,6000,174.18,EUR,CUST016
3418,2021-09-27,7000,499.6,EUR,CUST009
3419,2021-08-05,7000,4464.69,EUR,CUST012
3420,2021-11-24,7000,345.34,EUR,CUST012
3421,2024-10-19,7000,4025.59,EUR,CUST004
3422,2024-08-04,6000,323.58,EUR,CUST019
3423,2022-05-18,6000,3022.63,EUR,CUST004
3424,2024-06-06,7000,2307.02,EUR,CUST001
3425,2023-02-21,7000,4395.71,EUR,CUST012
3426,2025-02-10,7000,397.86,EUR,CUST005
3427,2023-12-01,6000,4206.93,EUR,CUST019
3428,2023-10-09,7000,2216.57,EUR,CUST013
3429,2022-05-29,7000,4002.08,EUR,CUST008
3430,2023-10-20,6000,3014.18,EUR,CUST007
3431,2020-06-28,7000,379.41,EUR,CUST010
3432,2021-08-10,7000,910.94,EUR,CUST012
3433,2023-07-27,7000,4976.36,EUR,CUST006
3434,2023-09-10,7000,510.24,EUR,CUST020
3435,2025-07-07,6000,644.4,EUR,CUST017
3436,2025-03-17,7000,634.96,EUR,CUST003
3437,2020-06-24,7000,2092.16,EUR,CUST018
3438,2020-08-23,7000,2643.89,EUR,CUST017
3439,2024-03-16,6000,3486.14,EUR,CUST017
3440,2021-09-09,7000,246.59,EUR,CUST011
3441,2020-11-24,6000,4990.97,EUR,CUST012
3442,2023-04-26,7000,3780.34,EUR,CUST013
3443,2020-10-25,6000,4342.32,EUR,CUST014
3444,2023-09-26,6000,2724.32,EUR,CUST012
3445,2020-08-16,6000,2389.14,EUR,CUST009
3446,2020-07-24,6000,2412.73,EUR,CUST013
3447,2025-03-21,6000,2895.83,EUR,CUST016
3448,2020-04-06,7000,1866.67,EUR,CUST019
3449,2023-11-14,6000,4952.03,EUR,CUST018
3450,2021-06-16,6000,4204.59,EUR,CUST018
3451,2024-04-20,7000,3033.36,EUR,CUST014
3452,2024-07-25,7000,4245.3,EUR,CUST001
3453,2020-05-23,6000,3155.19,EUR,CUST017
3454,2022-07-31,6000,1512.0,EUR,CUST012
3455,2020-06-30,6000,4657.0,EUR,CUST020
3456,2022-07-01,6000,3092.08,EUR,CUST006
3457,2021-09-02,7000,3501.82,EUR,CUST017
3458,2019-11-29,7000,764.77,EUR,CUST005
3459,2023-06-17,6000,1639.32,EUR,CUST009
3460,2020-05-04,6000,3755.72,EUR,CUST009
3461,2020-01-08,6000,1574.67,EUR,CUST016
3462,2023-01-10,6000,367.57,EUR,CUST010
3463,2022-05-25,6000,2655.88,EUR,CUST018
3464,2021-05-25,6000,2009.62,EUR,CUST019
3465,2022-02-13,7000,1265.97,EUR,CUST020
3466,2023-07-26,6000,2528.96,EUR,CUST008
3467,2021-01-31,6000,2810.71,EUR,CUST004
3468,2021-06-19,6000,2452.46,EUR,CUST001
3469,2023-04-03,7000,4089.32,EUR,CUST013
3470,2025-08-24,6000,4773.25,EUR,CUST012
3471,2021-02-12,7000,266.06,EUR,CUST018
3472,2022-07-16,7000,4103.87,EUR,CUST001
3473,2025-09-11,6000,2444.77,EUR,CUST013
3474,2022-03-17,6000,3719.81,EUR,CUST003
3475,2025-06-06,6000,2318.8,EUR,CUST010
3476,2025-06-05,6000,1028.85,EUR,CUST017
3477,2023-05-08,7000,2277.92,EUR,CUST002
3478,2020-09-22,6000,1193.01,EUR,CUST011
3479,2023-07-11,7000,2098.39,EUR,CUST005
3480,2020-02-18,7000,1186.0,EUR,CUST013
3481,2025-07-17,6000,3993.55,EUR,CUST007
3482,2024-01-30,6000,4230.06,EUR,CUST001
3483,2022-11-03,6000,436.17,EUR,CUST006
3484,2022-08-09,7000,3394.7,EUR,CUST017
3485,2023-04-09,6000,1690.3,EUR,CUST010
3486,2020-12-09,6000,3098.15,EUR,CUST009
3487,2022-04-17,6000,2924.05,EUR,CUST016
3488,2021-12-11,6000,615.7,EUR,CUST006
3489,2024-04-21,7000,2706.29,EUR,CUST002
3490,2021-08-20,6000,3730.3,EUR,CUST010
3491,2023-02-18,6000,690.21,EUR,CUST004
3492,2021-11-04,7000,123.51,EUR,CUST017
3493,2022-09-15,7000,3757.57,EUR,CUST003
3494,2025-09-16,7000,1544.13,EUR,CUST016
3495,2023-05-04,7000,2688.95,EUR,CUST016
3496,2024-04-23,7000,3844.92,EUR,CUST006
3497,2024-09-08,6000,4568.87,EUR,CUST017
3498,2023-12-28,7000,2078.92,EUR,CUST006
3499,2024-05-11,7000,4936.32,EUR,CUST012
3500,2020-01-23,6000,1245.7,EUR,CUST015
3501,2023-06-16,6000,2161.97,EUR,CUST019
3502,2021-02-26,7000,596.58,EUR,CUST010
3503,2023-11-27,6000,2326.37,EUR,CUST002
3504,2019-12-25,6000,4450.6,EUR,CUST007
3505,2024-05-18,6000,2516.51,EUR,CUST007
3506,2023-08-04,7000,342.54,EUR,CUST020
3507,2025-04-01,7000,4108.24,EUR,CUST010
3508,2022-04-21,7000,2173.24,EUR,CUST007
3509,2023-05-09,6000,3167.65,EUR,CUST020
3510,2023-03-18,6000,848.65,EUR,CUST020
3511,2021-06-14,6000,129.83,EUR,CUST008
3512,2024-02-24,7000,123.2,EUR,CUST020
3513,2021-12-08,7000,1445.32,EUR,CUST015
3514,2022-03-03,7000,1349.85,EUR,CUST002
3515,2023-01-15,6000,4724.92,EUR,CUST002
3516,2021-07-29,6000,1474.01,EUR,CUST009
3517,2019-11-03,7000,1271.09,EUR,CUST017
3518,2020-03-04,6000,1227.73,EUR,CUST019
3519,2020-09-12,6000,3999.15,EUR,CUST014
3520,2025-07-01,6000,2868.64,EUR,CUST017
3521,2023-03-31,7000,2636.18,EUR,CUST018
3522,2022-05-28,6000,3590.45,EUR,CUST013
3523,2023-09-16,6000,3875.96,EUR,CUST001
3524,2020-11-27,6000,3664.92,EUR,CUST011
3525,2025-06-05,6000,1627.1,EUR,CUST005
3526,2024-12-07,7000,1896.97,EUR,CUST002
3527,2022-01-14,6000,627.91,EUR,CUST014
3528,2024-01-08,7000,4792.94,EUR,CUST003
3529,2021-08-09,7000,4813.9,EUR,CUST013
3530,2025-09-08,7000,3753.68,EUR,CUST003
3531,2023-12-17,7000,4036.76,EUR,CUST013
3532,2022-06-01,7000,974.12,EUR,CUST010
3533,2019-12-09,7000,1132.94,EUR,CUST016
3534,2019-12-31,6000,4235.38,EUR,CUST013
3535,2022-12-27,6000,4818.72,EUR,CUST016
3536,2023-02-18,6000,1837.96,EUR,CUST013
3537,2025-09-18,6000,2191.36,EUR,CUST008
3538,2024-12-20,6000,4675.04,EUR,CUST002
3539,2024-07-02,7000,2437.68,EUR,CUST018
3540,2020-10-25,6000,3299.88,EUR,CUST003
3541,2023-11-08,6000,2798.8,EUR,CUST008
3542,2022-03-10,6000,4112.89,EUR,CUST013
3543,2024-03-09,6000,4249.76,EUR,CUST017
3544,2019-10-15,7000,738.19,EUR,CUST010
3545,2020-04-26,7000,3554.51,EUR,CUST001
3546,2022-08-12,7000,4196.9,EUR,CUST007
3547,2020-12-25,6000,2747.12,EUR,CUST001
3548,2023-11-12,6000,4162.28,EUR,CUST010
3549,2020-05-29,6000,2827.01,EUR,CUST019
3550,2023-08-10,6000,2954.71,EUR,CUST002
3551,2024-07-30,6000,3607.73,EUR,CUST001
3552,2019-12-08,6000,3982.92,EUR,CUST001
3553,2020-05-08,7000,4956.59,EUR,CUST013
3554,2021-10-06,6000,3392.82,EUR,CUST005
3555,2024-12-10,6000,314.46,EUR,CUST006
3556,2024-10-30,6000,4777.63,EUR,CUST003
3557,2023-11-07,7000,3342.52,EUR,CUST001
3558,2023-04-25,6000,1890.87,EUR,CUST002
3559,2019-12-26,7000,237.1,EUR,CUST003
3560,2025-07-22,6000,2272.79,EUR,CUST010
3561,2020-05-29,7000,3953.87,EUR,CUST016
3562,2024-01-28,6000,413.06,EUR,CUST005
3563,2021-03-09,6000,2672.87,EUR,CUST010
3564,2021-05-05,6000,622.01,EUR,CUST015
3565,2024-01-04,7000,4050.58,EUR,CUST018
3566,2025-02-13,7000,2203.92,EUR,CUST010
3567,2024-05-07,7000,3835.04,EUR,CUST002
3568,2025-09-29,7000,2231.31,EUR,CUST015
3569,2020-05-21,6000,513.19,EUR,CUST008
3570,2022-10-01,6000,2602.44,EUR,CUST007
3571,2022-05-29,6000,1274.12,EUR,CUST005
3572,2024-08-19,6000,1517.59,EUR,CUST005
3573,2022-04-14,7000,958.87,EUR,CUST003
3574,2024-09-28,6000,4006.0,EUR,CUST006
3575,2023-09-01,6000,3190.95,EUR,CUST011
3576,2024-12-08,6000,3297.23,EUR,CUST018
3577,2021-03-27,7000,4931.11,EUR,CUST017
3578,2025-04-13,6000,4226.88,EUR,CUST013
3579,2024-03-11,6000,4504.43,EUR,CUST016
3580,2021-11-01,6000,3286.82,EUR,CUST014
3581,2025-06-01,6000,4641.04,EUR,CUST014
3582,2024-09-15,6000,1140.37,EUR,CUST007
3583,2024-12-18,6000,1628.19,EUR,CUST003
3584,2021-08-23,6000,2854.12,EUR,CUST004
3585,2024-08-29,6000,1219.56,EUR,CUST011
3586,2023-04-22,7000,4126.73,EUR,CUST006
3587,2025-08-18,6000,2158.39,EUR,CUST019
3588,2021-05-11,6000,3777.67,EUR,CUST009
3589,2024-11-26,6000,1729.08,EUR,CUST004
3590,2023-08-10,7000,3386.34,EUR,CUST003
3591,2021-07-17,7000,294.9,EUR,CUST004
3592,2024-02-20,7000,2100.95,EUR,CUST017
3593,2024-09-04,6000,2360.07,EUR,CUST019
3594,2020-01-02,7000,2696.29,EUR,CUST004
3595,2023-07-29,6000,3298.64,EUR,CUST014
3596,2021-04-29,6000,564.1,EUR,CUST005
3597,2022-09-10,6000,3010.46,EUR,CUST005
3598,2024-04-25,7000,480.69,EUR,CUST019
3599,2025-03-14,7000,4391.76,EUR,CUST011
3600,2025-08-12,6000,282.96,EUR,CUST014
3601,2023-08-30,6000,336.97,EUR,CUST005
3602,2022-12-03,7000,2605.18,EUR,CUST012
3603,2022-10-25,7000,4980.87,EUR,CUST012
3604,2023-12-14,6000,1125.36,EUR,CUST018
3605,2021-12-15,7000,2505.6,EUR,CUST012
3606,2020-09-28,6000,3252.56,EUR,CUST009
3607,2020-11-24,7000,2387.67,EUR,CUST014
3608,2022-05-05,6000,3386.01,EUR,CUST017
3609,2022-07-06,6000,3137.34,EUR,CUST008
3610,2025-04-02,7000,3512.97,EUR,CUST010
3611,2023-11-12,7000,3165.83,EUR,CUST013
3612,2020-09-05,7000,4581.54,EUR,CUST019
3613,2021-08-13,6000,3984.52,EUR,CUST010
3614,2023-02-08,7000,4144.36,EUR,CUST002
3615,2023-11-29,7000,274.79,EUR,CUST010
3616,2020-01-05,6000,392.54,EUR,CUST015
3617,2025-07-23,6000,3272.78,EUR,CUST011
3618,2023-10-18,6000,3872.06,EUR,CUST004
3619,2024-07-27,6000,4694.16,EUR,CUST002
3620,2020-07-16,6000,3236.35,EUR,CUST018
3621,2021-04-23,7000,2883.41,EUR,CUST017
3622,2024-12-26,7000,1523.85,EUR,CUST008
3623,2022-09-28,6000,668.04,EUR,CUST008
3624,2020-03-08,6000,479.53,EUR,CUST010
3625,2024-04-28,7000,3405.5,EUR,CUST011
3626,2024-09-14,7000,4838.66,EUR,CUST016
3627,2023-09-14,7000,1417.88,EUR,CUST013
3628,2019-12-20,6000,1120.29,EUR,CUST004
3629,2025-09-04,7000,1884.32,EUR,CUST017
3630,2023-06-25,7000,149.03,EUR,CUST010
3631,2022-12-18,7000,2437.96,EUR,CUST019
3632,2021-06-19,6000,2178.46,EUR,CUST003
3633,2025-03-29,7000,4852.64,EUR,CUST001
3634,2020-11-19,7000,1120.16,EUR,CUST009
3635,2025-04-02,7000,4966.59,EUR,CUST012
3636,2025-09-04,6000,1289.4,EUR,CUST013
3637,2024-02-13,7000,3270.23,EUR,CUST003
3638,2020-04-21,6000,3112.04,EUR,CUST009
3639,2020-12-01,7000,2246.79,EUR,CUST020
3640,2020-04-29,7000,2141.2,EUR,CUST002
3641,2025-03-26,6000,1937.7,EUR,CUST006
3642,2025-09-03,7000,4251.99,EUR,CUST017
3643,2024-07-02,7000,4553.86,EUR,CUST013
3644,2023-05-18,6000,2491.8,EUR,CUST014
3645,2022-11-14,6000,4139.55,EUR,CUST007
3646,2022-01-29,6000,2365.58,EUR,CUST014
3647,2024-12-23,6000,4320.85,EUR,CUST004
3648,2022-03-16,7000,1481.58,EUR,CUST020
3649,2025-06-01,6000,258.46,EUR,CUST003
3650,2021-12-11,6000,586.19,EUR,CUST016
3651,2020-12-01,7000,2587.52,EUR,CUST010
3652,2021-10-11,7000,4624.3,EUR,CUST010
3653,2022-03-08,7000,4398.5,EUR,CUST001
3654,2021-09-19,7000,295.37,EUR,CUST004
3655,2024-05-09,6000,2098.94,EUR,CUST007
3656,2025-07-01,7000,2544.22,EUR,CUST015
3657,2020-06-04,7000,1304.92,EUR,CUST007
3658,2023-07-19,7000,808.58,EUR,CUST005
3659,2024-12-27,7000,3626.12,EUR,CUST012
3660,2024-03-06,7000,2320.02,EUR,CUST008
3661,2023-12-04,6000,206.23,EUR,CUST004
3662,2021-12-25,7000,1449.59,EUR,CUST018
3663,2023-01-03,7000,2161.49,EUR,CUST015
3664,2025-04-10,6000,3281.18,EUR,CUST010
3665,2025-07-16,6000,4118.8,EUR,CUST006
3666,2020-01-28,7000,3509.01,EUR,CUST013
3667,2024-09-07,7000,4576.99,EUR,CUST019
3668,2020-08-04,6000,4645.21,EUR,CUST003
3669,2020-10-30,6000,2615.2,EUR,CUST012
3670,2023-07-14,6000,2090.1,EUR,CUST017
3671,2024-11-23,6000,4393.06,EUR,CUST009
3672,2021-06-07,7000,721.97,EUR,CUST008
3673,2020-04-02,7000,1860.39,EUR,CUST016
3674,2022-06-09,6000,879.84,EUR,CUST003
3675,2023-10-02,6000,131.62,EUR,CUST005
3676,2022-04-04,6000,815.28,EUR,CUST016
3677,2024-08-18,7000,4466.24,EUR,CUST011
3678,2022-03-20,6000,2658.08,EUR,CUST004
3679,2023-08-17,7000,1263.19,EUR,CUST003
3680,2024-12-17,7000,1273.05,EUR,CUST006
3681,2024-06-18,7000,4326.79,EUR,CUST002
3682,2022-12-02,7000,1254.4,EUR,CUST012
3683,2020-10-28,6000,3490.13,EUR,CUST012
3684,2021-09-17,6000,437.34,EUR,CUST018
3685,2021-03-17,7000,3893.86,EUR,CUST002
3686,2019-11-05,6000,2249.71,EUR,CUST019
3687,2024-08-18,6000,1249.22,EUR,CUST008
3688,2022-07-02,6000,1795.92,EUR,CUST018
3689,2025-05-31,6000,4278.31,EUR,CUST017
3690,2024-05-20,6000,3259.41,EUR,CUST014
3691,2023-08-02,6000,3112.83,EUR,CUST018
3692,2022-10-25,7000,445.4,EUR,CUST014
3693,2019-10-13,7000,1340.0,EUR,CUST010
3694,2021-05-13,7000,3536.1,EUR,CUST007
3695,2022-09-09,7000,2698.2,EUR,CUST003
3696,2023-03-31,6000,1762.47,EUR,CUST005
3697,2022-01-27,6000,3659.04,EUR,CUST018
3698,2020-01-28,7000,4167.74,EUR,CUST018
3699,2020-12-04,7000,1243.41,EUR,CUST002
3700,2022-11-11,7000,1805.32,EUR,CUST019
3701,2020-05-24,6000,415.53,EUR,CUST017
3702,2024-11-01,7000,680.52,EUR,CUST005
3703,2024-06-16,6000,3219.28,EUR,CUST009
3704,2019-10-17,7000,4661.56,EUR,CUST006
3705,2025-03-15,7000,1650.28,EUR,CUST020
3706,2021-09-08,7000,4117.46,EUR,CUST008
3707,2020-01-04,6000,4108.97,EUR,CUST003
3708,2024-08-17,7000,3931.86,EUR,CUST014
3709,2022-03-04,6000,2112.66,EUR,CUST001
3710,2022-10-23,7000,3138.3,EUR,CUST015
3711,2024-11-18,6000,4519.82,EUR,CUST007
3712,2024-05-18,6000,2602.61,EUR,CUST001
3713,2024-08-14,7000,750.95,EUR,CUST006
3714,2023-05-23,7000,588.93,EUR,CUST014
3715,2022-01-01,7000,3627.31,EUR,CUST013
3716,2023-05-18,6000,692.9,EUR,CUST006
3717,2024-02-26,7000,545.87,EUR,CUST012
3718,2019-10-03,6000,3708.14,EUR,CUST011
3719,2023-01-07,6000,2688.38,EUR,CUST011
3720,2019-11-10,7000,3666.67,EUR,CUST009
3721,2023-11-20,6000,1534.08,EUR,CUST016
3722,2019-10-12,6000,3541.92,EUR,CUST009
3723,2023-09-10,7000,2242.17,EUR,CUST001
3724,2022-08-20,6000,893.81,EUR,CUST014
3725,2022-04-26,7000,3163.42,EUR,CUST013
3726,2023-09-14,7000,106.25,EUR,CUST004
3727,2025-03-28,7000,817.62,EUR,CUST008
3728,2024-11-06,7000,2454.6,EUR,CUST012
3729,2024-11-03,7000,1324.29,EUR,CUST006
3730,2024-12-12,7000,1627.75,EUR,CUST017
3731,2020-11-08,7000,2775.83,EUR,CUST008
3732,2024-05-31,6000,3259.96,EUR,CUST019
3733,2023-07-29,7000,1819.97,EUR,CUST009
3734,2024-09-10,6000,4067.73,EUR,CUST018
3735,2020-12-30,7000,2531.63,EUR,CUST006
3736,2020-05-18,7000,4853.66,EUR,CUST008
3737,2023-09-22,6000,2598.08,EUR,CUST010
3738,2025-04-27,6000,2925.96,EUR,CUST001
3739,2019-12-02,7000,1581.48,EUR,CUST014
3740,2020-09-26,7000,3024.62,EUR,CUST020
3741,2023-11-12,6000,2407.82,EUR,CUST019
3742,2020-08-14,6000,2739.54,EUR,CUST007
3743,2019-12-11,7000,3344.09,EUR,CUST017
3744,2022-11-30,7000,3096.95,EUR,CUST018
3745,2024-10-07,6000,4277.07,EUR,CUST004
3746,2019-10-17,6000,128.13,EUR,CUST002
3747,2021-12-17,6000,1376.36,EUR,CUST020
3748,2024-09-06,6000,4314.13,EUR,CUST003
3749,2023-06-14,6000,1392.69,EUR,CUST009
3750,2023-07-02,7000,1796.72,EUR,CUST014
3751,2024-03-18,6000,1618.98,EUR,CUST012
3752,2024-10-18,6000,3784.91,EUR,CUST012
3753,2020-06-12,7000,2587.1,EUR,CUST020
3754,2022-10-02,6000,801.06,EUR,CUST008
3755,2021-11-08,6000,2292.91,EUR,CUST010
3756,2021-08-20,7000,3659.42,EUR,CUST010
3757,2020-08-26,6000,1202.26,EUR,CUST011
3758,2024-11-04,7000,635.53,EUR,CUST010
3759,2025-04-21,6000,253.15,EUR,CUST006
3760,2022-07-25,6000,1542.77,EUR,CUST020
3761,2023-11-17,6000,3412.83,EUR,CUST004
3762,2025-04-02,6000,2625.19,EUR,CUST016
3763,2020-02-21,7000,2814.27,EUR,CUST015
3764,2023-06-02,6000,4463.18,EUR,CUST003
3765,2020-10-31,6000,3683.85,EUR,CUST009
3766,2022-05-14,7000,4026.89,EUR,CUST015
3767,2023-01-28,6000,3797.85,EUR,CUST010
3768,2020-08-04,7000,1706.57,EUR,CUST004
3769,2024-04-19,6000,370.41,EUR,CUST001
3770,2025-07-25,6000,4104.47,EUR,CUST010
3771,2022-01-16,7000,2027.05,EUR,CUST019
3772,2021-08-11,6000,3127.66,EUR,CUST015
3773,2024-11-22,6000,1587.11,EUR,CUST015
3774,2021-04-24,7000,2745.14,EUR,CUST009
3775,2024-07-27,7000,830.43,EUR,CUST009
3776,2020-06-18,7000,3330.5,EUR,CUST008
3777,2022-03-31,6000,4810.07,EUR,CUST004
3778,2023-06-09,7000,3371.76,EUR,CUST014
3779,2020-07-08,6000,4284.82,EUR,CUST018
3780,2020-06-19,6000,1216.46,EUR,CUST015
3781,2022-05-05,6000,3017.37,EUR,CUST013
3782,2020-05-12,7000,3970.31,EUR,CUST015
3783,2022-12-22,7000,1084.02,EUR,CUST017
3784,2024-07-03,6000,901.55,EUR,CUST001
3785,2022-07-15,6000,809.14,EUR,CUST019
3786,2023-07-23,7000,1339.48,EUR,CUST006
3787,2020-06-04,6000,1735.07,EUR,CUST020
3788,2019-12-10,6000,2844.01,EUR,CUST006
3789,2025-09-24,7000,2156.08,EUR,CUST010
3790,2021-09-11,6000,2195.68,EUR,CUST014
3791,2021-06-10,6000,3593.68,EUR,CUST014
3792,2021-07-26,6000,1246.58,EUR,CUST010
3793,2021-05-04,6000,2303.08,EUR,CUST015
3794,2024-01-24,6000,349.49,EUR,CUST015
3795,2022-08-31,7000,556.48,EUR,CUST001
3796,2025-05-11,7000,534.35,EUR,CUST004
3797,2021-09-28,6000,1429.3,EUR,CUST015
3798,2020-10-05,7000,2775.98,EUR,CUST009
3799,2024-02-11,6000,3899.27,EUR,CUST006
3800,2022-12-15,7000,426.41,EUR,CUST012
3801,2020-03-22,7000,1082.94,EUR,CUST010
3802,2021-10-16,7000,2682.82,EUR,CUST017
3803,2021-11-06,7000,855.38,EUR,CUST004
3804,2023-03-31,7000,1865.65,EUR,CUST001
3805,2023-05-03,7000,203.49,EUR,CUST017
3806,2020-08-14,7000,1686.56,EUR,CUST002
3807,2023-09-18,6000,1923.92,EUR,CUST009
3808,2019-11-07,6000,4394.1,EUR,CUST004
3809,2023-05-27,7000,2909.32,EUR,CUST009
3810,2021-06-04,7000,3932.66,EUR,CUST004
3811,2024-07-17,6000,4032.33,EUR,CUST008
3812,2024-05-18,6000,330.43,EUR,CUST009
3813,2021-09-24,6000,4292.35,EUR,CUST002
3814,2023-11-07,6000,4848.03,EUR,CUST014
3815,2024-04-24,7000,4952.19,EUR,CUST014
3816,2023-03-14,7000,4475.16,EUR,CUST013
3817,2022-09-15,7000,718.65,EUR,CUST020
3818,2022-04-11,7000,2993.26,EUR,CUST014
3819,2023-11-23,7000,342.23,EUR,CUST012
3820,2023-06-24,6000,1285.15,EUR,CUST001
3821,2024-06-02,6000,2883.09,EUR,CUST020
3822,2021-10-13,6000,4957.72,EUR,CUST019
3823,2021-06-15,7000,937.59,EUR,CUST005
3824,2022-10-02,6000,3209.11,EUR,CUST016
3825,2021-10-30,7000,880.77,EUR,CUST020
3826,2023-03-16,7000,1958.78,EUR,CUST005
3827,2022-07-28,6000,737.08,EUR,CUST020
3828,2024-06-29,6000,270.75,EUR,CUST001
3829,2020-02-21,6000,1149.43,EUR,CUST004
3830,2020-02-03,6000,1276.29,EUR,CUST006
3831,2025-07-13,7000,3645.42,EUR,CUST013
3832,2025-04-07,6000,2964.52,EUR,CUST011
3833,2020-12-25,7000,2657.32,EUR,CUST010
3834,2020-03-31,6000,4163.72,EUR,CUST013
3835,2024-11-18,7000,427.2,EUR,CUST006
3836,2019-11-05,7000,3431.84,EUR,CUST007
3837,2025-07-16,6000,1404.7,EUR,CUST007
3838,2020-12-11,7000,2776.83,EUR,CUST009
3839,2021-10-06,6000,2012.15,EUR,CUST011
3840,2022-06-14,7000,2605.08,EUR,CUST013
3841,2021-05-25,6000,3040.07,EUR,CUST010
3842,2021-12-17,6000,4337.58,EUR,CUST008
3843,2021-06-27,7000,1087.51,EUR,CUST017
3844,2025-06-01,7000,1282.86,EUR,CUST006
3845,2025-06-21,6000,337.85,EUR,CUST002
3846,2022-10-25,7000,107.82,EUR,CUST019
3847,2021-03-29,6000,2061.39,EUR,CUST014
3848,2021-03-18,7000,3861.97,EUR,CUST002
3849,2022-10-16,6000,3954.48,EUR,CUST019
3850,2024-06-11,6000,1295.19,EUR,CUST019
3851,2023-03-19,7000,3503.57,EUR,CUST003
3852,2024-05-28,7000,1664.56,EUR,CUST008
3853,2025-05-25,7000,2200.8,EUR,CUST005
3854,2025-03-29,7000,1005.63,EUR,CUST011
3855,2023-01-08,7000,2246.33,EUR,CUST009
3856,2020-01-02,7000,4346.74,EUR,CUST018
3857,2022-07-19,6000,2936.13,EUR,CUST006
3858,2024-09-25,7000,3125.21,EUR,CUST016
3859,2020-02-07,7000,1718.33,EUR,CUST013
3860,2019-10-19,6000,4058.19,EUR,CUST018
3861,2023-09-08,6000,1056.18,EUR,CUST004
3862,2020-12-24,6000,3015.76,EUR,CUST008
3863,2025-05-07,6000,3678.8,EUR,CUST006
3864,2021-04-16,7000,2436.13,EUR,CUST013
3865,2021-05-02,7000,775.17,EUR,CUST001
3866,2025-09-09,6000,1134.19,EUR,CUST003
3867,2021-02-11,7000,626.01,EUR,CUST007
3868,2025-01-23,7000,133.09,EUR,CUST005
3869,2023-03-19,6000,3545.78,EUR,CUST010
3870,2020-02-26,7000,1213.36,EUR,CUST005
3871,2022-02-09,7000,4359.56,EUR,CUST018
3872,2022-03-07,7000,1802.17,EUR,CUST001
3873,2021-08-17,6000,1280.13,EUR,CUST010
3874,2024-04-22,6000,2042.18,EUR,CUST015
3875,2024-09-29,7000,1185.58,EUR,CUST003
3876,2021-11-22,6000,2036.64,EUR,CUST002
3877,2023-07-31,6000,4018.11,EUR,CUST009
3878,2022-11-01,6000,4722.44,EUR,CUST010
3879,2024-09-26,7000,2419.78,EUR,CUST011
3880,2025-03-11,6000,2173.15,EUR,CUST013
3881,2024-09-10,6000,2269.68,EUR,CUST002
3882,2021-11-14,7000,1978.49,EUR,CUST001
3883,2021-07-25,6000,4460.35,EUR,CUST006
3884,2024-12-16,7000,939.89,EUR,CUST001
3885,2022-09-09,6000,158.44,EUR,CUST012
3886,2022-05-19,6000,722.52,EUR,CUST012
3887,2023-07-24,6000,603.48,EUR,CUST019
3888,2021-10-22,7000,3963.35,EUR,CUST013
3889,2024-12-31,6000,1140.79,EUR,CUST019
3890,2022-08-04,6000,1149.76,EUR,CUST017
3891,2022-11-15,7000,1116.62,EUR,CUST015
3892,2025-04-29,7000,3261.42,EUR,CUST009
3893,2020-01-15,7000,2177.92,EUR,CUST011
3894,2022-10-16,7000,4445.62,EUR,CUST012
3895,2020-12-10,6000,2769.24,EUR,CUST014
3896,2020-07-31,6000,1924.44,EUR,CUST003
3897,2023-08-06,7000,213.0,EUR,CUST014
3898,2020-09-28,7000,3200.82,EUR,CUST020
3899,2022-12-06,7000,940.91,EUR,CUST004
3900,2021-07-30,6000,643.34,EUR,CUST020
3901,2021-06-10,6000,452.32,EUR,CUST005
3902,2020-03-18,6000,316.31,EUR,CUST010
3903,2024-10-12,6000,4250.59,EUR,CUST018
3904,2024-09-04,6000,2030.46,EUR,CUST003
3905,2020-12-03,7000,1744.85,EUR,CUST019
3906,2024-04-17,7000,3889.98,EUR,CUST019
3907,2021-07-12,7000,3092.92,EUR,CUST006
3908,2020-03-02,6000,1424.62,EUR,CUST005
3909,2022-09-25,6000,2170.0,EUR,CUST007
3910,2023-02-13,7000,3699.5,EUR,CUST020
3911,2024-06-13,7000,3260.26,EUR,CUST001
3912,2024-05-01,7000,2317.31,EUR,CUST009
3913,2022-11-11,7000,2750.36,EUR,CUST018
3914,2023-03-01,7000,1783.5,EUR,CUST006
3915,2019-12-13,7000,4927.01,EUR,CUST008
3916,2020-10-11,7000,4244.86,EUR,CUST005
3917,2022-09-06,7000,1121.07,EUR,CUST019
3918,2020-04-06,6000,1733.18,EUR,CUST004
3919,2024-10-30,6000,2196.49,EUR,CUST010
3920,2022-04-12,7000,2211.9,EUR,CUST019
3921,2024-04-18,6000,3894.53,EUR,CUST019
3922,2023-06-20,6000,3538.82,EUR,CUST013
3923,2022-09-03,7000,4785.3,EUR,CUST017
3924,2024-09-21,6000,2133.38,EUR,CUST002
3925,2023-11-20,6000,914.38,EUR,CUST008
3926,2022-06-06,7000,1873.24,EUR,CUST011
3927,2021-07-09,6000,1038.39,EUR,CUST019
3928,2020-02-17,7000,4730.68,EUR,CUST015
3929,2024-05-18,7000,1292.68,EUR,CUST006
3930,2020-03-16,6000,4064.57,EUR,CUST010
3931,2022-01-11,6000,896.83,EUR,CUST020
3932,2022-05-27,7000,2295.1,EUR,CUST010
3933,2021-09-29,7000,1861.33,EUR,CUST002
3934,2023-12-27,6000,2379.7,EUR,CUST011
3935,2023-07-05,6000,1420.41,EUR,CUST007
3936,2025-01-12,7000,3593.53,EUR,CUST003
3937,2025-02-01,6000,4548.27,EUR,CUST011
3938,2020-02-12,7000,4414.73,EUR,CUST011
3939,2022-07-27,6000,4738.51,EUR,CUST014
3940,2024-02-27,7000,727.35,EUR,CUST013
3941,2025-07-03,7000,4091.08,EUR,CUST012
3942,2025-06-19,6000,159.44,EUR,CUST008
3943,2022-01-24,7000,500.12,EUR,CUST012
3944,2025-06-29,6000,410.2,EUR,CUST001
3945,2022-04-24,7000,1870.33,EUR,CUST007
3946,2021-11-23,6000,872.63,EUR,CUST018
3947,2020-03-13,6000,953.62,EUR,CUST005
3948,2022-10-07,6000,631.91,EUR,CUST009
3949,2021-11-25,7000,1003.01,EUR,CUST003
3950,2024-08-16,7000,2627.63,EUR,CUST004
3951,2020-03-20,6000,4786.84,EUR,CUST004
3952,2023-08-20,7000,1366.97,EUR,CUST009
3953,2024-12-15,7000,4634.34,EUR,CUST010
3954,2024-01-26,7000,2334.28,EUR,CUST005
3955,2024-06-09,6000,301.86,EUR,CUST013
3956,2022-11-01,7000,521.24,EUR,CUST011
3957,2021-08-13,6000,4751.56,EUR,CUST001
3958,2021-04-26,6000,4655.81,EUR,CUST009
3959,2021-12-22,6000,639.55,EUR,CUST010
3960,2019-12-16,7000,4189.73,EUR,CUST009
3961,2024-02-06,6000,1004.3,EUR,CUST018
3962,2020-08-05,6000,3070.31,EUR,CUST005
3963,2022-04-23,6000,1200.2,EUR,CUST009
3964,2024-01-30,7000,3703.83,EUR,CUST001
3965,2025-06-17,7000,1281.11,EUR,CUST019
3966,2025-01-03,7000,2051.2,EUR,CUST002
3967,2021-06-20,7000,339.25,EUR,CUST010
3968,2021-09-30,6000,3495.81,EUR,CUST010
3969,2023-08-06,6000,2126.14,EUR,CUST001
3970,2023-04-11,6000,484.32,EUR,CUST001
3971,2022-03-27,6000,1491.49,EUR,CUST013
3972,2023-08-15,7000,3853.82,EUR,CUST020
3973,2020-08-13,7000,3645.13,EUR,CUST003
3974,2025-01-16,6000,1515.38,EUR,CUST013
3975,2020-02-16,6000,3477.26,EUR,CUST013
3976,2024-05-13,7000,650.34,EUR,CUST001
3977,2024-04-01,6000,2202.27,EUR,CUST014
3978,2022-11-12,6000,3412.63,EUR,CUST019
3979,2025-05-27,6000,4866.42,EUR,CUST011
3980,2020-06-19,6000,666.6,EUR,CUST004
3981,2020-06-20,6000,3324.65,EUR,CUST007
3982,2025-07-23,6000,1382.89,EUR,CUST018
3983,2022-11-19,6000,2337.03,EUR,CUST003
3984,2021-04-08,6000,2691.79,EUR,CUST009
3985,2021-01-22,6000,1236.69,EUR,CUST014
3986,2024-05-15,6000,1962.73,EUR,CUST018
3987,2023-06-14,6000,2549.59,EUR,CUST018
3988,2020-01-30,7000,4134.62,EUR,CUST012
3989,2023-05-08,7000,883.04,EUR,CUST017
3990,2021-02-24,6000,4238.28,EUR,CUST010
3991,2025-04-09,6000,1819.46,EUR,CUST017
3992,2023-12-14,7000,3167.26,EUR,CUST012
3993,2024-05-15,6000,187.19,EUR,CUST003
3994,2024-01-22,7000,2616.33,EUR,CUST009
3995,2019-12-22,7000,4404.93,EUR,CUST007
3996,2022-02-23,7000,254.99,EUR,CUST017
3997,2024-03-28,7000,357.31,EUR,CUST006
3998,2022-04-03,7000,3714.18,EUR,CUST015
3999,2024-08-16,7000,3856.86,EUR,CUST007
4000,2025-08-20,6000,564.42,EUR,CUST008
4001,2025-08-19,6000,4993.41,EUR,CUST011
4002,2022-09-08,6000,2794.68,EUR,CUST001
4003,2023-12-30,7000,4657.88,EUR,CUST001
4004,2023-11-17,7000,1133.58,EUR,CUST005
4005,2025-04-09,7000,4857.36,EUR,CUST020
4006,2021-10-06,6000,4519.39,EUR,CUST016
4007,2020-02-03,7000,2239.91,EUR,CUST003
4008,2024-04-13,6000,4025.11,EUR,CUST013
4009,2020-10-18,7000,2240.97,EUR,CUST001
4010,2022-06-05,6000,3561.44,EUR,CUST009
4011,2022-05-25,6000,3010.18,EUR,CUST016
4012,2023-05-07,7000,4157.99,EUR,CUST020
4013,2020-02-13,6000,1381.0,EUR,CUST001
4014,2022-12-14,6000,3822.24,EUR,CUST010
4015,2021-12-18,6000,3400.65,EUR,CUST017
4016,2020-08-15,7000,1967.3,EUR,CUST020
4017,2023-12-16,7000,4856.88,EUR,CUST018
4018,2024-06-17,6000,1506.44,EUR,CUST017
4019,2022-06-01,6000,2459.63,EUR,CUST004
4020,2020-10-27,7000,2408.25,EUR,CUST011
4021,2024-10-14,7000,4608.44,EUR,CUST005
4022,2025-09-03,7000,996.03,EUR,CUST001
4023,2022-05-15,6000,2007.69,EUR,CUST019
4024,2022-12-25,6000,2882.75,EUR,CUST008
4025,2022-07-14,6000,2277.52,EUR,CUST013
4026,2023-02-11,6000,1089.3,EUR,CUST020
4027,2022-09-13,7000,764.47,EUR,CUST011
4028,2020-03-19,7000,2607.18,EUR,CUST020
4029,2024-02-23,6000,1017.13,EUR,CUST006
4030,2025-07-22,7000,535.84,EUR,CUST019
4031,2022-09-12,7000,1211.53,EUR,CUST020
4032,2021-07-23,6000,1785.32,EUR,CUST019
4033,2020-11-11,6000,576.32,EUR,CUST020
4034,2021-09-22,6000,3281.52,EUR,CUST009
4035,2021-05-03,6000,1854.27,EUR,CUST013
4036,2022-02-03,7000,4847.75,EUR,CUST011
4037,2024-11-29,6000,1673.22,EUR,CUST006
4038,2025-04-13,7000,2955.08,EUR,CUST009
4039,2025-01-20,7000,1866.06,EUR,CUST019
4040,2023-06-17,7000,4983.4,EUR,CUST005
4041,2024-10-22,6000,4527.55,EUR,CUST010
4042,2025-03-18,6000,1070.36,EUR,CUST020
4043,2021-05-02,6000,1988.12,EUR,CUST020
4044,2025-08-19,7000,945.1,EUR,CUST009
4045,2022-04-21,7000,817.23,EUR,CUST009
4046,2022-05-07,6000,3559.12,EUR,CUST004
4047,2021-07-18,6000,4118.7,EUR,CUST020
4048,2019-12-03,6000,1885.31,EUR,CUST018
4049,2025-09-27,6000,641.38,EUR,CUST006
4050,2024-03-15,6000,3567.51,EUR,CUST017
4051,2023-01-10,6000,3415.74,EUR,CUST010
4052,2023-06-11,7000,3919.45,EUR,CUST014
4053,2021-05-25,6000,4455.9,EUR,CUST014
4054,2020-05-19,6000,2807.11,EUR,CUST007
4055,2025-09-14,7000,1413.69,EUR,CUST003
4056,2025-08-30,6000,4662.2,EUR,CUST016
4057,2024-08-07,7000,963.3,EUR,CUST014
4058,2022-02-05,7000,973.31,EUR,CUST009
4059,2022-05-29,6000,2781.23,EUR,CUST008
4060,2022-07-18,7000,423.46,EUR,CUST019
4061,2023-07-23,7000,3631.81,EUR,CUST005
4062,2019-12-10,7000,2979.54,EUR,CUST010
4063,2020-04-01,7000,2569.29,EUR,CUST004
4064,2022-01-30,7000,1628.13,EUR,CUST010
4065,2021-03-17,7000,3393.53,EUR,CUST020
4066,2021-05-09,7000,3914.0,EUR,CUST015
4067,2022-01-07,6000,1748.5,EUR,CUST008
4068,2022-07-02,6000,111.67,EUR,CUST003
4069,2023-12-07,6000,1821.46,EUR,CUST012
4070,2021-04-14,6000,2893.77,EUR,CUST004
4071,2022-11-05,7000,381.25,EUR,CUST020
4072,2019-11-27,7000,1408.47,EUR,CUST004
4073,2021-11-23,6000,2677.07,EUR,CUST007
4074,2023-04-11,7000,880.6,EUR,CUST014
4075,2021-09-22,7000,3085.61,EUR,CUST006
4076,2023-08-02,7000,3197.4,EUR,CUST005
4077,2021-10-09,7000,1730.45,EUR,CUST001
4078,2025-04-06,6000,829.76,EUR,CUST003
4079,2021-02-13,6000,3148.49,EUR,CUST004
4080,2022-04-30,6000,4826.75,EUR,CUST013
4081,2022-08-02,7000,4705.58,EUR,CUST019
4082,2025-05-12,7000,239.81,EUR,CUST012
4083,2021-07-23,7000,1006.01,EUR,CUST008
4084,2023-09-08,7000,1391.38,EUR,CUST005
4085,2025-01-12,6000,2930.04,EUR,CUST011
4086,2023-10-30,7000,1323.9,EUR,CUST003
4087,2020-05-02,7000,3081.98,EUR,CUST007
4088,2025-02-17,7000,1112.41,EUR,CUST016
4089,2025-04-08,6000,153.33,EUR,CUST018
4090,2022-03-31,7000,4801.83,EUR,CUST017
4091,2019-12-29,7000,3100.95,EUR,CUST002
4092,2020-07-24,6000,4719.0,EUR,CUST019
4093,2023-08-31,7000,2938.03,EUR,CUST020
4094,2025-02-02,6000,1517.34,EUR,CUST007
4095,2024-08-22,6000,771.45,EUR,CUST004
4096,2022-11-12,7000,2406.86,EUR,CUST014
4097,2024-02-26,6000,3707.87,EUR,CUST003
4098,2022-09-15,6000,4165.75,EUR,CUST016
4099,2023-03-17,7000,3632.45,EUR,CUST001
4100,2019-11-17,7000,2743.34,EUR,CUST006
4101,2019-10-07,6000,1599.99,EUR,CUST001
4102,2022-10-12,6000,609.28,EUR,CUST019
4103,2021-12-26,7000,4742.93,EUR,CUST006
4104,2022-02-27,7000,3302.06,EUR,CUST015
4105,2020-08-15,6000,4008.65,EUR,CUST006
4106,2025-07-26,7000,697.71,EUR,CUST003
4107,2024-10-07,6000,4252.09,EUR,CUST005
4108,2024-02-11,7000,4974.78,EUR,CUST016
4109,2024-04-24,6000,3900.68,EUR,CUST011
4110,2022-04-29,7000,1495.49,EUR,CUST002
4111,2022-05-29,6000,3326.77,EUR,CUST001
4112,2023-01-24,7000,4663.75,EUR,CUST008
4113,2021-12-19,6000,4662.24,EUR,CUST003
4114,2019-12-22,7000,4954.94,EUR,CUST009
4115,2025-06-02,6000,918.23,EUR,CUST018
4116,2022-07-01,6000,1586.61,EUR,CUST006
4117,2025-09-02,7000,1199.62,EUR,CUST002
4118,2022-09-07,6000,2866.08,EUR,CUST017
4119,2021-02-26,6000,521.43,EUR,CUST011
4120,2021-05-23,6000,1820.84,EUR,CUST018
4121,2025-05-07,6000,3960.69,EUR,CUST018
4122,2025-06-17,7000,4847.26,EUR,CUST017
4123,2020-03-27,6000,724.07,EUR,CUST019
4124,2020-05-11,6000,2250.49,EUR,CUST001
4125,2021-06-22,7000,2794.1,EUR,CUST005
4126,2020-10-27,6000,3374.86,EUR,CUST002
4127,2025-05-13,7000,2561.15,EUR,CUST006
4128,2020-11-13,6000,1564.26,EUR,CUST019
4129,2025-08-15,6000,2257.47,EUR,CUST005
4130,2022-06-07,7000,377.65,EUR,CUST015
4131,2022-03-08,6000,2652.62,EUR,CUST013
4132,2021-03-15,6000,3904.75,EUR,CUST018
4133,2022-06-08,6000,3638.71,EUR,CUST020
4134,2021-03-27,7000,2167.07,EUR,CUST004
4135,2020-05-24,7000,4964.88,EUR,CUST005
4136,2020-01-24,6000,1583.02,EUR,CUST006
4137,2020-08-04,6000,2249.31,EUR,CUST020
4138,2025-04-08,7000,143.12,EUR,CUST011
4139,2022-09-17,7000,2383.49,EUR,CUST016
4140,2022-05-07,6000,415.17,EUR,CUST015
4141,2020-08-17,6000,3564.16,EUR,CUST013
4142,2020-07-07,7000,4124.35,EUR,CUST003
4143,2024-10-30,7000,2362.5,EUR,CUST012
4144,2025-07-01,6000,4637.04,EUR,CUST004
4145,2021-09-10,7000,1768.8,EUR,CUST020
4146,2019-12-18,6000,3503.95,EUR,CUST020
4147,2023-09-29,7000,4312.95,EUR,CUST001
4148,2023-07-08,7000,2311.42,EUR,CUST011
4149,2020-05-20,7000,4767.44,EUR,CUST003
4150,2023-10-14,6000,3901.74,EUR,CUST014
4151,2025-04-03,7000,3391.61,EUR,CUST014
4152,2020-10-15,6000,4355.96,EUR,CUST015
4153,2022-06-16,6000,4233.71,EUR,CUST011
4154,2022-06-19,6000,4129.42,EUR,CUST014
4155,2024-08-09,6000,3723.18,EUR,CUST003
4156,2019-10-08,6000,3659.07,EUR,CUST007
4157,2024-09-09,7000,343.55,EUR,CUST006
4158,2020-11-27,7000,3632.22,EUR,CUST015
4159,2023-11-01,6000,3795.36,EUR,CUST016
4160,2023-08-06,7000,1484.69,EUR,CUST002
4161,2022-07-11,7000,1603.87,EUR,CUST010
4162,2021-09-08,7000,4724.7,EUR,CUST006
4163,2025-08-15,6000,899.38,EUR,CUST007
4164,2021-05-17,6000,1517.57,EUR,CUST001
4165,2021-05-23,7000,4030.73,EUR,CUST008
4166,2021-03-13,7000,798.95,EUR,CUST005
4167,2020-02-02,7000,1278.08,EUR,CUST014
4168,2021-08-31,6000,3235.59,EUR,CUST011
4169,2021-10-10,6000,774.83,EUR,CUST007
4170,2024-07-05,6000,1955.46,EUR,CUST007
4171,2024-10-18,6000,3357.61,EUR,CUST020
4172,2024-11-16,6000,3208.96,EUR,CUST017
4173,2025-02-13,6000,4896.0,EUR,CUST010
4174,2023-06-02,7000,1480.02,EUR,CUST004
4175,2021-06-22,7000,307.48,EUR,CUST019
4176,2021-05-19,7000,1135.42,EUR,CUST011
4177,2024-02-04,7000,2574.68,EUR,CUST004
4178,2020-06-22,6000,156.42,EUR,CUST010
4179,2023-09-30,7000,227.05,EUR,CUST016
4180,2024-05-16,7000,4054.33,EUR,CUST014
4181,2024-09-23,7000,2407.9,EUR,CUST008
4182,2024-02-06,7000,2570.79,EUR,CUST020
4183,2025-01-16,7000,4512.58,EUR,CUST012
4184,2025-09-02,6000,3894.36,EUR,CUST017
4185,2022-06-09,7000,426.09,EUR,CUST018
4186,2024-11-12,6000,2332.77,EUR,CUST012
4187,2021-12-14,6000,1033.88,EUR,CUST017
4188,2023-04-19,6000,3822.53,EUR,CUST016
4189,2025-01-20,7000,475.71,EUR,CUST003
4190,2025-04-09,6000,1998.33,EUR,CUST020
4191,2024-10-14,6000,4693.23,EUR,CUST002
4192,2021-01-25,6000,4125.46,EUR,CUST013
4193,2020-07-05,6000,761.65,EUR,CUST002
4194,2021-01-24,7000,3403.06,EUR,CUST010
4195,2025-04-24,6000,2315.47,EUR,CUST007
4196,2023-12-13,6000,3845.47,EUR,CUST017
4197,2021-02-05,6000,2093.08,EUR,CUST001
4198,2023-10-16,7000,2569.15,EUR,CUST014
4199,2020-11-14,6000,3461.41,EUR,CUST009
4200,2023-11-07,7000,4332.59,EUR,CUST009
4201,2022-09-01,7000,2481.76,EUR,CUST009
4202,2020-10-03,7000,1762.13,EUR,CUST008
4203,2023-09-02,6000,440.37,EUR,CUST010
4204,2024-03-31,6000,4765.62,EUR,CUST012
4205,2024-10-17,6000,498.87,EUR,CUST019
4206,2021-05-28,7000,4979.02,EUR,CUST014
4207,2023-06-06,7000,2743.67,EUR,CUST010
4208,2019-10-22,6000,2990.01,EUR,CUST009
4209,2021-04-09,6000,1660.78,EUR,CUST019
4210,2021-07-08,7000,924.48,EUR,CUST011
4211,2020-04-21,6000,1922.79,EUR,CUST005
4212,2024-09-10,6000,1837.16,EUR,CUST008
4213,2023-05-24,6000,4632.61,EUR,CUST020
4214,2024-03-24,6000,1715.94,EUR,CUST009
4215,2020-10-03,7000,4854.45,EUR,CUST004
4216,2021-07-05,7000,1346.06,EUR,CUST002
4217,2025-08-09,6000,4053.5,EUR,CUST013
4218,2019-12-06,7000,2742.4,EUR,CUST014
4219,2023-03-03,7000,3454.68,EUR,CUST019
4220,2024-03-03,6000,4202.28,EUR,CUST009
4221,2022-03-04,6000,3329.85,EUR,CUST017
4222,2025-06-09,6000,2118.57,EUR,CUST001
4223,2024-09-05,7000,3315.36,EUR,CUST009
4224,2025-09-17,6000,2628.91,EUR,CUST011
4225,2025-09-24,6000,558.33,EUR,CUST006
4226,2020-06-02,7000,4883.72,EUR,CUST003
4227,2020-01-23,6000,4100.5,EUR,CUST004
4228,2021-08-12,6000,300.67,EUR,CUST002
4229,2024-01-22,7000,624.01,EUR,CUST011
4230,2025-03-05,6000,2696.51,EUR,CUST007
4231,2024-01-28,7000,3278.07,EUR,CUST006
4232,2021-01-01,6000,772.36,EUR,CUST013
4233,2022-05-16,7000,484.67,EUR,CUST014
4234,2020-07-14,7000,1974.67,EUR,CUST008
4235,2025-06-13,7000,662.36,EUR,CUST010
4236,2024-10-02,6000,3050.77,EUR,CUST012
4237,2022-06-07,6000,2731.43,EUR,CUST015
4238,2024-06-14,7000,1639.25,EUR,CUST003
4239,2025-09-06,6000,1886.6,EUR,CUST019
4240,2021-08-01,6000,3878.98,EUR,CUST004
4241,2021-10-05,6000,240.24,EUR,CUST013
4242,2019-10-30,7000,2377.23,EUR,CUST006
4243,2024-09-15,6000,3638.82,EUR,CUST008
4244,2022-02-08,7000,4246.86,EUR,CUST017
4245,2025-01-06,7000,373.91,EUR,CUST012
4246,2024-05-05,6000,1676.33,EUR,CUST003
4247,2020-09-24,7000,4707.84,EUR,CUST009
4248,2020-01-06,6000,2836.59,EUR,CUST019
4249,2022-09-30,6000,2711.48,EUR,CUST016
4250,2022-02-17,7000,2224.31,EUR,CUST010
4251,2025-08-30,6000,2198.65,EUR,CUST010
4252,2021-11-17,6000,4191.11,EUR,CUST015
4253,2021-10-20,7000,3758.2,EUR,CUST005
4254,2020-03-14,6000,3270.04,EUR,CUST005
4255,2021-08-08,6000,319.4,EUR,CUST009
4256,2021-11-28,7000,2611.13,EUR,CUST007
4257,2023-01-01,6000,1996.34,EUR,CUST018
4258,2024-03-28,7000,232.2,EUR,CUST010
4259,2021-03-11,7000,1281.22,EUR,CUST011
4260,2025-09-15,7000,4684.05,EUR,CUST013
4261,2023-07-13,7000,307.62,EUR,CUST002
4262,2021-10-16,7000,676.45,EUR,CUST019
4263,2022-03-25,7000,885.16,EUR,CUST019
4264,2021-09-15,6000,4300.47,EUR,CUST018
4265,2022-11-26,7000,214.09,EUR,CUST001
4266,2023-11-02,7000,2379.75,EUR,CUST007
4267,2019-12-20,7000,1920.85,EUR,CUST012
4268,2020-11-13,6000,4132.77,EUR,CUST018
4269,2021-07-01,7000,3558.72,EUR,CUST019
4270,2020-10-03,6000,1127.3,EUR,CUST010
4271,2021-02-17,6000,2938.81,EUR,CUST012
4272,2020-04-01,7000,1864.37,EUR,CUST014
4273,2023-05-29,6000,2479.6,EUR,CUST001
4274,2023-09-20,7000,3226.61,EUR,CUST008
4275,2024-06-01,7000,2278.07,EUR,CUST005
4276,2025-03-27,7000,2636.76,EUR,CUST008
4277,2023-06-29,6000,4178.89,EUR,CUST018
4278,2020-08-27,7000,3511.76,EUR,CUST014
4279,2019-11-15,7000,1819.99,EUR,CUST009
4280,2021-03-11,6000,1573.81,EUR,CUST008
4281,2020-05-22,6000,4218.94,EUR,CUST002
4282,2022-06-26,6000,2792.7,EUR,CUST019
4283,2024-01-25,6000,3679.65,EUR,CUST002
4284,2025-04-11,7000,692.95,EUR,CUST007
4285,2023-12-06,6000,3420.32,EUR,CUST008
4286,2020-08-12,7000,3825.82,EUR,CUST014
4287,2021-11-30,6000,2536.44,EUR,CUST018
4288,2019-10-22,7000,760.94,EUR,CUST007
4289,2021-06-16,6000,3294.66,EUR,CUST020
4290,2024-06-22,7000,4411.87,EUR,CUST010
4291,2020-10-21,6000,2318.72,EUR,CUST018
4292,2025-09-22,6000,1111.86,EUR,CUST008
4293,2024-11-11,6000,4495.78,EUR,CUST006
4294,2023-08-06,7000,3127.63,EUR,CUST015
4295,2020-04-04,6000,2779.68,EUR,CUST017
4296,2025-06-17,6000,2435.09,EUR,CUST011
4297,2025-04-05,7000,4058.82,EUR,CUST016
4298,2020-04-22,6000,867.25,EUR,CUST001
4299,2021-10-24,7000,4153.18,EUR,CUST011
4300,2024-12-25,6000,2058.04,EUR,CUST014
4301,2025-01-30,6000,1074.03,EUR,CUST016
4302,2021-11-13,6000,2010.41,EUR,CUST003
4303,2021-03-19,6000,3506.42,EUR,CUST006
4304,2022-12-14,6000,114.34,EUR,CUST013
4305,2022-02-18,7000,4535.2,EUR,CUST017
4306,2021-05-11,7000,3555.94,EUR,CUST014
4307,2024-10-25,7000,362.57,EUR,CUST010
4308,2022-01-09,7000,4317.75,EUR,CUST018
4309,2021-12-03,7000,4256.24,EUR,CUST008
4310,2021-03-23,7000,3931.89,EUR,CUST015
4311,2022-10-24,6000,527.78,EUR,CUST012
4312,2021-07-25,7000,1899.2,EUR,CUST001
4313,2020-12-04,6000,3285.39,EUR,CUST019
4314,2023-11-06,7000,821.01,EUR,CUST019
4315,2020-11-19,6000,3819.95,EUR,CUST015
4316,2020-08-04,6000,4920.82,EUR,CUST018
4317,2025-04-30,7000,2367.21,EUR,CUST011
4318,2024-04-03,6000,4470.28,EUR,CUST016
4319,2022-03-15,7000,1456.17,EUR,CUST020
4320,2020-10-06,7000,2793.61,EUR,CUST006
4321,2024-04-18,7000,1043.84,EUR,CUST015
4322,2025-01-31,7000,4064.26,EUR,CUST010
4323,2019-11-22,7000,2888.88,EUR,CUST020
4324,2023-12-04,6000,868.68,EUR,CUST004
4325,2024-10-01,6000,626.46,EUR,CUST020
4326,2021-05-14,7000,3760.61,EUR,CUST016
4327,2023-12-13,7000,4177.8,EUR,CUST003
4328,2020-02-29,6000,1499.32,EUR,CUST019
4329,2024-08-16,7000,226.38,EUR,CUST004
4330,2023-01-10,6000,273.3,EUR,CUST019
4331,2023-04-18,7000,1645.17,EUR,CUST010
4332,2020-01-20,7000,1625.34,EUR,CUST011
4333,2020-12-11,6000,646.31,EUR,CUST017
4334,2025-07-24,6000,194.38,EUR,CUST006
4335,2024-08-09,6000,4779.07,EUR,CUST010
4336,2023-03-08,7000,4743.07,EUR,CUST005
4337,2022-08-17,7000,3638.66,EUR,CUST003
4338,2020-06-14,7000,2999.23,EUR,CUST013
4339,2025-02-15,6000,1734.12,EUR,CUST015
4340,2024-10-11,7000,592.65,EUR,CUST019
4341,2021-08-15,7000,2466.29,EUR,CUST020
4342,2023-09-12,7000,3901.37,EUR,CUST016
4343,2024-02-21,7000,1016.3,EUR,CUST007
4344,2020-02-02,7000,2364.71,EUR,CUST004
4345,2022-07-10,6000,2318.74,EUR,CUST014
4346,2024-03-25,7000,1619.87,EUR,CUST001
4347,2022-02-23,6000,4307.13,EUR,CUST013
4348,2021-07-15,6000,1766.63,EUR,CUST016
4349,2024-01-17,6000,3162.74,EUR,CUST002
4350,2025-07-25,7000,1841.3,EUR,CUST014
4351,2022-11-16,6000,891.11,EUR,CUST004
4352,2025-07-25,7000,2796.71,EUR,CUST011
4353,2022-07-22,7000,496.02,EUR,CUST017
4354,2024-03-12,6000,1450.54,EUR,CUST009
4355,2020-02-28,6000,4954.75,EUR,CUST015
4356,2023-01-03,7000,2315.4,EUR,CUST005
4357,2024-11-18,6000,4195.15,EUR,CUST005
4358,2020-11-20,7000,2742.9,EUR,CUST011
4359,2021-02-08,7000,1293.19,EUR,CUST016
4360,2023-01-28,7000,1228.55,EUR,CUST010
4361,2021-07-29,7000,439.32,EUR,CUST004
4362,2023-08-21,7000,2229.55,EUR,CUST005
4363,2023-05-07,6000,4557.54,EUR,CUST012
4364,2021-08-08,7000,908.07,EUR,CUST017
4365,2021-02-14,7000,3002.85,EUR,CUST017
4366,2023-12-20,6000,3898.46,EUR,CUST001
4367,2025-05-20,6000,1561.42,EUR,CUST008
4368,2024-03-02,7000,3176.11,EUR,CUST012
4369,2024-10-25,6000,3215.18,EUR,CUST002
4370,2022-06-30,6000,2156.25,EUR,CUST008
4371,2021-05-04,6000,1618.52,EUR,CUST018
4372,2023-03-30,7000,702.96,EUR,CUST005
4373,2019-10-18,7000,1869.95,EUR,CUST003
4374,2021-11-02,7000,3390.25,EUR,CUST006
4375,2025-09-06,6000,2375.42,EUR,CUST020
4376,2020-09-08,6000,4570.19,EUR,CUST018
4377,2020-02-28,7000,4553.07,EUR,CUST017
4378,2022-12-12,7000,3671.37,EUR,CUST013
4379,2021-08-12,7000,3839.23,EUR,CUST016
4380,2022-05-26,7000,1664.32,EUR,CUST020
4381,2022-03-31,6000,4696.54,EUR,CUST006
4382,2022-10-25,6000,552.2,EUR,CUST020
4383,2020-09-25,6000,3967.53,EUR,CUST016
4384,2020-05-28,6000,2510.5,EUR,CUST019
4385,2023-10-05,7000,3659.8,EUR,CUST006
4386,2024-10-15,7000,1529.68,EUR,CUST007
4387,2025-06-16,7000,1671.22,EUR,CUST011
4388,2022-09-06,6000,102.3,EUR,CUST017
4389,2021-11-23,7000,412.44,EUR,CUST014
4390,2025-02-02,6000,1023.21,EUR,CUST012
4391,2022-11-12,7000,689.73,EUR,CUST012
4392,2024-12-16,6000,649.29,EUR,CUST017
4393,2020-07-10,6000,2779.89,EUR,CUST005
4394,2023-09-23,7000,411.4,EUR,CUST009
4395,2023-03-04,6000,2186.19,EUR,CUST007
4396,2024-01-20,6000,4014.13,EUR,CUST011
4397,2020-04-19,7000,396.59,EUR,CUST005
4398,2021-04-03,7000,4079.57,EUR,CUST012
4399,2022-03-09,7000,3836.56,EUR,CUST001
4400,2025-08-05,6000,4301.84,EUR,CUST012
4401,2021-10-06,7000,4487.15,EUR,CUST002
4402,2021-12-20,6000,1799.67,EUR,CUST019
4403,2024-01-31,6000,1079.8,EUR,CUST012
4404,2024-05-28,7000,4797.11,EUR,CUST002
4405,2024-12-19,7000,4526.29,EUR,CUST004
4406,2019-10-11,6000,1840.47,EUR,CUST009
4407,2025-08-19,7000,4017.06,EUR,CUST012
4408,2020-05-19,7000,1503.06,EUR,CUST009
4409,2023-05-23,7000,2318.75,EUR,CUST020
4410,2023-06-30,6000,2127.12,EUR,CUST006
4411,2022-03-04,7000,3397.88,EUR,CUST014
4412,2020-10-13,6000,4212.22,EUR,CUST007
4413,2024-02-29,7000,2059.66,EUR,CUST019
4414,2025-08-07,6000,2533.5,EUR,CUST004
4415,2023-01-29,7000,3259.32,EUR,CUST018
4416,2024-10-09,7000,4648.21,EUR,CUST020
4417,2020-07-05,6000,2561.01,EUR,CUST011
4418,2023-01-08,6000,3419.8,EUR,CUST010
4419,2020-12-08,7000,4839.54,EUR,CUST013
4420,2023-02-18,6000,1673.95,EUR,CUST019
4421,2022-09-24,6000,2573.62,EUR,CUST013
4422,2023-12-04,7000,2832.44,EUR,CUST018
4423,2021-07-04,6000,3472.56,EUR,CUST019
4424,2021-04-16,6000,3066.91,EUR,CUST020
4425,2022-03-03,6000,3440.98,EUR,CUST015
4426,2024-06-14,6000,343.56,EUR,CUST009
4427,2025-04-06,6000,530.17,EUR,CUST013
4428,2023-10-28,6000,1520.09,EUR,CUST019
4429,2024-09-24,6000,1919.35,EUR,CUST020
4430,2024-04-19,7000,3662.35,EUR,CUST008
4431,2020-11-05,7000,3443.52,EUR,CUST018
4432,2025-07-30,7000,141.17,EUR,CUST015
4433,2022-09-27,6000,3285.53,EUR,CUST002
4434,2021-06-04,7000,4275.61,EUR,CUST011
4435,2025-02-04,7000,2521.1,EUR,CUST002
4436,2022-01-16,7000,823.37,EUR,CUST018
4437,2022-08-16,7000,3341.16,EUR,CUST007
4438,2020-06-12,6000,1192.08,EUR,CUST006
4439,2021-07-28,6000,4588.48,EUR,CUST007
4440,2019-10-22,6000,4305.37,EUR,CUST013
4441,2022-09-05,6000,3292.24,EUR,CUST002
4442,2023-08-16,6000,4071.64,EUR,CUST010
4443,2022-02-06,6000,3109.1,EUR,CUST003
4444,2023-08-17,7000,901.46,EUR,CUST006
4445,2022-10-11,7000,688.09,EUR,CUST009
4446,2024-11-21,7000,2616.83,EUR,CUST008
4447,2023-09-18,6000,4479.72,EUR,CUST001
4448,2021-09-27,6000,4484.82,EUR,CUST020
4449,2024-06-09,7000,1014.5,EUR,CUST012
4450,2025-03-11,7000,525.39,EUR,CUST019
4451,2020-01-10,7000,917.34,EUR,CUST014
4452,2023-03-17,6000,1910.04,EUR,CUST009
4453,2021-05-01,6000,2512.69,EUR,CUST013
4454,2022-12-30,6000,884.52,EUR,CUST014
4455,2022-02-23,6000,996.49,EUR,CUST007
4456,2021-03-11,6000,3531.16,EUR,CUST010
4457,2019-10-25,6000,4210.09,EUR,CUST019
4458,2022-10-11,7000,4739.53,EUR,CUST012
4459,2025-01-26,7000,3579.84,EUR,CUST016
4460,2025-04-18,6000,3270.77,EUR,CUST006
4461,2022-06-11,6000,2423.61,EUR,CUST011
4462,2020-03-19,6000,1366.7,EUR,CUST018
4463,2019-10-09,6000,417.09,EUR,CUST004
4464,2024-04-09,7000,4631.89,EUR,CUST005
4465,2020-12-23,7000,2530.13,EUR,CUST014
4466,2021-01-11,6000,4568.48,EUR,CUST006
4467,2022-05-14,7000,4128.81,EUR,CUST008
4468,2021-03-15,6000,3664.97,EUR,CUST019
4469,2020-02-28,6000,440.54,EUR,CUST002
4470,2020-04-15,7000,1473.77,EUR,CUST001
4471,2024-02-02,7000,2092.41,EUR,CUST018
4472,2023-10-08,7000,4867.27,EUR,CUST013
4473,2021-03-03,6000,3757.63,EUR,CUST008
4474,2021-10-04,7000,559.91,EUR,CUST014
4475,2021-10-01,7000,3675.0,EUR,CUST012
4476,2025-08-24,7000,958.61,EUR,CUST003
4477,2022-01-18,7000,428.28,EUR,CUST005
4478,2024-03-03,7000,496.69,EUR,CUST018
4479,2020-04-18,7000,903.14,EUR,CUST012
4480,2020-08-27,6000,3885.66,EUR,CUST005
4481,2025-05-04,7000,1459.39,EUR,CUST001
4482,2023-04-08,7000,1704.04,EUR,CUST003
4483,2024-11-24,6000,3274.43,EUR,CUST001
4484,2022-12-30,6000,1180.31,EUR,CUST016
4485,2022-11-09,6000,878.93,EUR,CUST020
4486,2025-03-22,7000,1973.2,EUR,CUST001
4487,2021-07-24,6000,4207.44,EUR,CUST011
4488,2020-10-04,7000,1072.63,EUR,CUST007
4489,2025-05-19,7000,4938.29,EUR,CUST005
4490,2023-08-29,7000,2136.63,EUR,CUST007
4491,2020-01-13,6000,2501.68,EUR,CUST002
4492,2022-12-25,6000,447.59,EUR,CUST003
4493,2025-02-17,7000,4463.75,EUR,CUST009
4494,2022-10-30,7000,1487.58,EUR,CUST012
4495,2022-08-02,6000,2613.93,EUR,CUST015
4496,2022-11-04,6000,156.98,EUR,CUST017
4497,2020-02-05,7000,1120.56,EUR,CUST002
4498,2021-05-10,6000,2905.78,EUR,CUST009
4499,2021-11-21,6000,1120.46,EUR,CUST003
4500,2025-01-03,7000,1876.79,EUR,CUST013
4501,2025-05-28,6000,3537.1,EUR,CUST014
4502,2023-02-07,7000,187.8,EUR,CUST019
4503,2022-06-01,6000,276.46,EUR,CUST019
4504,2020-09-03,6000,1548.54,EUR,CUST013
4505,2023-01-05,7000,3534.81,EUR,CUST008
4506,2020-06-12,6000,2193.73,EUR,CUST011
4507,2021-02-12,6000,2805.26,EUR,CUST006
4508,2024-09-27,6000,2644.32,EUR,CUST006
4509,2024-08-09,7000,2964.98,EUR,CUST016
4510,2020-03-23,6000,4627.79,EUR,CUST005
4511,2025-02-03,6000,732.89,EUR,CUST002
4512,2025-05-27,6000,3638.27,EUR,CUST005
4513,2020-12-04,6000,4343.9,EUR,CUST011
4514,2024-02-03,6000,305.46,EUR,CUST007
4515,2020-10-10,6000,712.01,EUR,CUST013
4516,2023-05-08,7000,4808.05,EUR,CUST014
4517,2021-05-28,6000,2512.56,EUR,CUST014
4518,2023-08-12,7000,2899.47,EUR,CUST011
4519,2022-05-03,7000,2052.95,EUR,CUST018
4520,2020-10-09,6000,1994.51,EUR,CUST016
4521,2023-10-11,7000,2457.62,EUR,CUST019
4522,2021-09-04,7000,4515.95,EUR,CUST001
4523,2022-12-15,6000,3227.97,EUR,CUST012
4524,2020-07-12,6000,368.06,EUR,CUST009
4525,2024-09-18,6000,1023.68,EUR,CUST020
4526,2020-08-10,7000,3469.16,EUR,CUST004
4527,2024-06-10,7000,2368.04,EUR,CUST015
4528,2021-08-20,7000,3815.59,EUR,CUST008
4529,2024-08-14,7000,4887.58,EUR,CUST006
4530,2023-08-16,6000,4350.2,EUR,CUST003
4531,2024-09-04,7000,4375.59,EUR,CUST012
4532,2022-12-05,6000,680.39,EUR,CUST002
4533,2024-11-25,6000,433.33,EUR,CUST004
4534,2021-11-28,6000,3198.5,EUR,CUST002
4535,2022-05-28,6000,2813.08,EUR,CUST007
4536,2020-10-22,6000,1759.78,EUR,CUST019
4537,2022-06-16,6000,1915.36,EUR,CUST015
4538,2020-08-28,7000,610.87,EUR,CUST004
4539,2024-09-08,7000,3850.98,EUR,CUST002
4540,2020-08-13,6000,1239.15,EUR,CUST002
4541,2021-01-02,6000,613.04,EUR,CUST001
4542,2024-05-16,7000,3284.16,EUR,CUST007
4543,2022-03-01,7000,2869.53,EUR,CUST013
4544,2021-02-28,6000,1498.46,EUR,CUST004
4545,2023-03-15,7000,3681.37,EUR,CUST013
4546,2023-06-24,6000,3018.06,EUR,CUST008
4547,2021-01-08,7000,4270.14,EUR,CUST019
4548,2023-12-16,7000,2798.12,EUR,CUST007
4549,2025-03-28,6000,215.93,EUR,CUST013
4550,2024-11-05,7000,3471.29,EUR,CUST013
4551,2019-10-05,6000,3192.82,EUR,CUST004
4552,2022-01-11,7000,2243.62,EUR,CUST009
4553,2021-07-15,7000,3315.34,EUR,CUST008
4554,2025-06-20,6000,4203.69,EUR,CUST018
4555,2019-11-23,7000,775.69,EUR,CUST002
4556,2021-09-21,6000,2929.17,EUR,CUST011
4557,2022-03-16,6000,3536.3,EUR,CUST003
4558,2020-06-28,7000,1666.73,EUR,CUST003
4559,2021-07-21,6000,731.06,EUR,CUST016
4560,2022-03-25,6000,3113.8,EUR,CUST006
4561,2023-02-26,6000,3977.58,EUR,CUST016
4562,2024-09-30,7000,4025.48,EUR,CUST012
4563,2024-09-12,7000,4338.79,EUR,CUST011
4564,2021-02-12,7000,831.81,EUR,CUST015
4565,2025-09-27,7000,330.49,EUR,CUST018
4566,2025-08-25,6000,917.57,EUR,CUST013
4567,2021-06-29,6000,1506.68,EUR,CUST008
4568,2020-02-01,7000,3319.71,EUR,CUST008
4569,2020-12-19,6000,387.63,EUR,CUST013
4570,2023-11-11,6000,990.57,EUR,CUST013
4571,2022-06-28,7000,3717.19,EUR,CUST009
4572,2024-11-15,6000,616.8,EUR,CUST014
4573,2025-06-01,6000,247.7,EUR,CUST005
4574,2021-04-20,7000,729.5,EUR,CUST013
4575,2020-05-16,6000,770.8,EUR,CUST010
4576,2022-08-18,6000,2113.3,EUR,CUST010
4577,2024-10-17,6000,2213.29,EUR,CUST016
4578,2021-06-17,6000,2344.86,EUR,CUST014
4579,2020-06-21,7000,3916.23,EUR,CUST017
4580,2021-12-05,7000,1627.47,EUR,CUST004
4581,2022-11-01,6000,2662.01,EUR,CUST009
4582,2024-05-27,7000,331.49,EUR,CUST009
4583,2021-12-30,6000,1601.34,EUR,CUST004
4584,2024-07-30,7000,4292.21,EUR,CUST012
4585,2023-02-26,6000,1441.1,EUR,CUST018
4586,2022-05-31,7000,2365.0,EUR,CUST010
4587,2025-04-04,6000,806.42,EUR,CUST015
4588,2022-06-11,7000,3067.09,EUR,CUST014
4589,2021-03-25,7000,4560.54,EUR,CUST004
4590,2025-04-14,7000,1748.1,EUR,CUST016
4591,2020-08-06,6000,1737.74,EUR,CUST016
4592,2024-12-01,7000,4549.9,EUR,CUST004
4593,2024-07-07,6000,718.39,EUR,CUST016
4594,2024-05-21,6000,241.34,EUR,CUST014
4595,2025-06-24,6000,2979.6,EUR,CUST016
4596,2020-08-01,6000,371.58,EUR,CUST019
4597,2022-03-16,6000,2775.18,EUR,CUST016
4598,2024-01-20,6000,717.99,EUR,CUST017
4599,2022-06-27,6000,648.85,EUR,CUST008
4600,2020-12-05,6000,346.28,EUR,CUST017
4601,2023-10-13,6000,2877.33,EUR,CUST010
4602,2021-11-25,6000,2381.12,EUR,CUST009
4603,2022-11-28,7000,4009.47,EUR,CUST019
4604,2020-02-12,6000,2862.13,EUR,CUST001
4605,2023-03-23,6000,2914.83,EUR,CUST006
4606,2020-05-11,6000,4531.14,EUR,CUST002
4607,2022-02-26,6000,1944.52,EUR,CUST012
4608,2023-02-24,7000,4988.51,EUR,CUST006
4609,2021-09-03,7000,1517.33,EUR,CUST004
4610,2024-05-05,7000,782.48,EUR,CUST009
4611,2021-06-21,6000,2505.82,EUR,CUST018
4612,2020-04-21,6000,2653.26,EUR,CUST004
4613,2021-11-13,7000,1187.92,EUR,CUST015
4614,2024-04-29,7000,1738.84,EUR,CUST004
4615,2022-01-13,7000,498.97,EUR,CUST005
4616,2022-05-30,7000,4598.91,EUR,CUST004
4617,2020-09-25,6000,2943.23,EUR,CUST014
4618,2023-01-02,6000,1033.1,EUR,CUST005
4619,2021-05-12,7000,1427.28,EUR,CUST008
4620,2024-03-20,7000,479.84,EUR,CUST012
4621,2024-11-10,7000,4563.7,EUR,CUST007
4622,2023-09-02,6000,704.4,EUR,CUST011
4623,2024-07-30,6000,119.93,EUR,CUST014
4624,2021-10-05,7000,4032.49,EUR,CUST002
4625,2020-03-23,6000,418.87,EUR,CUST018
4626,2020-08-21,7000,358.73,EUR,CUST003
4627,2024-12-12,7000,2465.71,EUR,CUST006
4628,2024-07-07,6000,4336.96,EUR,CUST018
4629,2024-02-09,7000,1693.49,EUR,CUST020
4630,2023-11-06,7000,3853.18,EUR,CUST008
4631,2022-10-09,6000,3200.72,EUR,CUST002
4632,2023-11-20,7000,4526.49,EUR,CUST001
4633,2025-08-27,7000,3554.84,EUR,CUST004
4634,2024-03-08,7000,2634.35,EUR,CUST013
4635,2020-02-21,7000,2635.7,EUR,CUST013
4636,2021-08-23,7000,3923.72,EUR,CUST006
4637,2025-07-14,6000,1804.56,EUR,CUST001
4638,2019-11-11,7000,4925.17,EUR,CUST014
4639,2021-02-01,7000,2457.77,EUR,CUST019
4640,2020-04-07,7000,893.49,EUR,CUST002
4641,2021-08-10,6000,4660.1,EUR,CUST016
4642,2022-11-01,6000,4476.48,EUR,CUST004
4643,2023-08-10,6000,2255.58,EUR,CUST008
4644,2021-06-01,7000,4509.99,EUR,CUST006
4645,2021-07-07,6000,3603.73,EUR,CUST014
4646,2022-09-06,6000,1115.45,EUR,CUST010
4647,2025-06-23,7000,3296.16,EUR,CUST006
4648,2025-09-02,7000,3123.42,EUR,CUST003
4649,2022-06-28,7000,4154.02,EUR,CUST004
4650,2025-03-26,7000,1226.7,EUR,CUST010
4651,2024-05-21,6000,1860.05,EUR,CUST018
4652,2022-11-10,7000,2383.02,EUR,CUST015
4653,2025-05-10,6000,2100.01,EUR,CUST017
4654,2025-09-10,7000,429.59,EUR,CUST014
4655,2021-04-14,6000,4357.35,EUR,CUST018
4656,2020-06-26,6000,3145.98,EUR,CUST012
4657,2025-07-28,7000,2199.84,EUR,CUST014
4658,2020-07-24,6000,4058.77,EUR,CUST018
4659,2019-12-20,7000,2889.94,EUR,CUST017
4660,2023-02-24,6000,597.39,EUR,CUST009
4661,2019-12-23,6000,942.74,EUR,CUST006
4662,2025-03-14,7000,1952.01,EUR,CUST017
4663,2025-06-01,7000,3891.04,EUR,CUST015
4664,2020-07-04,6000,4879.49,EUR,CUST012
4665,2022-11-30,7000,3780.85,EUR,CUST020
4666,2021-08-21,7000,4673.68,EUR,CUST003
4667,2021-07-05,7000,4542.54,EUR,CUST015
4668,2024-01-15,7000,3227.52,EUR,CUST006
4669,2025-06-10,7000,1036.15,EUR,CUST011
4670,2021-03-03,7000,3334.53,EUR,CUST016
4671,2020-04-05,6000,4900.89,EUR,CUST020
4672,2025-04-05,7000,1859.74,EUR,CUST015
4673,2024-10-17,6000,2425.24,EUR,CUST011
4674,2022-02-16,7000,2330.91,EUR,CUST006
4675,2024-04-30,7000,1700.69,EUR,CUST006
4676,2023-01-22,6000,3406.93,EUR,CUST012
4677,2021-11-20,7000,1072.0,EUR,CUST011
4678,2020-09-07,7000,1406.87,EUR,CUST020
4679,2020-09-07,6000,2517.31,EUR,CUST004
4680,2024-07-10,6000,2404.8,EUR,CUST011
4681,2022-12-03,7000,326.36,EUR,CUST006
4682,2023-09-04,7000,538.25,EUR,CUST006
4683,2022-02-10,6000,3513.15,EUR,CUST015
4684,2021-03-08,6000,246.27,EUR,CUST019
4685,2020-10-11,7000,2779.55,EUR,CUST019
4686,2022-07-18,6000,3356.75,EUR,CUST009
4687,2022-01-20,7000,951.46,EUR,CUST006
4688,2020-10-14,7000,4992.99,EUR,CUST014
4689,2023-08-01,6000,2460.04,EUR,CUST016
4690,2022-10-02,6000,791.19,EUR,CUST003
4691,2023-02-06,7000,726.96,EUR,CUST004
4692,2022-09-29,7000,559.08,EUR,CUST006
4693,2023-01-12,6000,4812.25,EUR,CUST017
4694,2023-09-13,7000,3386.13,EUR,CUST004
4695,2020-06-29,7000,4576.55,EUR,CUST014
4696,2025-04-20,6000,2550.2,EUR,CUST016
4697,2022-07-17,7000,4957.18,EUR,CUST001
4698,2023-04-28,7000,134.94,EUR,CUST011
4699,2022-04-26,6000,4478.13,EUR,CUST016
4700,2020-10-28,6000,4939.01,EUR,CUST016
4701,2021-02-08,7000,4368.02,EUR,CUST007
4702,2020-11-01,6000,3529.93,EUR,CUST003
4703,2021-04-29,6000,2642.17,EUR,CUST003
4704,2022-02-12,6000,2085.1,EUR,CUST014
4705,2023-09-02,7000,3806.65,EUR,CUST019
4706,2021-10-13,7000,860.46,EUR,CUST008
4707,2020-11-05,6000,4715.87,EUR,CUST010
4708,2020-05-17,7000,2844.12,EUR,CUST009
4709,2021-11-23,7000,1913.96,EUR,CUST004
4710,2020-06-04,7000,3283.51,EUR,CUST003
4711,2022-10-02,7000,4652.93,EUR,CUST007
4712,2020-05-02,7000,2429.99,EUR,CUST011
4713,2023-02-01,7000,2939.4,EUR,CUST003
4714,2022-11-22,7000,1754.83,EUR,CUST007
4715,2022-11-01,6000,2576.82,EUR,CUST016
4716,2019-10-28,7000,4693.84,EUR,CUST011
4717,2022-11-17,6000,1124.8,EUR,CUST017
4718,2023-10-22,6000,1874.38,EUR,CUST018
4719,2021-09-03,7000,798.09,EUR,CUST004
4720,2020-09-14,7000,888.72,EUR,CUST019
4721,2023-05-27,6000,3291.23,EUR,CUST003
4722,2023-10-05,6000,4081.58,EUR,CUST008
4723,2023-01-13,7000,2914.94,EUR,CUST020
4724,2022-04-28,7000,4549.38,EUR,CUST003
4725,2024-12-24,6000,2610.5,EUR,CUST018
4726,2022-09-23,6000,2806.48,EUR,CUST013
4727,2021-05-03,6000,3374.81,EUR,CUST020
4728,2025-06-18,7000,698.38,EUR,CUST016
4729,2024-07-10,6000,477.35,EUR,CUST019
4730,2020-10-09,7000,353.66,EUR,CUST003
4731,2020-03-22,7000,747.57,EUR,CUST001
4732,2023-07-08,6000,3220.31,EUR,CUST018
4733,2020-08-13,7000,2800.81,EUR,CUST001
4734,2020-11-04,7000,1351.98,EUR,CUST014
4735,2024-10-20,6000,2018.18,EUR,CUST006
4736,2021-01-28,6000,1958.8,EUR,CUST010
4737,2020-03-31,6000,2645.81,EUR,CUST008
4738,2025-09-14,7000,660.87,EUR,CUST004
4739,2025-02-07,7000,4362.33,EUR,CUST002
4740,2025-05-28,6000,2207.81,EUR,CUST004
4741,2024-07-15,7000,3331.62,EUR,CUST006
4742,2022-10-28,7000,3626.61,EUR,CUST018
4743,2019-12-19,7000,621.33,EUR,CUST001
4744,2021-08-15,7000,4774.57,EUR,CUST004
4745,2021-10-11,6000,2725.11,EUR,CUST007
4746,2021-03-06,6000,393.0,EUR,CUST006
4747,2020-06-26,7000,4592.75,EUR,CUST006
4748,2020-03-20,6000,3631.36,EUR,CUST018
4749,2021-11-10,6000,1103.3,EUR,CUST009
4750,2020-10-24,6000,1639.64,EUR,CUST006
4751,2023-06-09,7000,3006.95,EUR,CUST009
4752,2025-01-24,7000,3910.45,EUR,CUST001
4753,2021-10-21,7000,1515.36,EUR,CUST001
4754,2023-03-03,6000,2366.57,EUR,CUST007
4755,2024-10-04,7000,826.57,EUR,CUST009
4756,2024-02-18,7000,3582.78,EUR,CUST006
4757,2020-06-26,6000,215.56,EUR,CUST006
4758,2020-01-09,6000,2093.03,EUR,CUST013
4759,2020-08-21,6000,3323.59,EUR,CUST008
4760,2020-06-15,6000,2491.0,EUR,CUST006
4761,2025-06-08,6000,356.73,EUR,CUST006
4762,2024-08-30,6000,4507.44,EUR,CUST006
4763,2022-11-28,7000,124.31,EUR,CUST004
4764,2022-08-21,6000,4750.38,EUR,CUST016
4765,2023-09-13,7000,2820.15,EUR,CUST004
4766,2024-03-11,7000,4271.9,EUR,CUST010
4767,2023-07-15,6000,441.41,EUR,CUST011
4768,2020-12-28,6000,2482.82,EUR,CUST009
4769,2023-10-23,7000,1448.2,EUR,CUST016
4770,2022-05-22,7000,4349.15,EUR,CUST009
4771,2024-12-18,7000,4979.51,EUR,CUST011
4772,2024-04-19,7000,3492.43,EUR,CUST013
4773,2024-09-08,7000,1359.15,EUR,CUST002
4774,2020-05-03,6000,3075.09,EUR,CUST016
4775,2025-01-06,7000,4761.42,EUR,CUST008
4776,2022-12-15,7000,4270.67,EUR,CUST002
4777,2022-12-09,6000,2418.99,EUR,CUST020
4778,2022-08-02,7000,3921.68,EUR,CUST001
4779,2021-12-10,6000,887.2,EUR,CUST015
4780,2021-12-09,6000,4449.85,EUR,CUST005
4781,2020-05-22,6000,1813.31,EUR,CUST001
4782,2023-09-27,6000,1381.2,EUR,CUST002
4783,2022-06-20,7000,1354.38,EUR,CUST012
4784,2022-04-10,6000,3335.94,EUR,CUST008
4785,2022-11-21,6000,2641.93,EUR,CUST003
4786,2025-01-21,7000,2207.04,EUR,CUST019
4787,2021-01-26,6000,4335.61,EUR,CUST007
4788,2020-11-13,6000,3711.97,EUR,CUST011
4789,2021-12-22,6000,4465.76,EUR,CUST016
4790,2023-08-08,6000,4376.22,EUR,CUST005
4791,2022-11-20,7000,4454.12,EUR,CUST018
4792,2023-01-20,7000,3526.79,EUR,CUST006
4793,2024-09-16,7000,1726.46,EUR,CUST002
4794,2021-09-04,6000,3325.04,EUR,CUST018
4795,2021-07-28,6000,1102.58,EUR,CUST004
4796,2024-04-09,6000,4028.64,EUR,CUST016
4797,2021-03-14,7000,3258.74,EUR,CUST015
4798,2021-11-19,6000,2592.49,EUR,CUST001
4799,2022-11-30,6000,4288.07,EUR,CUST017
4800,2020-08-07,6000,3148.05,EUR,CUST013
4801,2025-08-07,7000,4704.32,EUR,CUST011
4802,2023-02-09,6000,3963.09,EUR,CUST001
4803,2021-01-08,7000,1191.54,EUR,CUST005
4804,2023-12-05,6000,3498.2,EUR,CUST016
4805,2023-09-04,6000,1060.26,EUR,CUST014
4806,2020-02-07,6000,1313.57,EUR,CUST013
4807,2020-10-20,7000,4305.16,EUR,CUST020
4808,2024-05-08,6000,4171.54,EUR,CUST016
4809,2025-04-07,7000,2257.69,EUR,CUST003
4810,2021-05-28,6000,2115.91,EUR,CUST009
4811,2024-08-31,6000,3097.93,EUR,CUST018
4812,2021-12-07,6000,2202.73,EUR,CUST002
4813,2022-06-19,7000,3779.01,EUR,CUST020
4814,2021-07-12,6000,4915.1,EUR,CUST020
4815,2023-04-02,6000,1737.2,EUR,CUST010
4816,2020-10-11,6000,3742.36,EUR,CUST005
4817,2022-05-03,6000,3211.95,EUR,CUST002
4818,2024-01-02,6000,4559.97,EUR,CUST003
4819,2021-03-09,6000,929.21,EUR,CUST008
4820,2019-11-22,7000,2065.61,EUR,CUST005
4821,2024-05-29,6000,3570.5,EUR,CUST005
4822,2023-05-11,6000,2918.44,EUR,CUST004
4823,2021-03-06,6000,2423.28,EUR,CUST001
4824,2022-04-18,6000,4177.52,EUR,CUST008
4825,2023-11-25,7000,1329.72,EUR,CUST016
4826,2021-02-11,6000,3760.69,EUR,CUST001
4827,2022-05-10,6000,3358.95,EUR,CUST017
4828,2022-09-11,6000,4994.12,EUR,CUST007
4829,2020-06-11,6000,1647.61,EUR,CUST007
4830,2022-06-16,7000,4545.35,EUR,CUST013
4831,2024-10-27,6000,2110.49,EUR,CUST008
4832,2022-03-03,7000,4742.32,EUR,CUST005
4833,2025-09-11,6000,500.43,EUR,CUST013
4834,2025-05-26,7000,3118.78,EUR,CUST020
4835,2019-12-27,6000,4192.68,EUR,CUST017
4836,2024-06-22,6000,2363.49,EUR,CUST004
4837,2021-02-18,6000,4623.1,EUR,CUST017
4838,2023-01-21,7000,3440.53,EUR,CUST003
4839,2025-09-23,6000,342.46,EUR,CUST018
4840,2023-10-16,7000,1153.78,EUR,CUST006
4841,2023-10-02,7000,4430.86,EUR,CUST003
4842,2023-10-13,7000,551.63,EUR,CUST011
4843,2022-11-28,7000,4119.65,EUR,CUST008
4844,2022-08-08,6000,4555.48,EUR,CUST008
4845,2024-11-20,6000,2019.52,EUR,CUST014
4846,2021-05-22,6000,2520.34,EUR,CUST006
4847,2019-10-31,6000,631.33,EUR,CUST006
4848,2023-06-05,6000,4875.81,EUR,CUST013
4849,2023-09-21,6000,3801.42,EUR,CUST004
4850,2024-10-17,6000,870.44,EUR,CUST006
4851,2020-12-16,7000,1542.39,EUR,CUST016
4852,2022-11-24,6000,950.53,EUR,CUST012
4853,2024-12-03,7000,4108.71,EUR,CUST017
4854,2020-08-15,7000,2774.77,EUR,CUST011
4855,2020-03-08,6000,3476.84,EUR,CUST017
4856,2022-12-07,7000,354.46,EUR,CUST019
4857,2021-05-23,6000,3754.07,EUR,CUST010
4858,2024-09-16,6000,767.09,EUR,CUST003
4859,2024-12-15,6000,3277.95,EUR,CUST003
4860,2023-06-07,6000,2431.46,EUR,CUST016
4861,2020-07-05,6000,3103.88,EUR,CUST015
4862,2020-02-14,7000,3991.06,EUR,CUST004
4863,2025-06-09,7000,4337.52,EUR,CUST009
4864,2021-09-04,7000,967.97,EUR,CUST001
4865,2021-05-02,7000,3849.49,EUR,CUST019
4866,2023-05-11,7000,1721.27,EUR,CUST002
4867,2023-08-26,6000,4393.73,EUR,CUST015
4868,2020-12-27,6000,4092.92,EUR,CUST007
4869,2020-06-25,7000,3932.72,EUR,CUST001
4870,2023-02-05,7000,3163.3,EUR,CUST006
4871,2020-03-30,7000,718.65,EUR,CUST010
4872,2022-10-03,7000,3365.1,EUR,CUST010
4873,2022-02-11,7000,4911.18,EUR,CUST011
4874,2022-06-02,6000,2824.73,EUR,CUST016
4875,2020-05-23,7000,3020.95,EUR,CUST018
4876,2023-07-16,6000,1051.53,EUR,CUST012
4877,2022-03-06,7000,513.46,EUR,CUST012
4878,2023-05-02,6000,4918.65,EUR,CUST019
4879,2021-01-28,6000,4104.53,EUR,CUST018
4880,2022-09-30,6000,2670.79,EUR,CUST011
4881,2019-11-20,7000,352.17,EUR,CUST015
4882,2022-03-22,6000,2112.9,EUR,CUST017
4883,2020-03-25,7000,4302.95,EUR,CUST008
4884,2023-05-23,6000,2366.95,EUR,CUST003
4885,2024-09-14,6000,2319.22,EUR,CUST020
4886,2023-09-30,6000,1033.09,EUR,CUST017
4887,2022-08-04,7000,538.46,EUR,CUST008
4888,2020-10-06,6000,2952.71,EUR,CUST012
4889,2023-07-23,6000,1781.19,EUR,CUST012
4890,2020-03-09,6000,2967.52,EUR,CUST004
4891,2021-09-06,6000,3404.48,EUR,CUST005
4892,2023-04-07,7000,3098.42,EUR,CUST019
4893,2025-09-13,6000,3776.69,EUR,CUST010
4894,2023-06-18,7000,2471.64,EUR,CUST009
4895,2024-11-24,7000,4578.88,EUR,CUST013
4896,2022-07-01,6000,1403.63,EUR,CUST015
4897,2023-05-27,6000,493.11,EUR,CUST010
4898,2021-08-27,7000,3869.49,EUR,CUST014
4899,2023-10-04,7000,2121.17,EUR,CUST004
4900,2024-08-01,6000,3266.76,EUR,CUST011
4901,2024-12-03,6000,1929.78,EUR,CUST003
4902,2021-11-23,6000,4987.95,EUR,CUST019
4903,2024-07-12,6000,1425.4,EUR,CUST014
4904,2022-11-01,6000,2480.67,EUR,CUST020
4905,2021-09-27,7000,4570.28,EUR,CUST007
4906,2022-12-01,6000,3860.71,EUR,CUST014
4907,2021-01-30,7000,1074.82,EUR,CUST008
4908,2023-06-20,6000,287.57,EUR,CUST001
4909,2024-03-12,7000,1939.56,EUR,CUST001
4910,2023-06-09,6000,3512.9,EUR,CUST012
4911,2021-09-18,6000,838.69,EUR,CUST020
4912,2022-02-09,7000,3391.05,EUR,CUST006
4913,2020-12-22,7000,2036.03,EUR,CUST019
4914,2022-10-18,7000,3698.44,EUR,CUST012
4915,2023-04-24,6000,3744.52,EUR,CUST014
4916,2022-03-03,7000,2678.66,EUR,CUST013
4917,2024-08-23,7000,3295.77,EUR,CUST007
4918,2022-02-01,6000,2907.63,EUR,CUST020
4919,2024-01-02,7000,4872.43,EUR,CUST010
4920,2023-03-30,6000,1946.47,EUR,CUST009
4921,2024-01-03,6000,2782.29,EUR,CUST001
4922,2022-10-01,6000,3739.27,EUR,CUST019
4923,2024-04-27,7000,2762.4,EUR,CUST005
4924,2024-06-18,6000,1787.52,EUR,CUST017
4925,2021-07-28,6000,1457.65,EUR,CUST007
4926,2020-07-30,6000,4506.04,EUR,CUST012
4927,2022-11-09,7000,3608.09,EUR,CUST005
4928,2024-08-20,7000,620.81,EUR,CUST018
4929,2021-03-23,6000,3771.55,EUR,CUST004
4930,2024-11-17,7000,4893.75,EUR,CUST013
4931,2020-12-30,7000,1912.59,EUR,CUST009
4932,2025-02-12,6000,528.33,EUR,CUST004
4933,2024-03-08,7000,3636.49,EUR,CUST006
4934,2023-08-13,6000,3529.34,EUR,CUST010
4935,2022-06-28,6000,479.18,EUR,CUST010
4936,2021-04-27,6000,1559.33,EUR,CUST005
4937,2025-07-02,7000,4999.12,EUR,CUST008
4938,2021-11-25,7000,1416.1,EUR,CUST014
4939,2020-03-28,7000,1576.56,EUR,CUST013
4940,2020-10-09,6000,2924.86,EUR,CUST017
4941,2020-02-05,6000,3646.98,EUR,CUST008
4942,2021-09-09,7000,2588.43,EUR,CUST015
4943,2022-02-15,7000,140.77,EUR,CUST012
4944,2022-09-24,6000,3500.01,EUR,CUST007
4945,2022-02-10,7000,1457.56,EUR,CUST019
4946,2025-01-05,6000,1537.09,EUR,CUST006
4947,2020-08-20,6000,4319.8,EUR,CUST018
4948,2019-12-25,7000,3832.19,EUR,CUST010
4949,2022-02-03,7000,169.23,EUR,CUST009
4950,2021-04-25,7000,3634.19,EUR,CUST009
4951,2022-12-26,7000,4683.99,EUR,CUST011
4952,2025-05-30,6000,1893.02,EUR,CUST016
4953,2020-07-12,6000,1900.13,EUR,CUST008
4954,2020-11-10,6000,1427.85,EUR,CUST018
4955,2021-03-11,7000,206.45,EUR,CUST003
4956,2020-04-25,6000,1298.34,EUR,CUST007
4957,2021-06-05,6000,2204.68,EUR,CUST002
4958,2024-07-25,7000,1662.18,EUR,CUST008
4959,2023-12-18,6000,2670.13,EUR,CUST019
4960,2021-12-13,7000,216.76,EUR,CUST012
4961,2022-10-27,7000,2773.05,EUR,CUST010
4962,2020-09-29,7000,3974.51,EUR,CUST019
4963,2019-10-26,7000,2507.25,EUR,CUST007
4964,2024-03-24,6000,316.97,EUR,CUST005
4965,2021-10-27,7000,970.21,EUR,CUST002
4966,2020-10-02,6000,844.21,EUR,CUST012
4967,2024-05-03,6000,330.73,EUR,CUST001
4968,2022-01-03,6000,3189.75,EUR,CUST003
4969,2025-01-02,7000,3693.63,EUR,CUST008
4970,2023-03-18,7000,2341.2,EUR,CUST017
4971,2022-07-16,7000,1188.37,EUR,CUST013
4972,2020-11-20,6000,1459.81,EUR,CUST019
4973,2021-12-29,7000,1517.9,EUR,CUST007
4974,2021-07-31,6000,1445.35,EUR,CUST013
4975,2024-07-16,7000,4324.14,EUR,CUST006
4976,2021-09-03,6000,2531.21,EUR,CUST018
4977,2020-08-12,6000,4226.47,EUR,CUST009
4978,2020-03-30,7000,3229.5,EUR,CUST001
4979,2020-04-18,7000,3474.62,EUR,CUST001
4980,2024-12-27,7000,294.29,EUR,CUST007
4981,2023-06-08,7000,4494.52,EUR,CUST003
4982,2020-02-16,7000,4519.73,EUR,CUST002
4983,2025-08-06,6000,192.91,EUR,CUST014
4984,2022-04-05,6000,2939.62,EUR,CUST015
4985,2022-05-26,6000,1448.58,EUR,CUST016
4986,2024-04-26,6000,3197.72,EUR,CUST014
4987,2021-10-06,7000,4738.03,EUR,CUST012
4988,2021-01-23,7000,2890.99,EUR,CUST016
4989,2023-09-06,6000,1758.13,EUR,CUST017
4990,2020-12-28,6000,2671.65,EUR,CUST018
4991,2025-02-07,7000,1468.41,EUR,CUST017
4992,2025-07-08,7000,3969.35,EUR,CUST003
4993,2021-10-31,6000,607.96,EUR,CUST001
4994,2025-06-04,6000,3326.8,EUR,CUST009
4995,2024-02-28,7000,4622.23,EUR,CUST013
4996,2020-07-14,7000,878.26,EUR,CUST005
4997,2024-03-31,6000,652.58,EUR,CUST001
4998,2020-02-01,7000,2213.95,EUR,CUST015
4999,2023-09-02,6000,1925.74,EUR,CUST014
5000,2024-01-31,6000,4694.11,EUR,CUST004
5001,2022-06-13,6000,3132.68,EUR,CUST015
5002,2024-10-10,7000,2119.28,EUR,CUST017
5003,2020-03-16,6000,848.47,EUR,CUST009
5004,2024-05-29,7000,3534.47,EUR,CUST017
5005,2025-01-14,7000,1076.3,EUR,CUST009
5006,2024-05-13,6000,2097.47,EUR,CUST003
5007,2021-12-13,6000,2991.68,EUR,CUST015
5008,2022-02-03,7000,613.87,EUR,CUST005
5009,2025-01-04,7000,1672.71,EUR,CUST007
5010,2025-03-04,7000,1397.91,EUR,CUST003
5011,2023-04-13,6000,2589.33,EUR,CUST017
5012,2021-06-20,6000,1699.88,EUR,CUST012
5013,2022-05-04,7000,4796.17,EUR,CUST017
5014,2025-07-15,6000,4033.99,EUR,CUST006
5015,2020-01-23,7000,2169.42,EUR,CUST009
5016,2023-04-08,6000,372.27,EUR,CUST005
5017,2020-02-15,7000,570.79,EUR,CUST015
5018,2024-01-28,6000,1416.14,EUR,CUST020
5019,2020-03-06,6000,2478.29,EUR,CUST001
5020,2020-06-20,7000,1593.65,EUR,CUST006
5021,2020-05-23,7000,3827.83,EUR,CUST013
5022,2025-05-15,7000,2846.53,EUR,CUST019
5023,2024-10-04,6000,427.41,EUR,CUST019
5024,2020-12-07,6000,4185.4,EUR,CUST008
5025,2020-01-15,7000,3687.71,EUR,CUST001
5026,2023-05-10,6000,4092.88,EUR,CUST004
5027,2023-12-11,7000,4953.63,EUR,CUST005
5028,2022-12-07,7000,1624.9,EUR,CUST002
5029,2023-07-27,7000,2070.09,EUR,CUST018
5030,2021-08-04,7000,4808.43,EUR,CUST020
5031,2023-10-04,7000,2574.45,EUR,CUST008
5032,2021-03-28,7000,3051.46,EUR,CUST007
5033,2021-02-02,6000,2392.97,EUR,CUST004
5034,2023-05-21,7000,3641.49,EUR,CUST009
5035,2025-03-28,7000,3245.94,EUR,CUST018
5036,2022-07-21,7000,4397.96,EUR,CUST004
5037,2024-06-14,6000,711.42,EUR,CUST001
5038,2022-07-13,7000,2070.91,EUR,CUST013
5039,2024-06-02,7000,3022.54,EUR,CUST015
5040,2022-01-03,6000,3550.57,EUR,CUST005
5041,2024-09-15,6000,3974.55,EUR,CUST005
5042,2020-07-23,6000,3881.34,EUR,CUST019
5043,2022-09-18,6000,312.8,EUR,CUST008
5044,2023-02-14,7000,1423.15,EUR,CUST011
5045,2022-12-16,7000,1586.06,EUR,CUST016
5046,2019-12-18,7000,3475.2,EUR,CUST007
5047,2021-05-05,7000,4105.54,EUR,CUST005
5048,2025-05-18,7000,3011.66,EUR,CUST013
5049,2024-12-01,6000,4263.97,EUR,CUST015
5050,2023-05-26,6000,4952.56,EUR,CUST019
5051,2024-08-13,6000,561.91,EUR,CUST004
5052,2024-09-13,7000,824.12,EUR,CUST005
5053,2021-12-21,7000,3559.41,EUR,CUST005
5054,2023-10-03,7000,3868.69,EUR,CUST019
5055,2023-10-28,7000,1509.68,EUR,CUST010
5056,2025-03-03,6000,2601.21,EUR,CUST016
5057,2023-06-08,6000,918.75,EUR,CUST013
5058,2021-05-08,7000,1254.27,EUR,CUST008
5059,2023-07-23,6000,3651.38,EUR,CUST009
5060,2025-01-22,7000,1658.85,EUR,CUST020
5061,2024-05-03,6000,2761.56,EUR,CUST005
5062,2019-11-21,6000,4510.3,EUR,CUST012
5063,2021-09-07,6000,3813.05,EUR,CUST018
5064,2023-11-28,6000,1896.19,EUR,CUST018
5065,2023-04-18,7000,1360.95,EUR,CUST019
5066,2021-01-21,7000,3919.29,EUR,CUST004
5067,2021-07-15,7000,2386.46,EUR,CUST013
5068,2023-05-22,7000,710.6,EUR,CUST006
5069,2023-05-09,6000,1647.49,EUR,CUST020
5070,2020-08-01,6000,3581.5,EUR,CUST016
5071,2025-08-29,7000,4140.45,EUR,CUST014
5072,2025-05-08,6000,2726.1,EUR,CUST017
5073,2021-10-13,6000,3156.1,EUR,CUST016
5074,2020-07-01,7000,4605.12,EUR,CUST002
5075,2025-08-05,7000,3599.4,EUR,CUST004
5076,2023-08-27,6000,3385.84,EUR,CUST010
5077,2022-07-02,7000,1672.14,EUR,CUST002
5078,2023-03-04,7000,1485.62,EUR,CUST014
5079,2023-11-16,6000,3060.39,EUR,CUST009
5080,2020-05-29,7000,4270.02,EUR,CUST004
5081,2024-03-11,7000,3747.21,EUR,CUST017
5082,2025-06-20,7000,1634.19,EUR,CUST001
5083,2025-01-13,6000,462.59,EUR,CUST008
5084,2019-10-10,6000,690.02,EUR,CUST009
5085,2022-12-15,6000,1172.42,EUR,CUST009
5086,2025-07-09,7000,3706.23,EUR,CUST013
5087,2022-07-21,6000,1159.94,EUR,CUST009
5088,2022-08-03,6000,2132.51,EUR,CUST014
5089,2023-08-16,6000,939.07,EUR,CUST010
5090,2022-06-25,7000,3420.62,EUR,CUST016
5091,2024-08-20,7000,4937.57,EUR,CUST009
5092,2025-03-07,6000,4613.96,EUR,CUST006
5093,2023-04-11,6000,2649.73,EUR,CUST007
5094,2023-05-08,6000,3045.52,EUR,CUST005
5095,2022-09-22,6000,2871.54,EUR,CUST016
5096,2022-05-10,7000,3982.89,EUR,CUST006
5097,2022-04-23,6000,3688.05,EUR,CUST004
5098,2022-06-19,7000,1572.3,EUR,CUST013
5099,2024-06-19,6000,1320.65,EUR,CUST001
5100,2021-03-17,7000,4315.41,EUR,CUST011
5101,2024-07-30,6000,4895.45,EUR,CUST018
5102,2023-07-14,7000,784.27,EUR,CUST018
5103,2024-08-07,6000,4982.7,EUR,CUST005
5104,2021-12-30,7000,3428.22,EUR,CUST011
5105,2020-07-25,7000,2873.46,EUR,CUST002
5106,2024-10-22,6000,434.98,EUR,CUST002
5107,2021-06-09,6000,3762.7,EUR,CUST008
5108,2022-11-20,7000,1628.41,EUR,CUST016
5109,2024-06-07,7000,453.25,EUR,CUST013
5110,2024-10-30,7000,3976.43,EUR,CUST008
5111,2023-09-22,7000,4473.22,EUR,CUST006
5112,2020-02-03,7000,693.91,EUR,CUST015
5113,2020-06-02,6000,4167.19,EUR,CUST004
5114,2020-05-04,6000,4960.9,EUR,CUST001
5115,2024-03-26,6000,3321.1,EUR,CUST015
5116,2025-07-17,6000,4771.8,EUR,CUST006
5117,2021-03-01,7000,2225.11,EUR,CUST009
5118,2021-04-13,6000,4325.67,EUR,CUST010
5119,2024-09-18,6000,1878.18,EUR,CUST016
5120,2025-08-20,7000,1149.37,EUR,CUST007
5121,2020-11-26,6000,1356.97,EUR,CUST015
5122,2019-11-18,6000,2477.77,EUR,CUST005
5123,2022-10-12,6000,2320.25,EUR,CUST006
5124,2024-02-03,7000,3290.03,EUR,CUST008
5125,2022-08-17,7000,2085.64,EUR,CUST017
5126,2022-12-27,7000,4991.49,EUR,CUST007
5127,2024-09-03,7000,4826.76,EUR,CUST019
5128,2024-09-30,6000,3871.06,EUR,CUST013
5129,2022-01-10,7000,1854.02,EUR,CUST020
5130,2021-12-05,7000,3849.85,EUR,CUST019
5131,2024-05-07,7000,3040.76,EUR,CUST007
5132,2024-06-11,7000,2673.54,EUR,CUST016
5133,2021-02-12,7000,154.9,EUR,CUST019
5134,2023-11-22,7000,683.77,EUR,CUST015
5135,2020-09-11,7000,2116.81,EUR,CUST004
5136,2023-08-17,6000,4694.52,EUR,CUST009
5137,2019-10-23,7000,2811.72,EUR,CUST007
5138,2021-06-19,6000,3057.92,EUR,CUST016
5139,2023-09-26,6000,135.16,EUR,CUST019
5140,2021-01-08,7000,1960.38,EUR,CUST007
5141,2022-01-11,7000,1766.11,EUR,CUST014
5142,2025-05-26,6000,2103.6,EUR,CUST014
5143,2023-07-19,7000,3430.46,EUR,CUST005
5144,2022-02-25,6000,3545.21,EUR,CUST018
5145,2023-03-22,6000,2112.05,EUR,CUST006
5146,2022-05-25,6000,2609.68,EUR,CUST013
5147,2023-11-08,7000,1651.27,EUR,CUST010
5148,2022-09-04,7000,1723.78,EUR,CUST002
5149,2025-01-23,7000,1377.78,EUR,CUST001
5150,2025-07-17,7000,765.01,EUR,CUST011
5151,2025-03-01,7000,2932.79,EUR,CUST002
5152,2024-03-12,6000,2509.36,EUR,CUST011
5153,2021-09-01,6000,487.46,EUR,CUST014
5154,2022-08-16,7000,1763.97,EUR,CUST005
5155,2020-09-05,6000,3975.54,EUR,CUST008
5156,2025-03-23,7000,3645.6,EUR,CUST011
5157,2022-04-21,7000,462.06,EUR,CUST012
5158,2020-02-09,6000,3782.11,EUR,CUST013
5159,2022-09-12,6000,130.71,EUR,CUST005
5160,2025-05-16,7000,767.29,EUR,CUST018
5161,2024-06-23,6000,2977.31,EUR,CUST011
5162,2022-07-13,7000,4222.89,EUR,CUST015
5163,2024-02-14,7000,420.68,EUR,CUST003
5164,2020-05-09,7000,436.16,EUR,CUST013
5165,2020-11-18,7000,4746.1,EUR,CUST012
5166,2025-04-19,7000,4936.08,EUR,CUST015
5167,2020-10-25,6000,2253.74,EUR,CUST006
5168,2023-08-19,6000,1135.12,EUR,CUST012
5169,2021-02-27,7000,2497.86,EUR,CUST003
5170,2025-09-09,6000,3271.98,EUR,CUST016
5171,2022-01-21,6000,1265.11,EUR,CUST019
5172,2021-02-05,6000,4276.49,EUR,CUST010
5173,2019-10-07,7000,3813.63,EUR,CUST002
5174,2023-06-22,6000,1362.44,EUR,CUST008
5175,2024-08-29,6000,3065.5,EUR,CUST013
5176,2022-01-07,6000,2206.88,EUR,CUST019
5177,2023-03-02,7000,2770.46,EUR,CUST007
5178,2022-12-26,7000,3316.74,EUR,CUST006
5179,2020-01-15,7000,4474.6,EUR,CUST005
5180,2022-09-04,7000,2924.45,EUR,CUST007
5181,2020-02-29,7000,1861.57,EUR,CUST007
5182,2024-05-24,6000,1694.57,EUR,CUST018
5183,2020-06-29,7000,743.15,EUR,CUST013
5184,2020-04-05,6000,4749.09,EUR,CUST009
5185,2023-03-05,7000,2082.52,EUR,CUST007
5186,2022-07-14,7000,1968.27,EUR,CUST013
5187,2020-02-02,6000,903.32,EUR,CUST007
5188,2023-05-27,6000,2248.64,EUR,CUST004
5189,2024-10-28,7000,3409.42,EUR,CUST019
5190,2019-10-25,7000,4771.35,EUR,CUST008
5191,2020-04-25,7000,2202.73,EUR,CUST012
5192,2025-08-26,6000,4178.86,EUR,CUST016
5193,2020-09-16,6000,3411.02,EUR,CUST017
5194,2021-12-18,7000,4423.42,EUR,CUST006
5195,2021-06-25,7000,2238.08,EUR,CUST010
5196,2021-04-28,6000,4154.69,EUR,CUST018
5197,2019-12-11,6000,255.46,EUR,CUST008
5198,2022-10-19,7000,4445.38,EUR,CUST017
5199,2022-12-17,6000,520.89,EUR,CUST013
5200,2022-07-16,6000,1606.69,EUR,CUST003
5201,2022-02-05,6000,1029.22,EUR,CUST003
5202,2022-06-11,6000,1951.23,EUR,CUST004
5203,2021-05-03,6000,3127.62,EUR,CUST010
5204,2019-12-14,6000,3158.0,EUR,CUST006
5205,2021-03-31,6000,2638.49,EUR,CUST005
5206,2021-05-07,6000,2595.22,EUR,CUST019
5207,2024-05-04,7000,131.58,EUR,CUST005
5208,2024-07-21,7000,1696.94,EUR,CUST002
5209,2025-09-19,6000,3982.62,EUR,CUST016
5210,2020-03-23,7000,3939.31,EUR,CUST014
5211,2023-01-10,7000,1055.32,EUR,CUST002
5212,2023-08-05,7000,4099.38,EUR,CUST011
5213,2020-07-29,6000,2154.6,EUR,CUST004
5214,2023-06-25,7000,4033.9,EUR,CUST008
5215,2023-02-06,6000,3083.69,EUR,CUST009
5216,2020-10-02,7000,235.87,EUR,CUST013
5217,2021-09-07,7000,3175.44,EUR,CUST020
5218,2020-09-30,7000,4830.34,EUR,CUST008
5219,2025-08-28,6000,2186.34,EUR,CUST001
5220,2025-04-28,6000,3828.83,EUR,CUST006
5221,2022-10-07,7000,3730.41,EUR,CUST003
5222,2024-12-09,7000,747.09,EUR,CUST015
5223,2025-06-22,6000,4218.49,EUR,CUST011
5224,2025-03-19,7000,3529.49,EUR,CUST020
5225,2023-06-19,6000,4528.72,EUR,CUST010
5226,2019-12-01,6000,2810.7,EUR,CUST002
5227,2020-06-02,6000,4468.69,EUR,CUST017
5228,2022-12-30,7000,4324.64,EUR,CUST005
5229,2019-10-25,7000,3062.96,EUR,CUST007
5230,2020-02-21,7000,240.39,EUR,CUST001
5231,2025-05-27,7000,505.42,EUR,CUST006
5232,2019-11-13,6000,1952.87,EUR,CUST005
5233,2024-10-08,6000,4592.35,EUR,CUST012
5234,2020-05-29,7000,2291.82,EUR,CUST012
5235,2020-05-05,6000,3766.05,EUR,CUST011
5236,2023-04-25,7000,3370.24,EUR,CUST003
5237,2022-08-11,6000,769.47,EUR,CUST012
5238,2021-03-29,7000,2654.86,EUR,CUST012
5239,2020-09-17,7000,3336.37,EUR,CUST013
5240,2025-06-07,7000,2375.81,EUR,CUST009
5241,2021-08-21,7000,2182.86,EUR,CUST003
5242,2020-08-15,7000,4110.5,EUR,CUST002
5243,2025-06-26,6000,2995.21,EUR,CUST008
5244,2025-01-22,7000,4291.22,EUR,CUST016
5245,2024-05-10,6000,170.17,EUR,CUST004
5246,2025-06-03,7000,4421.53,EUR,CUST009
5247,2020-06-07,7000,4977.8,EUR,CUST017
5248,2021-08-30,7000,3264.64,EUR,CUST019
5249,2025-05-30,7000,3490.32,EUR,CUST020
5250,2025-09-29,6000,2716.7,EUR,CUST001
5251,2021-09-14,6000,1765.19,EUR,CUST010
5252,2024-04-28,6000,3635.33,EUR,CUST012
5253,2022-08-19,7000,1476.72,EUR,CUST013
5254,2023-08-01,6000,3817.95,EUR,CUST002
5255,2024-01-13,7000,4662.62,EUR,CUST019
5256,2024-08-23,7000,4512.6,EUR,CUST001
5257,2025-06-27,7000,1136.52,EUR,CUST018
5258,2024-12-08,6000,351.29,EUR,CUST004
5259,2025-08-18,7000,4955.64,EUR,CUST004
5260,2020-11-16,6000,3852.23,EUR,CUST020
5261,2025-03-30,6000,319.6,EUR,CUST012
5262,2021-06-13,7000,4337.81,EUR,CUST010
5263,2024-11-29,7000,1748.19,EUR,CUST018
5264,2025-05-14,7000,3736.44,EUR,CUST001
5265,2023-08-26,7000,3215.94,EUR,CUST006
5266,2024-04-17,7000,2052.74,EUR,CUST007
5267,2021-10-24,6000,2090.15,EUR,CUST019
5268,2024-02-27,7000,2964.09,EUR,CUST005
5269,2024-03-10,7000,2618.53,EUR,CUST018
5270,2024-12-05,7000,1244.58,EUR,CUST014
5271,2021-09-15,7000,2745.0,EUR,CUST012
5272,2021-05-17,6000,1344.65,EUR,CUST020
5273,2025-09-29,6000,2893.31,EUR,CUST001
5274,2024-05-20,7000,3829.74,EUR,CUST008
5275,2022-06-08,6000,4625.76,EUR,CUST002
5276,2020-01-12,7000,4182.98,EUR,CUST018
5277,2023-02-04,7000,729.09,EUR,CUST018
5278,2022-08-06,7000,1719.83,EUR,CUST001
5279,2024-01-26,6000,402.55,EUR,CUST009
5280,2024-10-02,7000,2449.92,EUR,CUST009
5281,2023-08-18,7000,1512.25,EUR,CUST006
5282,2024-09-02,6000,4761.75,EUR,CUST016
5283,2025-06-10,6000,4794.01,EUR,CUST016
5284,2020-12-20,6000,350.12,EUR,CUST016
5285,2023-01-21,6000,4661.94,EUR,CUST008
5286,2021-01-18,6000,2852.05,EUR,CUST005
5287,2020-11-11,7000,4065.38,EUR,CUST001
5288,2020-03-10,6000,2754.15,EUR,CUST013
5289,2022-07-25,7000,1197.88,EUR,CUST013
5290,2023-08-12,6000,2998.2,EUR,CUST018
5291,2023-08-28,7000,4226.81,EUR,CUST006
5292,2019-12-14,7000,110.9,EUR,CUST014
5293,2020-07-28,6000,4132.53,EUR,CUST011
5294,2021-03-20,6000,4580.73,EUR,CUST010
5295,2023-01-18,6000,3801.08,EUR,CUST010
5296,2021-02-04,6000,3571.15,EUR,CUST019
5297,2022-09-25,7000,4381.79,EUR,CUST020
5298,2021-06-04,7000,2986.73,EUR,CUST016
5299,2024-01-30,7000,2808.71,EUR,CUST002
5300,2022-07-18,7000,350.7,EUR,CUST013
5301,2025-05-16,6000,2473.44,EUR,CUST005
5302,2022-01-01,6000,1752.62,EUR,CUST016
5303,2022-09-23,7000,902.24,EUR,CUST011
5304,2024-11-28,6000,4854.9,EUR,CUST014
5305,2023-08-28,6000,3825.41,EUR,CUST005
5306,2021-10-13,7000,1862.02,EUR,CUST006
5307,2025-02-04,7000,2746.62,EUR,CUST007
5308,2021-07-29,6000,2236.72,EUR,CUST017
5309,2020-06-19,7000,439.13,EUR,CUST016
5310,2025-05-31,6000,4991.96,EUR,CUST009
5311,2025-07-07,7000,4119.96,EUR,CUST014
5312,2020-09-06,6000,931.68,EUR,CUST004
5313,2022-05-18,6000,4940.2,EUR,CUST015
5314,2020-06-17,7000,1929.62,EUR,CUST009
5315,2025-04-22,6000,704.84,EUR,CUST011
5316,2023-07-02,7000,3166.1,EUR,CUST017
5317,2021-02-11,6000,4598.52,EUR,CUST012
5318,2022-06-06,6000,1179.31,EUR,CUST014
5319,2025-05-31,7000,4515.63,EUR,CUST016
5320,2021-11-05,6000,2428.01,EUR,CUST008
5321,2025-02-24,7000,4502.73,EUR,CUST014
5322,2020-04-05,7000,2434.08,EUR,CUST020
5323,2021-12-29,6000,4907.01,EUR,CUST012
5324,2025-07-30,7000,287.25,EUR,CUST004
5325,2025-07-20,7000,177.9,EUR,CUST015
5326,2021-10-02,7000,4424.96,EUR,CUST008
5327,2023-04-01,6000,3595.5,EUR,CUST010
5328,2022-10-15,7000,696.27,EUR,CUST002
5329,2021-01-18,7000,932.33,EUR,CUST017
5330,2020-10-18,7000,4871.35,EUR,CUST005
5331,2020-02-29,6000,1821.25,EUR,CUST006
5332,2021-11-15,7000,1592.58,EUR,CUST019
5333,2024-06-17,7000,666.8,EUR,CUST011
5334,2025-08-16,7000,3514.03,EUR,CUST002
5335,2021-10-04,7000,636.82,EUR,CUST020
5336,2023-06-13,6000,1031.71,EUR,CUST018
5337,2023-03-23,7000,107.8,EUR,CUST007
5338,2022-06-12,6000,710.79,EUR,CUST015
5339,2020-04-19,7000,3287.94,EUR,CUST017
5340,2023-09-03,7000,1286.12,EUR,CUST006
5341,2024-04-15,7000,4003.83,EUR,CUST015
5342,2024-10-21,6000,126.32,EUR,CUST016
5343,2021-09-20,7000,4567.09,EUR,CUST019
5344,2025-07-16,6000,1561.97,EUR,CUST007
5345,2020-10-29,7000,503.53,EUR,CUST002
5346,2023-01-19,7000,2660.38,EUR,CUST004
5347,2020-03-02,7000,2182.55,EUR,CUST001
5348,2022-06-05,6000,3489.63,EUR,CUST014
5349,2021-04-09,7000,4697.37,EUR,CUST003
5350,2022-11-18,6000,3353.03,EUR,CUST020
5351,2021-03-31,6000,3993.2,EUR,CUST005
5352,2023-02-09,7000,2702.57,EUR,CUST014
5353,2020-09-21,6000,4336.39,EUR,CUST012
5354,2023-11-15,7000,166.87,EUR,CUST005
5355,2025-06-24,7000,2566.18,EUR,CUST004
5356,2023-07-11,7000,4223.64,EUR,CUST007
5357,2025-04-22,6000,325.41,EUR,CUST015
5358,2024-12-04,6000,4962.14,EUR,CUST002
5359,2020-11-11,6000,3157.74,EUR,CUST019
5360,2023-07-23,7000,113.82,EUR,CUST010
5361,2021-07-12,6000,943.09,EUR,CUST009
5362,2024-06-18,6000,1436.3,EUR,CUST009
5363,2024-08-03,7000,153.88,EUR,CUST013
5364,2020-06-03,6000,1322.23,EUR,CUST005
5365,2024-04-05,7000,2872.41,EUR,CUST003
5366,2021-10-24,6000,923.28,EUR,CUST001
5367,2021-02-16,6000,1305.4,EUR,CUST020
5368,2025-03-17,7000,3919.95,EUR,CUST011
5369,2022-09-22,7000,648.22,EUR,CUST020
5370,2021-01-02,6000,2056.55,EUR,CUST014
5371,2025-03-08,7000,1391.65,EUR,CUST013
5372,2024-10-31,6000,905.5,EUR,CUST019
5373,2025-05-02,7000,2988.94,EUR,CUST001
5374,2022-08-08,7000,1512.55,EUR,CUST012
5375,2022-02-07,7000,4668.03,EUR,CUST015
5376,2023-11-24,6000,3184.86,EUR,CUST012
5377,2021-07-11,6000,1373.31,EUR,CUST012
5378,2024-07-12,6000,2024.93,EUR,CUST002
5379,2022-03-20,7000,2294.21,EUR,CUST013
5380,2022-11-05,7000,1709.25,EUR,CUST016
5381,2023-02-16,7000,441.87,EUR,CUST001
5382,2022-01-21,6000,624.16,EUR,CUST004
5383,2024-11-03,7000,1950.73,EUR,CUST012
5384,2024-06-03,7000,761.85,EUR,CUST005
5385,2020-10-05,6000,1251.17,EUR,CUST016
5386,2021-08-23,7000,4359.19,EUR,CUST010
5387,2023-09-04,6000,4111.1,EUR,CUST011
5388,2021-11-05,6000,4126.1,EUR,CUST020
5389,2021-03-23,7000,4031.11,EUR,CUST019
5390,2024-04-21,6000,1748.74,EUR,CUST017
5391,2019-10-09,6000,1248.83,EUR,CUST003
5392,2023-04-01,6000,1597.23,EUR,CUST011
5393,2021-05-08,6000,4169.12,EUR,CUST002
5394,2023-04-17,7000,934.76,EUR,CUST011
5395,2020-09-10,7000,663.23,EUR,CUST007
5396,2021-01-05,6000,2182.11,EUR,CUST013
5397,2023-02-23,6000,1469.96,EUR,CUST014
5398,2025-09-06,7000,902.91,EUR,CUST006
5399,2020-03-17,6000,4269.43,EUR,CUST014
5400,2023-03-30,7000,4152.15,EUR,CUST017
5401,2021-01-31,6000,2039.61,EUR,CUST014
5402,2020-08-09,6000,211.77,EUR,CUST011
5403,2023-04-03,7000,1378.93,EUR,CUST003
5404,2022-01-09,7000,3262.89,EUR,CUST011
5405,2024-02-21,7000,772.62,EUR,CUST002
5406,2024-06-29,7000,895.63,EUR,CUST016
5407,2021-01-12,7000,1297.2,EUR,CUST017
5408,2023-01-10,7000,4837.73,EUR,CUST004
5409,2020-11-20,6000,505.1,EUR,CUST014
5410,2024-03-14,7000,4650.84,EUR,CUST014
5411,2024-05-16,7000,2099.52,EUR,CUST004
5412,2020-06-29,7000,598.27,EUR,CUST014
5413,2024-12-28,7000,4343.45,EUR,CUST001
5414,2023-04-12,7000,3983.02,EUR,CUST011
5415,2020-05-28,6000,3235.48,EUR,CUST013
5416,2022-08-09,7000,3581.1,EUR,CUST006
5417,2019-11-28,7000,1784.8,EUR,CUST015
5418,2024-04-05,7000,1283.05,EUR,CUST008
5419,2024-08-29,6000,1454.5,EUR,CUST005
5420,2024-01-14,7000,4897.63,EUR,CUST017
5421,2022-08-31,6000,1491.97,EUR,CUST014
5422,2023-04-29,6000,3754.1,EUR,CUST013
5423,2020-04-19,7000,2359.25,EUR,CUST001
5424,2024-07-07,6000,2602.69,EUR,CUST011
5425,2023-08-11,6000,4704.78,EUR,CUST006
5426,2023-10-27,7000,4249.49,EUR,CUST005
5427,2019-11-03,7000,1889.98,EUR,CUST019
5428,2021-08-25,6000,1662.17,EUR,CUST014
5429,2022-06-05,6000,4398.79,EUR,CUST014
5430,2021-12-21,6000,830.69,EUR,CUST015
5431,2023-08-01,7000,3168.09,EUR,CUST005
5432,2024-08-13,7000,4930.23,EUR,CUST007
5433,2020-11-15,6000,3416.12,EUR,CUST002
5434,2021-10-20,7000,1826.22,EUR,CUST013
5435,2022-09-28,6000,235.25,EUR,CUST009
5436,2022-12-10,6000,4572.55,EUR,CUST003
5437,2023-08-02,6000,2599.53,EUR,CUST017
5438,2025-04-20,7000,3700.8,EUR,CUST008
5439,2020-09-20,7000,134.32,EUR,CUST006
5440,2022-03-31,6000,2456.29,EUR,CUST011
5441,2023-08-26,6000,1139.91,EUR,CUST009
5442,2020-09-21,7000,1716.48,EUR,CUST016
5443,2022-11-04,7000,4229.99,EUR,CUST006
5444,2023-02-20,6000,3662.39,EUR,CUST011
5445,2020-01-02,6000,1979.7,EUR,CUST016
5446,2024-09-26,7000,2559.81,EUR,CUST010
5447,2021-07-25,6000,4798.28,EUR,CUST015
5448,2020-05-16,7000,4104.47,EUR,CUST008
5449,2024-09-13,6000,1836.57,EUR,CUST003
5450,2023-08-12,6000,1985.48,EUR,CUST013
5451,2021-05-08,7000,1353.49,EUR,CUST020
5452,2024-04-14,7000,2475.52,EUR,CUST016
5453,2020-01-21,7000,2793.71,EUR,CUST018
5454,2021-05-30,7000,2866.46,EUR,CUST011
5455,2021-07-12,7000,4082.29,EUR,CUST019
5456,2023-08-11,6000,3397.91,EUR,CUST007
5457,2021-12-03,7000,4655.84,EUR,CUST007
5458,2020-03-31,7000,1880.24,EUR,CUST011
5459,2021-11-10,6000,4949.73,EUR,CUST015
5460,2021-10-05,7000,2624.46,EUR,CUST018
5461,2024-03-13,6000,1174.64,EUR,CUST017
5462,2022-09-04,7000,2472.59,EUR,CUST001
5463,2020-10-16,6000,3417.77,EUR,CUST019
5464,2024-06-20,6000,1594.59,EUR,CUST018
5465,2022-12-09,7000,3251.88,EUR,CUST020
5466,2022-02-02,6000,1114.1,EUR,CUST013
5467,2025-07-03,7000,3142.06,EUR,CUST002
5468,2025-03-05,7000,1511.91,EUR,CUST015
5469,2019-11-05,6000,3477.55,EUR,CUST015
5470,2024-12-01,7000,2771.03,EUR,CUST020
5471,2024-04-14,6000,2687.74,EUR,CUST018
5472,2020-10-28,6000,2037.38,EUR,CUST012
5473,2023-05-06,6000,4932.07,EUR,CUST013
5474,2024-10-08,7000,1421.99,EUR,CUST020
5475,2022-11-26,7000,2798.79,EUR,CUST013
5476,2024-04-08,6000,3817.87,EUR,CUST020
5477,2022-04-22,6000,2700.13,EUR,CUST002
5478,2020-09-06,7000,1640.22,EUR,CUST006
5479,2020-03-01,6000,3489.28,EUR,CUST015
5480,2023-10-14,7000,4833.37,EUR,CUST002
5481,2022-08-17,7000,4254.18,EUR,CUST005
5482,2025-03-20,6000,308.23,EUR,CUST012
5483,2021-09-20,6000,1790.95,EUR,CUST002
5484,2023-07-15,7000,3403.35,EUR,CUST001
5485,2024-10-10,7000,3376.55,EUR,CUST013
5486,2019-10-03,7000,3588.77,EUR,CUST001
5487,2021-07-03,6000,992.35,EUR,CUST015
5488,2022-01-22,6000,2509.87,EUR,CUST017
5489,2023-04-04,7000,2801.26,EUR,CUST001
5490,2021-01-24,6000,4800.22,EUR,CUST012
5491,2021-04-09,7000,4028.49,EUR,CUST010
5492,2021-11-27,7000,2509.77,EUR,CUST018
5493,2024-09-30,6000,1129.3,EUR,CUST011
5494,2023-05-29,7000,4287.12,EUR,CUST013
5495,2022-03-09,7000,2341.5,EUR,CUST012
5496,2022-10-01,6000,3503.45,EUR,CUST020
5497,2024-02-05,7000,2219.04,EUR,CUST007
5498,2025-04-01,7000,347.09,EUR,CUST007
5499,2024-10-17,7000,4738.86,EUR,CUST002
5500,2022-02-17,7000,4457.84,EUR,CUST001
5501,2024-02-03,7000,3150.44,EUR,CUST008
5502,2021-02-02,7000,4936.04,EUR,CUST010
5503,2023-11-06,6000,2921.27,EUR,CUST003
5504,2025-09-17,6000,3392.18,EUR,CUST016
5505,2021-12-13,7000,2120.58,EUR,CUST003
5506,2025-01-01,7000,1246.97,EUR,CUST014
5507,2020-08-31,6000,1037.22,EUR,CUST011
5508,2024-05-28,6000,4621.17,EUR,CUST009
5509,2023-01-26,6000,1815.9,EUR,CUST002
5510,2022-02-09,6000,3036.03,EUR,CUST005
5511,2023-09-28,7000,2763.58,EUR,CUST001
5512,2020-01-24,6000,1106.07,EUR,CUST017
5513,2025-02-12,6000,3245.82,EUR,CUST015
5514,2021-04-01,6000,3172.56,EUR,CUST006
5515,2024-02-09,6000,1060.95,EUR,CUST010
5516,2024-02-01,6000,845.87,EUR,CUST010
5517,2023-01-24,7000,2583.16,EUR,CUST019
5518,2021-10-19,7000,415.78,EUR,CUST013
5519,2020-12-21,6000,2007.65,EUR,CUST003
5520,2024-01-29,6000,589.33,EUR,CUST006
5521,2023-08-24,6000,3769.32,EUR,CUST005
5522,2025-03-13,7000,1645.46,EUR,CUST020
5523,2021-12-11,7000,4602.74,EUR,CUST016
5524,2020-03-14,6000,2934.82,EUR,CUST001
5525,2022-12-05,7000,3135.21,EUR,CUST009
5526,2021-08-08,6000,2869.28,EUR,CUST020
5527,2023-11-14,6000,1242.52,EUR,CUST011
5528,2023-07-26,7000,572.68,EUR,CUST002
5529,2020-08-30,7000,1035.69,EUR,CUST016
5530,2024-08-16,6000,983.91,EUR,CUST001
5531,2024-10-26,6000,3936.19,EUR,CUST005
5532,2021-07-07,6000,707.61,EUR,CUST009
5533,2020-10-15,7000,2809.17,EUR,CUST015
5534,2025-04-13,7000,2954.05,EUR,CUST019
5535,2024-07-26,7000,657.96,EUR,CUST001
5536,2025-05-17,6000,4580.9,EUR,CUST008
5537,2023-07-03,7000,3309.09,EUR,CUST002
5538,2024-08-31,7000,1030.61,EUR,CUST008
5539,2021-11-13,7000,1942.95,EUR,CUST017
5540,2020-03-02,7000,2531.77,EUR,CUST002
5541,2023-03-01,7000,3111.37,EUR,CUST008
5542,2021-04-17,6000,4745.83,EUR,CUST008
5543,2021-11-03,6000,1348.08,EUR,CUST003
5544,2025-07-25,7000,3817.91,EUR,CUST018
5545,2023-08-12,7000,1914.16,EUR,CUST013
5546,2020-01-15,6000,408.74,EUR,CUST016
5547,2021-12-11,6000,1429.55,EUR,CUST018
5548,2025-09-06,7000,3259.91,EUR,CUST006
5549,2021-03-09,6000,2271.22,EUR,CUST009
5550,2020-05-30,7000,569.54,EUR,CUST018
5551,2024-03-24,7000,491.4,EUR,CUST003
5552,2020-03-18,7000,3183.79,EUR,CUST005
5553,2023-10-10,6000,1315.81,EUR,CUST004
5554,2024-05-04,7000,1998.18,EUR,CUST003
5555,2023-09-05,7000,2900.1,EUR,CUST016
5556,2023-03-22,6000,4793.94,EUR,CUST017
5557,2024-07-22,6000,2042.42,EUR,CUST001
5558,2020-11-21,6000,4202.82,EUR,CUST017
5559,2023-03-07,7000,3619.42,EUR,CUST005
5560,2020-09-30,6000,4979.57,EUR,CUST003
5561,2024-01-21,7000,3670.48,EUR,CUST007
5562,2023-12-01,6000,2784.2,EUR,CUST017
5563,2025-05-08,7000,1952.88,EUR,CUST016
5564,2024-03-20,7000,1536.47,EUR,CUST008
5565,2021-07-09,7000,2341.01,EUR,CUST010
5566,2022-06-08,7000,4290.63,EUR,CUST003
5567,2025-07-14,6000,3099.48,EUR,CUST016
5568,2024-11-16,7000,1408.98,EUR,CUST010
5569,2024-04-03,6000,1486.16,EUR,CUST008
5570,2022-10-26,6000,1139.08,EUR,CUST019
5571,2023-10-06,7000,3499.89,EUR,CUST004
5572,2022-03-31,6000,4794.23,EUR,CUST008
5573,2022-09-10,6000,1869.6,EUR,CUST010
5574,2024-11-28,7000,4924.5,EUR,CUST002
5575,2020-04-30,7000,1770.56,EUR,CUST007
5576,2020-11-16,7000,4425.4,EUR,CUST009
5577,2021-10-26,6000,2415.85,EUR,CUST015
5578,2023-10-22,7000,2633.77,EUR,CUST020
5579,2022-06-13,7000,4796.9,EUR,CUST001
5580,2022-06-27,6000,4049.66,EUR,CUST018
5581,2022-04-22,6000,1785.01,EUR,CUST013
5582,2024-06-26,6000,183.7,EUR,CUST004
5583,2023-05-21,7000,1120.18,EUR,CUST015
5584,2022-11-29,7000,4138.93,EUR,CUST010
5585,2020-08-09,6000,3928.9,EUR,CUST004
5586,2021-03-12,7000,1875.4,EUR,CUST003
5587,2023-06-13,7000,1788.83,EUR,CUST006
5588,2019-12-19,7000,4045.7,EUR,CUST012
5589,2024-10-15,7000,2125.89,EUR,CUST018
5590,2023-01-26,7000,2641.43,EUR,CUST005
5591,2023-10-16,6000,3153.72,EUR,CUST015
5592,2024-09-04,7000,2792.94,EUR,CUST019
5593,2024-02-05,7000,235.62,EUR,CUST003
5594,2023-02-12,7000,545.55,EUR,CUST006
5595,2019-11-28,6000,3123.72,EUR,CUST001
5596,2019-11-21,6000,4659.73,EUR,CUST009
5597,2021-10-01,6000,1249.62,EUR,CUST008
5598,2020-05-24,7000,2195.67,EUR,CUST012
5599,2025-04-09,6000,4619.03,EUR,CUST002
5600,2022-03-29,7000,735.37,EUR,CUST009
5601,2024-12-08,7000,2971.71,EUR,CUST014
5602,2024-12-27,6000,4978.65,EUR,CUST010
5603,2022-02-05,7000,4559.59,EUR,CUST009
5604,2023-02-05,7000,2575.95,EUR,CUST014
5605,2023-12-21,6000,3808.24,EUR,CUST001
5606,2024-10-02,7000,4289.89,EUR,CUST020
5607,2025-01-29,7000,1999.1,EUR,CUST019
5608,2025-08-25,7000,4822.75,EUR,CUST010
5609,2025-06-12,7000,2026.54,EUR,CUST015
5610,2021-08-02,7000,2534.07,EUR,CUST013
5611,2024-12-19,7000,4212.29,EUR,CUST004
5612,2020-12-02,6000,1228.04,EUR,CUST008
5613,2021-03-11,7000,4477.41,EUR,CUST015
5614,2020-09-16,7000,3504.55,EUR,CUST017
5615,2023-07-02,7000,2023.98,EUR,CUST002
5616,2023-10-28,6000,2113.0,EUR,CUST009
5617,2021-09-04,6000,3506.28,EUR,CUST016
5618,2020-06-29,6000,4060.16,EUR,CUST008
5619,2019-10-09,6000,2383.9,EUR,CUST002
5620,2022-06-03,7000,1583.83,EUR,CUST015
5621,2024-03-30,6000,4924.49,EUR,CUST016
5622,2020-06-20,7000,3844.27,EUR,CUST011
5623,2020-04-11,6000,3700.73,EUR,CUST013
5624,2021-12-20,6000,3153.27,EUR,CUST012
5625,2024-06-16,6000,4273.92,EUR,CUST007
5626,2022-06-07,7000,4122.35,EUR,CUST001
5627,2024-11-04,7000,2041.11,EUR,CUST006
5628,2019-11-03,6000,2579.91,EUR,CUST006
5629,2021-09-03,7000,4292.17,EUR,CUST016
5630,2021-12-25,7000,2284.96,EUR,CUST011
5631,2023-11-22,6000,4496.84,EUR,CUST006
5632,2022-04-02,7000,3552.41,EUR,CUST004
5633,2022-11-17,7000,4847.08,EUR,CUST010
5634,2021-11-29,7000,2089.96,EUR,CUST005
5635,2019-11-07,6000,266.96,EUR,CUST017
5636,2021-01-11,6000,790.21,EUR,CUST008
5637,2021-12-07,7000,2731.02,EUR,CUST020
5638,2021-04-02,6000,2555.69,EUR,CUST015
5639,2023-02-09,6000,1920.24,EUR,CUST019
5640,2022-03-19,6000,392.01,EUR,CUST002
5641,2020-04-28,6000,2022.28,EUR,CUST016
5642,2020-06-06,6000,3766.1,EUR,CUST011
5643,2024-08-02,6000,1203.45,EUR,CUST018
5644,2022-02-24,7000,3264.24,EUR,CUST017
5645,2022-02-18,7000,2390.68,EUR,CUST010
5646,2024-10-10,6000,2085.69,EUR,CUST017
5647,2020-06-22,6000,4907.32,EUR,CUST019
5648,2020-08-14,7000,534.07,EUR,CUST006
5649,2022-12-21,6000,3269.46,EUR,CUST007
5650,2024-05-08,7000,3453.96,EUR,CUST011
5651,2024-11-02,7000,761.94,EUR,CUST002
5652,2021-01-21,7000,1847.36,EUR,CUST007
5653,2023-07-01,6000,4713.41,EUR,CUST002
5654,2024-11-16,6000,1338.13,EUR,CUST013
5655,2021-10-07,7000,3870.28,EUR,CUST002
5656,2022-08-23,6000,2894.97,EUR,CUST007
5657,2021-07-11,6000,4644.09,EUR,CUST018
5658,2020-11-03,7000,4584.94,EUR,CUST004
5659,2020-07-24,6000,2991.14,EUR,CUST018
5660,2022-11-07,6000,2122.5,EUR,CUST005
5661,2023-09-17,6000,1536.05,EUR,CUST003
5662,2023-08-28,6000,4006.14,EUR,CUST019
5663,2024-09-01,7000,3824.78,EUR,CUST001
5664,2021-10-13,7000,3243.27,EUR,CUST009
5665,2023-09-22,6000,3982.82,EUR,CUST005
5666,2022-03-28,7000,4570.99,EUR,CUST020
5667,2023-09-06,7000,3607.07,EUR,CUST019
5668,2020-09-18,7000,2435.44,EUR,CUST003
5669,2019-11-03,7000,1448.04,EUR,CUST016
5670,2022-08-06,7000,3801.32,EUR,CUST001
5671,2023-07-13,7000,1941.82,EUR,CUST010
5672,2021-10-12,7000,4299.51,EUR,CUST018
5673,2023-09-13,6000,1127.8,EUR,CUST004
5674,2025-01-23,6000,117.64,EUR,CUST015
5675,2020-11-06,7000,1618.57,EUR,CUST003
5676,2023-04-04,6000,3405.14,EUR,CUST014
5677,2019-09-30,7000,3187.66,EUR,CUST002
5678,2021-03-06,7000,3421.04,EUR,CUST020
5679,2020-07-14,7000,2654.33,EUR,CUST005
5680,2020-07-30,6000,4196.53,EUR,CUST003
5681,2023-03-17,6000,4765.26,EUR,CUST006
5682,2024-02-23,7000,1312.85,EUR,CUST004
5683,2024-08-06,7000,4587.81,EUR,CUST012
5684,2024-12-09,7000,2338.72,EUR,CUST016
5685,2024-09-17,7000,1058.49,EUR,CUST020
5686,2021-02-20,7000,4231.33,EUR,CUST004
5687,2020-08-28,7000,1996.29,EUR,CUST017
5688,2020-02-26,6000,4257.73,EUR,CUST016
5689,2024-10-16,6000,2556.73,EUR,CUST006
5690,2023-07-08,7000,1470.54,EUR,CUST003
5691,2025-03-08,7000,4426.84,EUR,CUST002
5692,2023-10-06,6000,357.67,EUR,CUST005
5693,2024-08-06,6000,3933.03,EUR,CUST007
5694,2021-06-29,6000,2963.66,EUR,CUST006
5695,2022-04-08,7000,4494.41,EUR,CUST018
5696,2024-07-13,6000,3678.8,EUR,CUST001
5697,2023-04-17,7000,4462.01,EUR,CUST005
5698,2023-03-01,6000,884.41,EUR,CUST009
5699,2023-12-08,7000,3104.65,EUR,CUST017
5700,2025-08-12,7000,4590.23,EUR,CUST006
5701,2023-07-11,7000,2827.09,EUR,CUST019
5702,2020-05-24,7000,4845.14,EUR,CUST005
5703,2023-05-03,7000,4183.27,EUR,CUST008
5704,2021-07-02,6000,1615.75,EUR,CUST015
5705,2023-05-29,6000,3158.69,EUR,CUST002
5706,2025-05-08,6000,4542.08,EUR,CUST020
5707,2023-08-31,6000,653.53,EUR,CUST020
5708,2023-03-08,6000,1247.81,EUR,CUST005
5709,2023-12-16,7000,4502.69,EUR,CUST016
5710,2020-05-18,6000,3510.27,EUR,CUST013
5711,2023-09-19,7000,2849.46,EUR,CUST017
5712,2019-12-21,6000,4476.67,EUR,CUST008
5713,2020-08-29,6000,2143.41,EUR,CUST017
5714,2020-05-21,6000,3039.74,EUR,CUST011
5715,2025-06-04,6000,2371.04,EUR,CUST011
5716,2019-12-15,7000,4739.66,EUR,CUST006
5717,2023-11-07,6000,4762.57,EUR,CUST008
5718,2022-04-05,6000,4479.73,EUR,CUST017
5719,2021-03-14,6000,1695.56,EUR,CUST013
5720,2024-06-25,7000,4815.82,EUR,CUST019
5721,2022-07-01,6000,1756.63,EUR,CUST018
5722,2022-03-14,7000,3561.87,EUR,CUST003
5723,2024-11-11,6000,1545.31,EUR,CUST020
5724,2024-03-16,7000,1811.56,EUR,CUST007
5725,2022-02-20,6000,3719.83,EUR,CUST012
5726,2022-01-16,6000,805.56,EUR,CUST010
5727,2020-12-09,6000,3152.35,EUR,CUST005
5728,2023-10-23,7000,2424.69,EUR,CUST010
5729,2020-11-03,6000,3162.15,EUR,CUST010
5730,2022-04-06,6000,4214.1,EUR,CUST020
5731,2020-11-18,6000,2173.39,EUR,CUST014
5732,2023-12-19,6000,3153.69,EUR,CUST013
5733,2025-08-22,7000,4107.91,EUR,CUST011
5734,2021-02-12,6000,2256.1,EUR,CUST006
5735,2021-10-09,7000,2447.83,EUR,CUST010
5736,2024-07-04,6000,246.48,EUR,CUST009
5737,2024-07-01,7000,4343.84,EUR,CUST020
5738,2022-10-07,6000,1172.93,EUR,CUST011
5739,2023-10-01,7000,1839.46,EUR,CUST013
5740,2024-01-20,6000,3162.28,EUR,CUST011
5741,2023-07-25,6000,3872.65,EUR,CUST020
5742,2020-05-15,7000,752.02,EUR,CUST012
5743,2025-05-20,6000,353.2,EUR,CUST004
5744,2020-02-24,7000,4011.14,EUR,CUST001
5745,2022-01-16,7000,2948.44,EUR,CUST019
5746,2025-08-12,7000,1488.59,EUR,CUST003
5747,2021-10-16,7000,3620.19,EUR,CUST018
5748,2023-10-27,6000,3579.77,EUR,CUST007
5749,2022-07-18,7000,658.82,EUR,CUST015
5750,2025-07-12,6000,507.04,EUR,CUST019
5751,2025-07-26,7000,3515.23,EUR,CUST004
5752,2020-04-21,6000,1766.57,EUR,CUST003
5753,2020-08-19,7000,268.08,EUR,CUST015
5754,2025-05-12,7000,4166.35,EUR,CUST020
5755,2024-05-27,7000,2835.05,EUR,CUST018
5756,2020-06-13,6000,2902.39,EUR,CUST016
5757,2021-12-19,7000,2167.05,EUR,CUST003
5758,2022-11-10,6000,4239.28,EUR,CUST015
5759,2019-12-13,6000,3660.37,EUR,CUST005
5760,2020-08-06,6000,920.59,EUR,CUST005
5761,2025-08-02,6000,938.77,EUR,CUST008
5762,2021-08-05,6000,1291.46,EUR,CUST001
5763,2024-03-14,7000,208.56,EUR,CUST008
5764,2023-05-10,6000,620.32,EUR,CUST007
5765,2021-07-22,6000,1375.06,EUR,CUST009
5766,2023-05-29,6000,355.9,EUR,CUST009
5767,2020-07-29,7000,1184.6,EUR,CUST005
5768,2022-11-26,7000,1383.78,EUR,CUST002
5769,2020-06-08,6000,4184.36,EUR,CUST005
5770,2024-12-16,7000,3907.27,EUR,CUST008
5771,2022-12-07,6000,2556.34,EUR,CUST016
5772,2023-05-22,7000,532.28,EUR,CUST007
5773,2025-04-27,6000,1754.09,EUR,CUST004
5774,2021-08-29,7000,4166.98,EUR,CUST017
5775,2024-03-08,6000,4663.9,EUR,CUST001
5776,2025-02-23,6000,2320.39,EUR,CUST002
5777,2024-06-07,6000,1636.31,EUR,CUST004
5778,2022-07-14,6000,1850.3,EUR,CUST018
5779,2020-12-28,7000,1874.1,EUR,CUST004
5780,2025-04-17,6000,2335.52,EUR,CUST015
5781,2020-11-15,6000,517.41,EUR,CUST003
5782,2023-01-12,6000,1057.94,EUR,CUST011
5783,2020-12-27,6000,1270.6,EUR,CUST014
5784,2022-05-02,6000,4072.09,EUR,CUST020
5785,2019-12-02,6000,364.07,EUR,CUST018
5786,2025-06-11,6000,3298.96,EUR,CUST007
5787,2021-02-03,7000,3448.75,EUR,CUST008
5788,2023-11-21,6000,1965.85,EUR,CUST015
5789,2021-12-09,7000,331.74,EUR,CUST003
5790,2025-04-25,7000,1095.38,EUR,CUST005
5791,2021-07-26,7000,260.02,EUR,CUST002
5792,2020-12-01,6000,2606.39,EUR,CUST010
5793,2024-11-09,6000,4340.14,EUR,CUST002
5794,2020-06-28,7000,506.86,EUR,CUST013
5795,2021-03-29,6000,4705.09,EUR,CUST002
5796,2025-07-20,6000,3681.36,EUR,CUST015
5797,2020-06-10,6000,4676.49,EUR,CUST020
5798,2020-11-23,7000,373.5,EUR,CUST005
5799,2024-11-27,7000,240.82,EUR,CUST016
5800,2022-11-15,6000,2031.05,EUR,CUST003
5801,2022-01-03,7000,1646.75,EUR,CUST015
5802,2025-01-17,7000,3906.73,EUR,CUST012
5803,2023-04-09,6000,498.01,EUR,CUST003
5804,2022-10-15,7000,3764.57,EUR,CUST017
5805,2025-06-02,6000,1476.37,EUR,CUST018
5806,2021-11-04,7000,2083.04,EUR,CUST002
5807,2025-06-01,7000,3014.25,EUR,CUST016
5808,2023-09-01,7000,4201.07,EUR,CUST002
5809,2021-11-21,6000,4602.2,EUR,CUST016
5810,2023-01-04,7000,4515.43,EUR,CUST009
5811,2020-06-06,6000,1729.65,EUR,CUST003
5812,2023-02-16,6000,1634.96,EUR,CUST013
5813,2021-04-12,6000,1405.9,EUR,CUST009
5814,2022-03-13,6000,2506.04,EUR,CUST014
5815,2025-02-26,7000,3418.61,EUR,CUST012
5816,2020-10-02,6000,2851.86,EUR,CUST010
5817,2019-12-27,6000,3277.68,EUR,CUST012
5818,2025-06-17,6000,521.05,EUR,CUST009
5819,2023-12-30,6000,2176.2,EUR,CUST003
5820,2020-01-30,6000,116.1,EUR,CUST003
5821,2023-10-30,6000,3001.18,EUR,CUST008
5822,2023-04-29,6000,4290.94,EUR,CUST019
5823,2024-08-06,6000,3275.99,EUR,CUST020
5824,2024-09-26,6000,393.96,EUR,CUST009
5825,2025-01-13,7000,3956.17,EUR,CUST008
5826,2020-03-29,6000,4291.49,EUR,CUST012
5827,2024-08-30,6000,4040.95,EUR,CUST010
5828,2025-06-06,7000,3163.87,EUR,CUST004
5829,2023-09-10,7000,421.67,EUR,CUST011
5830,2021-02-24,6000,2020.35,EUR,CUST006
5831,2021-10-26,6000,2790.23,EUR,CUST010
5832,2022-08-18,6000,4364.96,EUR,CUST004
5833,2019-12-13,7000,3632.56,EUR,CUST009
5834,2024-02-26,7000,670.91,EUR,CUST007
5835,2023-04-07,7000,244.82,EUR,CUST012
5836,2024-10-24,6000,4191.99,EUR,CUST009
5837,2025-05-27,6000,4892.78,EUR,CUST002
5838,2023-10-13,6000,3334.13,EUR,CUST015
5839,2025-04-26,7000,1685.67,EUR,CUST002
5840,2025-09-24,7000,4305.05,EUR,CUST003
5841,2024-09-10,7000,1470.98,EUR,CUST016
5842,2022-11-09,6000,2791.28,EUR,CUST010
5843,2021-10-11,6000,2546.67,EUR,CUST004
5844,2022-05-04,7000,1692.07,EUR,CUST005
5845,2023-11-29,7000,3075.18,EUR,CUST013
5846,2021-02-01,6000,1465.45,EUR,CUST002
5847,2025-05-02,6000,1086.77,EUR,CUST009
5848,2025-08-15,6000,4249.75,EUR,CUST006
5849,2021-02-25,7000,240.34,EUR,CUST020
5850,2023-05-11,6000,635.44,EUR,CUST004
5851,2021-03-07,6000,3528.96,EUR,CUST019
5852,2022-07-30,6000,1534.29,EUR,CUST006
5853,2020-11-03,6000,3288.83,EUR,CUST011
5854,2023-07-13,6000,320.63,EUR,CUST006
5855,2023-08-03,7000,723.44,EUR,CUST016
5856,2021-07-10,7000,1261.16,EUR,CUST006
5857,2023-05-09,6000,677.03,EUR,CUST018
5858,2020-01-24,6000,2447.8,EUR,CUST012
5859,2022-03-25,6000,4270.34,EUR,CUST008
5860,2022-04-24,7000,4313.23,EUR,CUST002
5861,2021-11-20,7000,581.88,EUR,CUST009
5862,2025-06-01,6000,3634.57,EUR,CUST019
5863,2020-08-12,6000,4959.28,EUR,CUST013
5864,2021-12-13,7000,811.0,EUR,CUST017
5865,2023-03-27,6000,4545.3,EUR,CUST009
5866,2023-12-01,6000,918.09,EUR,CUST003
5867,2023-09-27,7000,3748.75,EUR,CUST019
5868,2024-10-26,6000,2897.37,EUR,CUST015
5869,2023-06-14,6000,1365.01,EUR,CUST014
5870,2020-02-15,6000,1069.57,EUR,CUST010
5871,2024-07-13,6000,4603.5,EUR,CUST019
5872,2025-05-28,6000,4991.36,EUR,CUST015
5873,2024-11-28,6000,1847.51,EUR,CUST002
5874,2023-04-05,6000,410.21,EUR,CUST018
5875,2024-07-20,7000,2247.71,EUR,CUST016
5876,2024-02-26,7000,3719.67,EUR,CUST006
5877,2024-11-24,6000,2068.14,EUR,CUST003
5878,2021-09-24,7000,1752.7,EUR,CUST007
5879,2024-07-06,6000,953.84,EUR,CUST007
5880,2023-01-07,7000,3595.84,EUR,CUST019
5881,2024-06-15,6000,4896.55,EUR,CUST015
5882,2024-08-31,7000,1548.68,EUR,CUST008
5883,2024-10-20,6000,1408.74,EUR,CUST012
5884,2024-07-27,6000,1241.27,EUR,CUST011
5885,2022-04-18,7000,2234.21,EUR,CUST003
5886,2024-11-12,7000,4816.49,EUR,CUST013
5887,2021-03-13,6000,2416.22,EUR,CUST008
5888,2021-06-20,7000,4330.69,EUR,CUST016
5889,2025-04-13,6000,2656.3,EUR,CUST012
5890,2020-05-07,6000,3898.95,EUR,CUST015
5891,2023-04-04,6000,3203.93,EUR,CUST015
5892,2025-06-16,6000,3709.68,EUR,CUST011
5893,2024-01-22,6000,3011.21,EUR,CUST006
5894,2019-11-28,6000,4719.32,EUR,CUST016
5895,2020-06-27,6000,2412.14,EUR,CUST014
5896,2022-04-27,7000,686.25,EUR,CUST010
5897,2021-01-01,6000,3214.05,EUR,CUST005
5898,2021-08-25,7000,3510.26,EUR,CUST001
5899,2021-03-31,6000,2905.62,EUR,CUST013
5900,2020-02-09,7000,3569.57,EUR,CUST012
5901,2021-11-27,6000,251.87,EUR,CUST009
5902,2020-08-05,7000,3560.72,EUR,CUST015
5903,2021-08-12,7000,2025.69,EUR,CUST020
5904,2024-05-15,7000,374.8,EUR,CUST003
5905,2024-12-19,6000,4694.01,EUR,CUST017
5906,2020-04-08,6000,3172.98,EUR,CUST011
5907,2020-05-11,6000,4483.28,EUR,CUST014
5908,2023-12-02,6000,4238.86,EUR,CUST006
5909,2024-01-05,6000,2239.19,EUR,CUST017
5910,2025-06-23,6000,3067.46,EUR,CUST004
5911,2024-11-22,6000,1818.87,EUR,CUST004
5912,2023-02-01,7000,1920.03,EUR,CUST018
5913,2020-07-07,7000,2871.61,EUR,CUST003
5914,2020-08-17,7000,4688.78,EUR,CUST019
5915,2025-08-04,7000,1896.99,EUR,CUST012
5916,2019-11-25,7000,948.82,EUR,CUST015
5917,2022-09-03,6000,3738.18,EUR,CUST015
5918,2024-06-17,6000,501.76,EUR,CUST015
5919,2023-09-20,6000,2333.36,EUR,CUST019
5920,2023-10-01,6000,4762.58,EUR,CUST001
5921,2023-12-13,6000,2975.03,EUR,CUST016
5922,2023-05-01,7000,905.61,EUR,CUST013
5923,2020-12-03,7000,1441.69,EUR,CUST005
5924,2019-11-17,6000,1916.08,EUR,CUST002
5925,2025-03-15,7000,3883.41,EUR,CUST008
5926,2021-09-20,6000,428.38,EUR,CUST016
5927,2023-04-23,6000,1599.37,EUR,CUST019
5928,2021-01-30,6000,1218.04,EUR,CUST008
5929,2022-11-14,6000,1802.47,EUR,CUST003
5930,2022-11-13,6000,4391.6,EUR,CUST019
5931,2024-09-24,6000,2113.15,EUR,CUST019
5932,2024-03-08,7000,2255.87,EUR,CUST016
5933,2025-09-17,7000,1442.55,EUR,CUST018
5934,2024-12-21,7000,4203.97,EUR,CUST002
5935,2023-11-05,7000,2437.54,EUR,CUST019
5936,2020-07-10,7000,3365.9,EUR,CUST004
5937,2021-07-25,7000,479.86,EUR,CUST006
5938,2023-02-10,6000,1527.83,EUR,CUST020
5939,2025-08-13,6000,4885.51,EUR,CUST006
5940,2021-11-13,6000,3423.55,EUR,CUST010
5941,2025-08-31,7000,786.27,EUR,CUST007
5942,2020-04-21,6000,2351.04,EUR,CUST019
5943,2022-04-23,7000,3069.95,EUR,CUST018
5944,2024-01-26,6000,3345.09,EUR,CUST017
5945,2022-11-08,6000,4105.22,EUR,CUST019
5946,2020-12-16,6000,3035.29,EUR,CUST008
5947,2020-02-22,6000,2720.95,EUR,CUST007
5948,2020-07-14,6000,4378.48,EUR,CUST009
5949,2025-09-09,7000,2555.0,EUR,CUST014
5950,2021-05-18,7000,949.92,EUR,CUST001
5951,2020-12-25,7000,2905.98,EUR,CUST014
5952,2023-01-23,7000,1973.72,EUR,CUST001
5953,2021-07-13,6000,1189.01,EUR,CUST020
5954,2020-12-24,6000,4123.28,EUR,CUST013
5955,2023-06-04,7000,754.95,EUR,CUST007
5956,2024-05-25,7000,2469.75,EUR,CUST019
5957,2025-06-21,6000,318.68,EUR,CUST016
5958,2021-04-20,6000,1596.72,EUR,CUST020
5959,2021-04-07,7000,744.51,EUR,CUST013
5960,2025-05-18,7000,2719.66,EUR,CUST005
5961,2021-05-08,7000,2688.1,EUR,CUST007
5962,2025-09-21,7000,3274.02,EUR,CUST008
5963,2021-08-22,7000,2675.21,EUR,CUST018
5964,2023-09-13,7000,3336.57,EUR,CUST006
5965,2022-07-14,6000,2041.27,EUR,CUST015
5966,2025-06-28,7000,3417.28,EUR,CUST002
5967,2023-08-29,6000,2401.33,EUR,CUST012
5968,2025-05-30,6000,1640.7,EUR,CUST012
5969,2024-12-21,7000,2188.5,EUR,CUST004
5970,2019-11-03,6000,3537.61,EUR,CUST011
5971,2021-01-27,6000,3605.97,EUR,CUST001
5972,2025-03-04,7000,3210.52,EUR,CUST019
5973,2019-11-15,6000,252.16,EUR,CUST012
5974,2019-10-08,7000,3767.41,EUR,CUST008
5975,2024-03-07,7000,1675.26,EUR,CUST001
5976,2024-02-04,6000,3811.88,EUR,CUST012
5977,2020-04-19,7000,3673.49,EUR,CUST012
5978,2022-06-10,6000,1801.49,EUR,CUST003
5979,2020-03-22,7000,1001.89,EUR,CUST006
5980,2025-04-10,6000,4234.16,EUR,CUST001
5981,2024-11-20,6000,3572.71,EUR,CUST002
5982,2025-05-27,7000,4477.8,EUR,CUST018
5983,2022-02-04,6000,2078.79,EUR,CUST006
5984,2021-08-07,7000,4060.16,EUR,CUST020
5985,2022-08-15,7000,1068.32,EUR,CUST005
5986,2021-11-21,7000,1950.77,EUR,CUST010
5987,2022-09-28,6000,3097.01,EUR,CUST004
5988,2022-05-21,6000,1258.44,EUR,CUST003
5989,2020-12-20,6000,2271.04,EUR,CUST005
5990,2021-10-16,6000,1027.96,EUR,CUST017
5991,2023-12-30,6000,1968.78,EUR,CUST009
5992,2024-07-13,6000,3019.8,EUR,CUST011
5993,2022-11-19,7000,2553.64,EUR,CUST004
5994,2021-11-14,6000,1592.16,EUR,CUST010
5995,2020-02-09,6000,2587.54,EUR,CUST008
5996,2023-05-03,7000,2937.21,EUR,CUST018
5997,2025-02-10,7000,1143.08,EUR,CUST005
5998,2024-06-11,7000,3359.81,EUR,CUST019
5999,2024-05-17,6000,3427.09,EUR,CUST002
6000,2021-02-02,7000,4442.79,EUR,CUST005
6001,2021-02-01,7000,3830.88,EUR,CUST006
6002,2024-02-14,6000,2863.22,EUR,CUST017
6003,2019-10-20,6000,3548.83,EUR,CUST010
6004,2022-08-16,6000,2195.58,EUR,CUST013
6005,2020-11-18,7000,2116.08,EUR,CUST006
6006,2023-11-20,6000,1827.83,EUR,CUST012
6007,2019-11-22,7000,2927.94,EUR,CUST010
6008,2023-08-11,7000,1582.23,EUR,CUST005
6009,2021-06-25,6000,3543.06,EUR,CUST005
6010,2024-04-08,7000,2666.94,EUR,CUST002
6011,2020-12-14,7000,525.83,EUR,CUST002
6012,2023-09-24,7000,4824.09,EUR,CUST019
6013,2022-09-05,6000,1781.42,EUR,CUST005
6014,2024-01-16,6000,4277.35,EUR,CUST013
6015,2025-07-01,7000,657.61,EUR,CUST015
6016,2022-03-14,6000,2415.98,EUR,CUST005
6017,2021-08-14,7000,3675.59,EUR,CUST008
6018,2023-05-22,7000,4336.56,EUR,CUST009
6019,2022-12-06,7000,994.16,EUR,CUST004
6020,2022-05-01,6000,4809.17,EUR,CUST009
6021,2024-03-13,7000,526.25,EUR,CUST016
6022,2023-07-16,7000,1049.82,EUR,CUST013
6023,2022-12-10,6000,2866.0,EUR,CUST002
6024,2024-07-29,6000,4887.78,EUR,CUST020
6025,2022-10-08,7000,1884.09,EUR,CUST015
6026,2020-11-04,6000,3284.43,EUR,CUST015
6027,2021-03-07,7000,2004.92,EUR,CUST019
6028,2021-03-12,7000,4591.68,EUR,CUST004
6029,2022-08-12,7000,3141.77,EUR,CUST010
6030,2020-10-22,6000,235.82,EUR,CUST007
6031,2020-07-31,7000,3941.03,EUR,CUST007
6032,2022-06-09,7000,2869.68,EUR,CUST004
6033,2024-11-24,7000,958.79,EUR,CUST004
6034,2023-09-20,7000,1169.4,EUR,CUST007
6035,2024-05-08,7000,4864.48,EUR,CUST019
6036,2022-01-21,7000,4098.32,EUR,CUST016
6037,2021-12-28,7000,2083.22,EUR,CUST007
6038,2024-10-18,6000,3676.63,EUR,CUST015
6039,2020-01-25,6000,2730.34,EUR,CUST012
6040,2022-12-28,7000,699.52,EUR,CUST010
6041,2020-09-20,6000,195.93,EUR,CUST019
6042,2022-02-14,6000,4012.41,EUR,CUST009
6043,2022-10-28,7000,4477.51,EUR,CUST016
6044,2022-05-11,6000,2075.9,EUR,CUST003
6045,2021-02-18,6000,165.39,EUR,CUST005
6046,2025-08-30,6000,3139.96,EUR,CUST008
6047,2023-08-06,6000,433.16,EUR,CUST007
6048,2025-08-04,7000,4243.34,EUR,CUST014
6049,2024-07-29,7000,2840.17,EUR,CUST018
6050,2023-12-16,6000,4909.69,EUR,CUST003
6051,2024-10-09,6000,4074.06,EUR,CUST009
6052,2020-08-13,7000,3057.42,EUR,CUST009
6053,2023-07-27,6000,4043.32,EUR,CUST008
6054,2022-08-06,7000,2461.35,EUR,CUST014
6055,2022-07-30,6000,2803.62,EUR,CUST018
6056,2022-01-06,6000,1196.46,EUR,CUST001
6057,2024-10-16,7000,4154.14,EUR,CUST009
6058,2024-07-30,7000,2897.8,EUR,CUST006
6059,2022-03-24,6000,2828.66,EUR,CUST002
6060,2022-11-08,7000,991.9,EUR,CUST015
6061,2024-02-15,6000,2819.64,EUR,CUST020
6062,2024-03-02,6000,210.31,EUR,CUST018
6063,2023-12-30,6000,3777.88,EUR,CUST014
6064,2024-05-27,7000,722.17,EUR,CUST004
6065,2023-05-05,7000,2495.15,EUR,CUST019
6066,2025-07-27,6000,2058.28,EUR,CUST019
6067,2023-07-28,7000,2028.51,EUR,CUST003
6068,2020-12-26,6000,4311.75,EUR,CUST003
6069,2024-08-19,7000,2019.49,EUR,CUST003
6070,2025-01-31,6000,2340.08,EUR,CUST016
6071,2024-11-30,7000,2113.39,EUR,CUST012
6072,2020-08-05,6000,1614.61,EUR,CUST006
6073,2024-01-20,7000,1081.26,EUR,CUST011
6074,2022-10-19,6000,1036.87,EUR,CUST001
6075,2021-10-15,6000,1619.69,EUR,CUST007
6076,2023-02-27,6000,1806.88,EUR,CUST006
6077,2022-07-03,7000,3310.06,EUR,CUST020
6078,2024-03-29,7000,685.33,EUR,CUST018
6079,2022-11-28,7000,1796.84,EUR,CUST003
6080,2024-05-29,6000,2068.95,EUR,CUST011
6081,2023-09-09,6000,1108.72,EUR,CUST015
6082,2024-08-30,6000,4194.98,EUR,CUST007
6083,2024-12-14,7000,958.2,EUR,CUST003
6084,2021-06-15,7000,2463.43,EUR,CUST012
6085,2020-03-24,7000,2844.26,EUR,CUST020
6086,2022-09-21,7000,159.81,EUR,CUST006
6087,2020-10-03,7000,2450.94,EUR,CUST007
6088,2022-08-02,7000,3918.33,EUR,CUST001
6089,2024-01-11,7000,1712.43,EUR,CUST004
6090,2025-02-22,7000,2202.62,EUR,CUST019
6091,2023-03-02,7000,3363.95,EUR,CUST007
6092,2024-07-29,6000,2297.52,EUR,CUST009
6093,2024-03-25,7000,2597.93,EUR,CUST003
6094,2023-09-10,7000,1736.01,EUR,CUST003
6095,2021-06-28,7000,179.52,EUR,CUST016
6096,2025-06-30,6000,246.2,EUR,CUST016
6097,2020-08-27,6000,3405.03,EUR,CUST013
6098,2022-08-01,6000,2071.64,EUR,CUST008
6099,2024-07-27,7000,611.07,EUR,CUST005
6100,2023-10-22,7000,3769.49,EUR,CUST001
6101,2022-07-27,6000,4743.89,EUR,CUST017
6102,2025-06-20,7000,1028.0,EUR,CUST017
6103,2022-06-19,6000,2228.34,EUR,CUST007
6104,2025-05-31,7000,865.09,EUR,CUST020
6105,2024-04-23,7000,480.28,EUR,CUST009
6106,2021-09-26,6000,1447.16,EUR,CUST014
6107,2022-11-17,6000,3613.14,EUR,CUST016
6108,2019-11-08,7000,3148.9,EUR,CUST013
6109,2020-12-10,7000,1226.64,EUR,CUST013
6110,2024-09-07,7000,3797.68,EUR,CUST015
6111,2025-06-17,6000,3164.3,EUR,CUST020
6112,2020-12-01,7000,1613.48,EUR,CUST003
6113,2025-05-09,7000,4738.93,EUR,CUST018
6114,2023-01-18,6000,1086.68,EUR,CUST016
6115,2020-01-11,7000,4215.83,EUR,CUST005
6116,2022-09-26,7000,958.91,EUR,CUST010
6117,2024-02-05,6000,2441.17,EUR,CUST004
6118,2020-07-08,7000,797.24,EUR,CUST016
6119,2023-08-23,6000,1329.1,EUR,CUST001
6120,2024-04-03,6000,1649.86,EUR,CUST015
6121,2021-01-26,6000,272.44,EUR,CUST004
6122,2023-10-02,7000,4662.27,EUR,CUST013
6123,2023-02-23,6000,4562.37,EUR,CUST003
6124,2019-12-18,7000,743.37,EUR,CUST018
6125,2025-05-28,7000,4906.18,EUR,CUST015
6126,2024-07-10,6000,3942.3,EUR,CUST003
6127,2024-09-26,6000,3486.68,EUR,CUST001
6128,2024-08-05,6000,1855.03,EUR,CUST017
6129,2025-03-12,6000,1042.52,EUR,CUST019
6130,2024-12-03,7000,2858.31,EUR,CUST002
6131,2023-03-12,6000,813.26,EUR,CUST011
6132,2025-06-25,7000,2180.98,EUR,CUST010
6133,2024-02-19,7000,238.25,EUR,CUST017
6134,2025-09-03,7000,1571.73,EUR,CUST010
6135,2024-08-19,6000,1635.91,EUR,CUST008
6136,2024-02-18,7000,4096.36,EUR,CUST010
6137,2021-01-07,6000,4177.15,EUR,CUST015
6138,2022-08-02,6000,1347.31,EUR,CUST016
6139,2022-07-23,7000,1742.04,EUR,CUST007
6140,2021-06-10,7000,768.24,EUR,CUST015
6141,2025-01-26,7000,4368.75,EUR,CUST006
6142,2023-01-12,7000,1456.07,EUR,CUST006
6143,2021-08-05,7000,4558.78,EUR,CUST009
6144,2023-07-18,6000,1709.82,EUR,CUST014
6145,2019-11-09,7000,3118.64,EUR,CUST014
6146,2021-12-26,6000,2874.78,EUR,CUST011
6147,2020-06-17,6000,664.4,EUR,CUST008
6148,2022-04-30,6000,2102.53,EUR,CUST009
6149,2024-12-24,7000,992.76,EUR,CUST019
6150,2022-03-26,7000,2316.79,EUR,CUST003
6151,2023-11-05,7000,1908.73,EUR,CUST013
6152,2023-10-01,6000,520.38,EUR,CUST009
6153,2023-08-16,6000,3288.24,EUR,CUST015
6154,2020-04-06,6000,4296.68,EUR,CUST007
6155,2021-06-05,6000,149.99,EUR,CUST020
6156,2023-11-05,7000,3957.87,EUR,CUST018
6157,2021-12-14,7000,2009.4,EUR,CUST012
6158,2021-11-26,7000,573.9,EUR,CUST015
6159,2022-09-03,7000,4721.08,EUR,CUST004
6160,2021-07-27,7000,2670.72,EUR,CUST020
6161,2021-09-09,7000,1033.95,EUR,CUST018
6162,2025-09-02,6000,2373.17,EUR,CUST019
6163,2023-07-10,6000,4453.72,EUR,CUST015
6164,2023-01-14,6000,3793.06,EUR,CUST005
6165,2025-06-12,6000,3088.54,EUR,CUST012
6166,2020-07-09,6000,245.66,EUR,CUST003
6167,2024-03-25,7000,4203.87,EUR,CUST013
6168,2024-12-12,6000,2384.9,EUR,CUST001
6169,2025-05-06,6000,1349.67,EUR,CUST014
6170,2025-02-28,7000,1297.8,EUR,CUST013
6171,2021-05-01,6000,3365.19,EUR,CUST019
6172,2023-03-17,7000,2819.65,EUR,CUST013
6173,2024-06-06,6000,1245.49,EUR,CUST010
6174,2025-03-26,6000,3175.79,EUR,CUST011
6175,2024-03-03,6000,2740.83,EUR,CUST016
6176,2022-12-26,6000,1729.15,EUR,CUST014
6177,2021-05-19,6000,4580.49,EUR,CUST014
6178,2021-03-14,6000,3899.49,EUR,CUST002
6179,2021-09-05,7000,2259.69,EUR,CUST017
6180,2021-09-04,7000,4898.78,EUR,CUST019
6181,2022-01-15,6000,2513.43,EUR,CUST007
6182,2022-12-22,7000,1677.02,EUR,CUST018
6183,2023-07-04,7000,229.98,EUR,CUST005
6184,2021-01-07,7000,3816.82,EUR,CUST016
6185,2025-02-03,7000,4818.6,EUR,CUST019
6186,2020-05-18,6000,1285.06,EUR,CUST007
6187,2025-05-20,6000,3467.44,EUR,CUST009
6188,2021-03-26,7000,2864.36,EUR,CUST010
6189,2025-01-17,6000,1117.36,EUR,CUST014
6190,2022-09-02,6000,2681.14,EUR,CUST011
6191,2023-02-14,6000,3229.6,EUR,CUST015
6192,2024-03-16,6000,2636.13,EUR,CUST003
6193,2019-10-08,6000,475.39,EUR,CUST010
6194,2023-01-18,6000,1132.42,EUR,CUST019
6195,2025-03-14,7000,692.11,EUR,CUST008
6196,2022-10-17,7000,1042.85,EUR,CUST015
6197,2020-03-02,7000,3364.48,EUR,CUST011
6198,2020-05-21,6000,3462.63,EUR,CUST018
6199,2020-06-20,7000,265.65,EUR,CUST006
6200,2020-03-26,6000,2839.54,EUR,CUST018
6201,2021-09-15,6000,4027.43,EUR,CUST013
6202,2022-09-27,6000,279.8,EUR,CUST008
6203,2023-12-02,7000,709.35,EUR,CUST007
6204,2022-03-27,6000,348.8,EUR,CUST010
6205,2022-09-08,6000,1376.93,EUR,CUST019
6206,2020-03-30,7000,3124.6,EUR,CUST015
6207,2025-02-01,6000,1325.9,EUR,CUST020
6208,2021-04-24,6000,1876.74,EUR,CUST020
6209,2022-12-06,6000,930.88,EUR,CUST018
6210,2025-02-19,6000,618.6,EUR,CUST005
6211,2020-06-20,6000,2788.95,EUR,CUST010
6212,2022-09-01,6000,1485.75,EUR,CUST020
6213,2020-06-03,7000,3945.27,EUR,CUST009
6214,2022-01-03,6000,4549.64,EUR,CUST010
6215,2019-10-31,7000,3437.42,EUR,CUST010
6216,2020-07-16,6000,1622.76,EUR,CUST005
6217,2022-06-28,7000,3680.9,EUR,CUST001
6218,2024-10-17,7000,357.45,EUR,CUST006
6219,2022-10-25,6000,3338.73,EUR,CUST007
6220,2020-09-29,7000,3735.11,EUR,CUST019
6221,2022-05-13,6000,260.44,EUR,CUST005
6222,2021-08-14,6000,4083.56,EUR,CUST007
6223,2023-10-02,6000,4550.59,EUR,CUST010
6224,2025-01-11,7000,514.11,EUR,CUST001
6225,2021-05-29,7000,151.45,EUR,CUST012
6226,2023-05-19,7000,2455.92,EUR,CUST010
6227,2023-09-21,6000,3260.76,EUR,CUST015
6228,2021-06-09,7000,253.95,EUR,CUST003
6229,2023-10-08,6000,4588.43,EUR,CUST014
6230,2020-08-24,7000,3991.63,EUR,CUST012
6231,2023-11-26,7000,3096.2,EUR,CUST003
6232,2022-06-17,7000,2198.95,EUR,CUST007
6233,2021-01-12,7000,872.48,EUR,CUST014
6234,2020-06-27,6000,2714.46,EUR,CUST015
6235,2022-10-14,6000,4570.9,EUR,CUST002
6236,2022-06-30,6000,2349.86,EUR,CUST014
6237,2024-12-17,6000,3331.65,EUR,CUST013
6238,2024-08-17,6000,2544.55,EUR,CUST011
6239,2022-04-03,7000,3494.14,EUR,CUST012
6240,2024-06-26,7000,3614.46,EUR,CUST009
6241,2021-09-10,6000,4202.39,EUR,CUST019
6242,2020-11-25,7000,3786.94,EUR,CUST019
6243,2022-07-06,6000,168.33,EUR,CUST001
6244,2021-10-10,7000,1922.49,EUR,CUST017
6245,2021-07-19,6000,4533.28,EUR,CUST009
6246,2023-07-08,6000,1039.54,EUR,CUST013
6247,2020-12-08,7000,4584.1,EUR,CUST009
6248,2024-01-24,7000,1655.47,EUR,CUST003
6249,2025-04-11,7000,2286.86,EUR,CUST019
6250,2020-11-13,6000,308.32,EUR,CUST009
6251,2024-03-03,6000,3892.31,EUR,CUST019
6252,2025-01-15,6000,3917.18,EUR,CUST019
6253,2023-11-02,7000,1386.57,EUR,CUST012
6254,2020-10-05,7000,4125.85,EUR,CUST010
6255,2020-01-11,6000,343.67,EUR,CUST001
6256,2024-06-20,7000,1471.34,EUR,CUST005
6257,2024-06-29,7000,2394.0,EUR,CUST002
6258,2020-10-02,7000,4588.22,EUR,CUST005
6259,2020-11-07,7000,2228.7,EUR,CUST012
6260,2021-11-16,6000,3206.23,EUR,CUST012
6261,2025-01-28,6000,1298.3,EUR,CUST012
6262,2019-11-18,6000,856.11,EUR,CUST008
6263,2023-12-16,7000,118.36,EUR,CUST001
6264,2023-12-29,6000,3720.69,EUR,CUST007
6265,2020-06-08,7000,3117.85,EUR,CUST001
6266,2025-08-03,7000,4773.18,EUR,CUST008
6267,2022-05-20,7000,3538.74,EUR,CUST006
6268,2022-05-27,6000,1760.2,EUR,CUST011
6269,2021-09-12,7000,3390.67,EUR,CUST013
6270,2022-06-03,7000,4678.57,EUR,CUST017
6271,2025-09-07,6000,3608.97,EUR,CUST007
6272,2024-09-14,6000,3644.72,EUR,CUST001
6273,2024-05-18,7000,137.95,EUR,CUST020
6274,2022-05-16,6000,3562.17,EUR,CUST002
6275,2023-05-06,7000,4627.6,EUR,CUST009
6276,2020-06-30,6000,1424.16,EUR,CUST007
6277,2021-06-21,7000,408.02,EUR,CUST003
6278,2021-12-03,6000,2126.34,EUR,CUST016
6279,2024-01-08,6000,2711.44,EUR,CUST013
6280,2025-08-14,6000,2397.38,EUR,CUST016
6281,2020-07-17,7000,4475.16,EUR,CUST011
6282,2020-11-21,6000,2629.29,EUR,CUST015
6283,2024-02-12,7000,3027.22,EUR,CUST005
6284,2022-10-18,7000,2275.0,EUR,CUST009
6285,2024-12-30,6000,2815.11,EUR,CUST016
6286,2020-08-07,7000,1497.9,EUR,CUST008
6287,2024-05-27,6000,2972.97,EUR,CUST015
6288,2025-04-10,6000,2435.43,EUR,CUST011
6289,2024-04-06,6000,954.21,EUR,CUST003
6290,2023-10-12,6000,3320.29,EUR,CUST017
6291,2022-06-22,7000,3563.99,EUR,CUST004
6292,2023-07-01,7000,4932.2,EUR,CUST010
6293,2022-06-25,7000,946.08,EUR,CUST004
6294,2024-03-05,7000,461.33,EUR,CUST019
6295,2022-06-04,7000,3137.72,EUR,CUST004
6296,2020-01-17,7000,4483.01,EUR,CUST005
6297,2024-03-07,7000,2418.67,EUR,CUST004
6298,2023-03-29,7000,2955.98,EUR,CUST020
6299,2020-05-25,7000,1003.86,EUR,CUST009
6300,2023-03-30,7000,4957.59,EUR,CUST001
6301,2025-07-20,7000,2046.18,EUR,CUST006
6302,2022-03-12,7000,2518.07,EUR,CUST006
6303,2022-01-31,6000,2720.25,EUR,CUST001
6304,2025-05-28,6000,2503.58,EUR,CUST004
6305,2024-03-07,6000,4386.92,EUR,CUST014
6306,2025-01-31,6000,4997.6,EUR,CUST007
6307,2019-11-11,7000,3143.8,EUR,CUST008
6308,2020-05-27,7000,2944.34,EUR,CUST009
6309,2019-11-29,7000,3653.26,EUR,CUST010
6310,2024-11-04,7000,3513.47,EUR,CUST019
6311,2020-10-20,6000,3139.56,EUR,CUST016
6312,2024-03-11,6000,924.56,EUR,CUST020
6313,2022-07-24,7000,224.85,EUR,CUST005
6314,2024-09-14,7000,4924.0,EUR,CUST018
6315,2023-12-25,6000,723.26,EUR,CUST014
6316,2021-05-28,6000,4313.57,EUR,CUST014
6317,2022-06-09,6000,361.42,EUR,CUST008
6318,2020-08-11,7000,4268.89,EUR,CUST007
6319,2024-08-20,7000,4204.07,EUR,CUST017
6320,2022-02-11,6000,2826.42,EUR,CUST004
6321,2024-07-26,7000,3310.75,EUR,CUST020
6322,2023-02-21,7000,4001.96,EUR,CUST007
6323,2019-11-15,7000,141.44,EUR,CUST020
6324,2020-08-29,7000,2874.94,EUR,CUST014
6325,2024-07-11,6000,4496.79,EUR,CUST004
6326,2024-01-01,7000,1574.6,EUR,CUST017
6327,2021-12-17,6000,3945.78,EUR,CUST011
6328,2020-12-15,7000,4418.18,EUR,CUST001
6329,2025-09-28,6000,2038.76,EUR,CUST005
6330,2023-02-28,7000,2820.08,EUR,CUST001
6331,2021-05-24,7000,1435.69,EUR,CUST018
6332,2025-04-21,7000,1423.01,EUR,CUST019
6333,2024-05-15,6000,3333.21,EUR,CUST015
6334,2024-10-08,7000,114.54,EUR,CUST011
6335,2023-08-23,7000,3033.14,EUR,CUST009
6336,2022-04-15,7000,358.97,EUR,CUST001
6337,2025-01-25,6000,2785.76,EUR,CUST012
6338,2023-03-24,7000,2956.0,EUR,CUST002
6339,2021-08-10,6000,3344.64,EUR,CUST012
6340,2025-01-11,6000,2878.72,EUR,CUST007
6341,2023-06-11,7000,2672.03,EUR,CUST001
6342,2025-04-09,7000,649.56,EUR,CUST007
6343,2020-03-29,6000,4839.52,EUR,CUST004
6344,2021-09-08,6000,2168.1,EUR,CUST001
6345,2020-09-15,6000,2926.18,EUR,CUST010
6346,2021-06-18,7000,3803.69,EUR,CUST002
6347,2023-02-23,7000,2699.44,EUR,CUST006
6348,2023-05-22,6000,1793.45,EUR,CUST003
6349,2023-04-22,7000,3969.63,EUR,CUST009
6350,2025-04-30,7000,4715.6,EUR,CUST006
6351,2024-09-24,6000,4054.88,EUR,CUST018
6352,2025-04-13,7000,4551.65,EUR,CUST009
6353,2025-07-30,6000,3945.68,EUR,CUST013
6354,2022-08-20,6000,4210.28,EUR,CUST008
6355,2020-08-13,7000,2024.95,EUR,CUST011
6356,2023-08-29,6000,1345.76,EUR,CUST003
6357,2025-06-09,7000,3388.09,EUR,CUST020
6358,2021-10-27,7000,1471.02,EUR,CUST009
6359,2021-09-17,7000,1003.1,EUR,CUST014
6360,2023-12-20,6000,4947.76,EUR,CUST013
6361,2024-11-03,7000,4542.66,EUR,CUST015
6362,2022-06-25,7000,3566.6,EUR,CUST004
6363,2020-07-01,6000,4190.39,EUR,CUST020
6364,2025-07-30,6000,4142.83,EUR,CUST013
6365,2023-05-24,7000,3735.8,EUR,CUST008
6366,2023-03-13,6000,818.31,EUR,CUST015
6367,2022-03-15,7000,4161.86,EUR,CUST018
6368,2024-01-24,6000,2109.97,EUR,CUST020
6369,2022-01-11,6000,536.56,EUR,CUST010
6370,2022-01-03,6000,1933.66,EUR,CUST008
6371,2020-05-22,7000,2392.65,EUR,CUST014
6372,2023-09-07,7000,2772.27,EUR,CUST016
6373,2025-04-23,7000,587.1,EUR,CUST011
6374,2021-03-22,7000,821.04,EUR,CUST002
6375,2022-01-06,7000,3611.75,EUR,CUST010
6376,2021-12-26,7000,2891.32,EUR,CUST006
6377,2024-10-02,6000,2407.93,EUR,CUST019
6378,2021-01-24,6000,1054.89,EUR,CUST010
6379,2021-07-29,7000,3625.27,EUR,CUST004
6380,2020-08-30,7000,973.96,EUR,CUST006
6381,2024-06-15,6000,344.86,EUR,CUST003
6382,2023-11-22,7000,2317.82,EUR,CUST004
6383,2020-05-27,7000,3739.16,EUR,CUST006
6384,2023-07-24,7000,3257.87,EUR,CUST009
6385,2024-01-21,7000,384.91,EUR,CUST003
6386,2022-08-25,6000,3657.91,EUR,CUST002
6387,2022-02-27,6000,4275.56,EUR,CUST013
6388,2021-05-28,6000,3391.38,EUR,CUST014
6389,2021-07-30,7000,1886.84,EUR,CUST003
6390,2021-10-08,7000,692.32,EUR,CUST006
6391,2025-05-25,7000,1418.15,EUR,CUST018
6392,2025-09-08,6000,4687.89,EUR,CUST017
6393,2020-03-03,6000,550.18,EUR,CUST014
6394,2025-08-30,6000,3028.15,EUR,CUST016
6395,2023-10-09,6000,1891.28,EUR,CUST020
6396,2021-10-14,6000,2881.16,EUR,CUST013
6397,2020-06-29,6000,3044.44,EUR,CUST014
6398,2021-08-04,7000,2923.06,EUR,CUST015
6399,2024-03-02,6000,1722.17,EUR,CUST020
6400,2025-05-23,6000,2396.5,EUR,CUST013
6401,2021-07-10,6000,4939.22,EUR,CUST016
6402,2021-04-04,6000,1894.44,EUR,CUST012
6403,2022-05-31,7000,535.91,EUR,CUST019
6404,2025-07-24,6000,2178.99,EUR,CUST012
6405,2023-08-16,6000,2307.35,EUR,CUST012
6406,2023-05-15,6000,3800.69,EUR,CUST010
6407,2022-03-25,6000,1844.13,EUR,CUST002
6408,2025-02-09,7000,2779.17,EUR,CUST014
6409,2023-06-04,6000,4557.62,EUR,CUST013
6410,2025-08-22,7000,1457.21,EUR,CUST002
6411,2020-09-26,7000,2577.85,EUR,CUST007
6412,2019-12-10,7000,249.6,EUR,CUST018
6413,2020-12-28,7000,1536.38,EUR,CUST009
6414,2024-08-01,7000,228.43,EUR,CUST008
6415,2024-06-06,7000,116.11,EUR,CUST005
6416,2025-05-27,7000,3069.38,EUR,CUST016
6417,2023-01-31,7000,1233.18,EUR,CUST014
6418,2023-10-27,6000,3778.94,EUR,CUST018
6419,2019-12-14,6000,1874.13,EUR,CUST002
6420,2020-07-19,7000,4429.65,EUR,CUST002
6421,2022-03-21,6000,2831.86,EUR,CUST001
6422,2024-08-20,7000,602.75,EUR,CUST015
6423,2023-01-27,6000,3986.48,EUR,CUST011
6424,2020-01-05,6000,2967.71,EUR,CUST014
6425,2023-03-31,7000,4733.1,EUR,CUST019
6426,2022-11-09,6000,1160.92,EUR,CUST013
6427,2019-12-08,6000,2165.12,EUR,CUST005
6428,2025-09-28,7000,4404.41,EUR,CUST004
6429,2023-08-07,7000,2835.52,EUR,CUST008
6430,2021-10-04,7000,3461.53,EUR,CUST006
6431,2020-07-31,7000,2717.32,EUR,CUST004
6432,2024-10-15,6000,4098.49,EUR,CUST010
6433,2021-10-28,7000,1397.11,EUR,CUST011
6434,2024-10-18,6000,3511.56,EUR,CUST005
6435,2020-09-05,7000,2314.86,EUR,CUST001
6436,2022-05-29,6000,341.36,EUR,CUST015
6437,2021-11-19,6000,515.03,EUR,CUST014
6438,2021-09-24,7000,1375.75,EUR,CUST013
6439,2023-12-03,6000,3050.31,EUR,CUST006
6440,2020-06-26,6000,4379.78,EUR,CUST019
6441,2021-05-27,6000,1094.93,EUR,CUST019
6442,2025-06-17,7000,3166.84,EUR,CUST014
6443,2025-05-02,7000,2753.27,EUR,CUST002
6444,2024-01-29,6000,727.96,EUR,CUST013
6445,2022-01-29,6000,3913.39,EUR,CUST005
6446,2022-07-18,6000,3379.07,EUR,CUST004
6447,2023-04-23,7000,2813.98,EUR,CUST006
6448,2023-03-07,6000,2910.79,EUR,CUST009
6449,2024-01-19,6000,3403.36,EUR,CUST005
6450,2022-09-01,6000,4455.74,EUR,CUST005
6451,2024-08-12,6000,1254.02,EUR,CUST016
6452,2023-10-13,6000,3828.34,EUR,CUST001
6453,2024-11-05,6000,958.44,EUR,CUST018
6454,2024-07-01,7000,3972.31,EUR,CUST003
6455,2020-06-04,6000,198.74,EUR,CUST010
6456,2020-12-02,6000,4955.33,EUR,CUST003
6457,2025-07-25,6000,3516.86,EUR,CUST015
6458,2024-01-17,6000,4607.18,EUR,CUST013
6459,2024-02-10,7000,2598.56,EUR,CUST006
6460,2025-05-15,7000,3606.65,EUR,CUST012
6461,2024-07-09,7000,4390.37,EUR,CUST008
6462,2020-04-28,7000,375.16,EUR,CUST007
6463,2021-07-05,7000,4292.58,EUR,CUST012
6464,2023-06-27,6000,1360.83,EUR,CUST017
6465,2019-12-20,6000,1136.2,EUR,CUST014
6466,2024-02-03,6000,4336.43,EUR,CUST002
6467,2019-12-14,7000,2353.61,EUR,CUST008
6468,2020-09-18,6000,4878.67,EUR,CUST004
6469,2023-09-21,6000,2691.63,EUR,CUST008
6470,2023-11-08,7000,2550.98,EUR,CUST005
6471,2022-08-04,7000,1475.54,EUR,CUST015
6472,2021-07-18,6000,4373.18,EUR,CUST020
6473,2021-04-18,6000,2634.78,EUR,CUST009
6474,2020-03-03,6000,4439.84,EUR,CUST005
6475,2020-12-11,6000,464.36,EUR,CUST018
6476,2021-02-09,7000,1731.69,EUR,CUST014
6477,2022-11-28,7000,4510.01,EUR,CUST006
6478,2020-06-22,6000,4352.86,EUR,CUST002
6479,2025-04-14,7000,822.15,EUR,CUST014
6480,2020-07-28,6000,2300.68,EUR,CUST017
6481,2020-07-27,7000,3397.59,EUR,CUST020
6482,2021-11-22,6000,1187.85,EUR,CUST012
6483,2023-06-22,7000,168.46,EUR,CUST014
6484,2024-12-26,6000,1333.88,EUR,CUST013
6485,2021-07-21,7000,1540.55,EUR,CUST018
6486,2022-01-10,6000,2062.95,EUR,CUST012
6487,2022-03-16,7000,1460.66,EUR,CUST013
6488,2023-04-26,7000,1739.66,EUR,CUST013
6489,2020-01-07,6000,3699.36,EUR,CUST002
6490,2020-01-21,6000,1156.32,EUR,CUST012
6491,2021-11-28,7000,1787.26,EUR,CUST005
6492,2021-08-07,6000,2411.34,EUR,CUST003
6493,2019-11-15,7000,1534.26,EUR,CUST016
6494,2024-04-26,7000,623.33,EUR,CUST013
6495,2021-05-11,7000,3534.98,EUR,CUST008
6496,2020-02-22,6000,4722.66,EUR,CUST016
6497,2025-02-09,6000,659.1,EUR,CUST009
6498,2023-11-30,6000,3769.39,EUR,CUST013
6499,2021-01-10,7000,2804.77,EUR,CUST006
6500,2024-12-04,7000,2602.77,EUR,CUST020
6501,2025-05-24,7000,2536.9,EUR,CUST011
6502,2020-06-29,7000,2935.84,EUR,CUST020
6503,2022-09-10,7000,374.39,EUR,CUST008
6504,2020-03-08,6000,4171.03,EUR,CUST013
6505,2021-11-20,6000,1067.23,EUR,CUST020
6506,2024-06-11,6000,2416.07,EUR,CUST010
6507,2023-09-16,6000,3229.55,EUR,CUST007
6508,2022-08-24,6000,2831.92,EUR,CUST011
6509,2024-01-26,7000,4402.06,EUR,CUST020
6510,2020-07-08,6000,975.67,EUR,CUST018
6511,2020-11-25,7000,2180.3,EUR,CUST001
6512,2022-10-15,6000,1495.13,EUR,CUST017
6513,2020-09-17,7000,659.59,EUR,CUST019
6514,2020-03-20,7000,2155.83,EUR,CUST014
6515,2021-07-25,7000,397.89,EUR,CUST009
6516,2020-09-17,7000,4582.86,EUR,CUST001
6517,2022-03-12,6000,3383.24,EUR,CUST014
6518,2025-07-20,6000,3956.45,EUR,CUST017
6519,2022-05-09,7000,3241.29,EUR,CUST020
6520,2020-10-15,6000,2406.98,EUR,CUST019
6521,2020-12-03,6000,507.93,EUR,CUST015
6522,2023-12-04,6000,3185.49,EUR,CUST005
6523,2023-12-16,7000,4390.89,EUR,CUST004
6524,2025-01-21,6000,2280.21,EUR,CUST018
6525,2024-06-09,6000,609.11,EUR,CUST018
6526,2020-12-28,7000,1754.17,EUR,CUST001
6527,2020-08-18,6000,587.55,EUR,CUST006
6528,2020-01-12,7000,2600.01,EUR,CUST012
6529,2022-04-21,7000,4667.32,EUR,CUST020
6530,2020-02-10,7000,2370.5,EUR,CUST019
6531,2019-10-04,6000,4545.48,EUR,CUST005
6532,2023-10-10,7000,2170.4,EUR,CUST018
6533,2020-07-13,7000,422.58,EUR,CUST011
6534,2024-06-10,7000,2572.86,EUR,CUST013
6535,2024-03-20,7000,2553.5,EUR,CUST015
6536,2022-05-26,7000,4525.79,EUR,CUST006
6537,2024-12-20,7000,4998.73,EUR,CUST019
6538,2024-04-11,6000,3914.25,EUR,CUST018
6539,2022-05-16,7000,2099.59,EUR,CUST007
6540,2024-05-16,7000,3102.48,EUR,CUST001
6541,2019-11-28,7000,1582.68,EUR,CUST002
6542,2024-11-14,6000,2519.55,EUR,CUST016
6543,2024-12-22,7000,317.58,EUR,CUST018
6544,2025-09-11,7000,2667.45,EUR,CUST016
6545,2024-03-19,7000,1676.8,EUR,CUST012
6546,2020-04-20,7000,4858.24,EUR,CUST007
6547,2021-02-17,6000,2202.22,EUR,CUST007
6548,2020-10-04,6000,1399.52,EUR,CUST014
6549,2021-03-13,7000,3599.04,EUR,CUST012
6550,2019-11-28,7000,605.12,EUR,CUST014
6551,2022-09-01,6000,4131.09,EUR,CUST016
6552,2021-10-04,7000,3662.99,EUR,CUST015
6553,2022-04-26,7000,580.6,EUR,CUST018
6554,2022-10-23,6000,2845.37,EUR,CUST001
6555,2024-07-12,7000,4108.53,EUR,CUST006
6556,2023-03-28,7000,4330.53,EUR,CUST018
6557,2025-08-25,7000,556.15,EUR,CUST018
6558,2024-12-26,6000,128.8,EUR,CUST020
6559,2022-01-04,6000,2847.6,EUR,CUST004
6560,2024-07-17,6000,4862.84,EUR,CUST016
6561,2021-04-07,6000,3805.78,EUR,CUST010
6562,2025-06-17,7000,4231.91,EUR,CUST017
6563,2022-10-06,6000,4314.1,EUR,CUST010
6564,2022-10-01,7000,4790.45,EUR,CUST018
6565,2023-08-29,7000,4171.81,EUR,CUST016
6566,2024-10-23,6000,3569.45,EUR,CUST013
6567,2025-09-15,6000,2466.16,EUR,CUST016
6568,2020-06-30,6000,4741.85,EUR,CUST015
6569,2024-06-18,6000,3446.64,EUR,CUST008
6570,2023-11-10,6000,3462.11,EUR,CUST011
6571,2019-11-03,7000,599.8,EUR,CUST009
6572,2023-08-11,6000,1587.69,EUR,CUST002
6573,2021-04-10,6000,2453.55,EUR,CUST007
6574,2021-07-11,6000,3763.73,EUR,CUST005
6575,2025-01-27,6000,2342.68,EUR,CUST018
6576,2020-03-04,7000,4827.77,EUR,CUST007
6577,2020-10-05,7000,4961.18,EUR,CUST006
6578,2024-04-22,7000,3504.27,EUR,CUST013
6579,2022-11-23,7000,2626.34,EUR,CUST020
6580,2021-02-14,6000,2658.5,EUR,CUST020
6581,2024-12-29,6000,265.41,EUR,CUST008
6582,2020-04-15,6000,4591.82,EUR,CUST016
6583,2022-10-18,6000,2274.24,EUR,CUST008
6584,2024-01-25,7000,2782.16,EUR,CUST015
6585,2022-06-21,6000,2379.18,EUR,CUST011
6586,2022-12-31,6000,4960.81,EUR,CUST002
6587,2020-08-14,7000,3003.4,EUR,CUST007
6588,2023-02-03,7000,3186.3,EUR,CUST017
6589,2022-11-20,6000,2828.37,EUR,CUST012
6590,2021-10-21,6000,1631.8,EUR,CUST013
6591,2022-09-05,6000,3297.54,EUR,CUST004
6592,2022-10-05,7000,1899.61,EUR,CUST003
6593,2022-08-06,6000,3950.25,EUR,CUST006
6594,2020-07-10,6000,396.25,EUR,CUST006
6595,2024-12-11,6000,4511.93,EUR,CUST012
6596,2019-12-12,7000,888.68,EUR,CUST009
6597,2021-03-28,7000,4869.55,EUR,CUST007
6598,2020-08-19,6000,4971.97,EUR,CUST008
6599,2022-08-10,7000,1649.26,EUR,CUST016
6600,2020-11-22,7000,1238.18,EUR,CUST007
6601,2024-12-20,7000,3628.04,EUR,CUST017
6602,2023-10-06,6000,3428.35,EUR,CUST010
6603,2020-11-12,7000,3575.18,EUR,CUST017
6604,2020-01-20,6000,1653.26,EUR,CUST017
6605,2020-07-16,6000,824.47,EUR,CUST001
6606,2023-06-02,6000,341.38,EUR,CUST013
6607,2023-11-20,7000,377.63,EUR,CUST012
6608,2022-10-11,6000,4109.71,EUR,CUST008
6609,2022-05-30,7000,3071.08,EUR,CUST003
6610,2022-02-09,7000,3586.49,EUR,CUST008
6611,2025-05-03,6000,935.58,EUR,CUST017
6612,2025-05-12,7000,1297.1,EUR,CUST020
6613,2021-06-09,7000,998.19,EUR,CUST015
6614,2020-09-20,6000,429.82,EUR,CUST017
6615,2024-08-06,7000,2894.63,EUR,CUST004
6616,2023-06-28,7000,2643.82,EUR,CUST019
6617,2025-05-03,6000,4473.56,EUR,CUST002
6618,2023-10-15,7000,2624.47,EUR,CUST003
6619,2023-06-16,7000,1138.65,EUR,CUST009
6620,2022-07-03,6000,4052.12,EUR,CUST010
6621,2022-02-28,6000,2109.44,EUR,CUST011
6622,2020-04-19,7000,1579.63,EUR,CUST018
6623,2022-06-15,6000,1339.64,EUR,CUST008
6624,2021-12-16,7000,2661.22,EUR,CUST015
6625,2024-04-19,6000,788.25,EUR,CUST008
6626,2022-01-29,7000,4292.16,EUR,CUST002
6627,2023-02-03,6000,271.56,EUR,CUST010
6628,2021-08-20,7000,510.62,EUR,CUST009
6629,2021-02-12,6000,4736.39,EUR,CUST017
6630,2021-07-22,7000,3182.25,EUR,CUST008
6631,2023-11-09,6000,992.57,EUR,CUST014
6632,2023-11-03,7000,383.91,EUR,CUST013
6633,2021-10-03,7000,3885.94,EUR,CUST007
6634,2022-07-19,6000,2560.06,EUR,CUST009
6635,2020-09-24,6000,776.77,EUR,CUST003
6636,2022-06-22,6000,2131.12,EUR,CUST013
6637,2024-05-03,6000,4543.93,EUR,CUST018
6638,2025-02-20,7000,3106.82,EUR,CUST002
6639,2024-11-02,6000,3969.81,EUR,CUST002
6640,2019-11-15,6000,1797.98,EUR,CUST016
6641,2021-01-28,6000,2113.33,EUR,CUST014
6642,2023-05-23,7000,1591.41,EUR,CUST001
6643,2024-04-18,6000,3429.22,EUR,CUST016
6644,2025-06-23,6000,2986.78,EUR,CUST007
6645,2024-06-25,6000,4888.11,EUR,CUST010
6646,2022-11-09,6000,1013.91,EUR,CUST011
6647,2022-05-10,7000,2162.01,EUR,CUST017
6648,2021-07-11,7000,2878.8,EUR,CUST012
6649,2020-05-09,7000,1847.23,EUR,CUST006
6650,2022-02-22,6000,1039.06,EUR,CUST013
6651,2024-04-23,6000,503.38,EUR,CUST011
6652,2022-12-28,7000,741.88,EUR,CUST007
6653,2025-05-12,6000,3055.96,EUR,CUST013
6654,2020-08-02,7000,4516.16,EUR,CUST018
6655,2020-05-24,7000,2167.73,EUR,CUST015
6656,2025-04-12,6000,4827.2,EUR,CUST010
6657,2023-10-18,7000,628.17,EUR,CUST007
6658,2020-07-04,7000,339.56,EUR,CUST001
6659,2021-10-22,7000,2001.87,EUR,CUST012
6660,2022-09-13,6000,745.59,EUR,CUST004
6661,2023-07-20,7000,929.89,EUR,CUST015
6662,2020-10-01,7000,2671.53,EUR,CUST016
6663,2023-07-09,6000,1285.91,EUR,CUST014
6664,2024-10-16,7000,3721.43,EUR,CUST002
6665,2025-06-10,7000,780.56,EUR,CUST017
6666,2023-01-05,7000,4690.36,EUR,CUST003
6667,2025-01-31,7000,167.77,EUR,CUST015
6668,2023-10-23,7000,2534.3,EUR,CUST001
6669,2023-01-10,7000,2006.31,EUR,CUST012
6670,2021-01-17,6000,1621.36,EUR,CUST010
6671,2022-04-10,6000,650.25,EUR,CUST017
6672,2022-08-24,7000,4393.28,EUR,CUST010
6673,2024-03-01,7000,4355.51,EUR,CUST004
6674,2020-05-13,7000,2030.81,EUR,CUST009
6675,2022-07-10,6000,2017.77,EUR,CUST017
6676,2025-01-27,6000,2161.06,EUR,CUST005
6677,2020-01-28,6000,1777.08,EUR,CUST014
6678,2022-06-05,6000,2298.76,EUR,CUST013
6679,2021-11-21,7000,3819.14,EUR,CUST007
6680,2025-05-20,6000,1952.95,EUR,CUST020
6681,2025-03-10,6000,110.73,EUR,CUST003
6682,2021-04-12,7000,4940.89,EUR,CUST001
6683,2023-09-21,7000,1341.23,EUR,CUST009
6684,2020-03-12,7000,3995.91,EUR,CUST007
6685,2024-12-13,6000,4038.77,EUR,CUST010
6686,2019-11-25,7000,4658.98,EUR,CUST020
6687,2021-01-12,6000,1360.39,EUR,CUST005
6688,2025-09-10,7000,1297.52,EUR,CUST016
6689,2024-02-18,6000,200.78,EUR,CUST014
6690,2024-05-03,7000,483.12,EUR,CUST014
6691,2022-04-25,6000,653.41,EUR,CUST016
6692,2024-04-03,6000,1969.33,EUR,CUST019
6693,2020-01-07,6000,3733.38,EUR,CUST013
6694,2022-10-08,6000,4635.13,EUR,CUST019
6695,2025-09-16,6000,1140.65,EUR,CUST012
6696,2020-10-20,7000,4432.01,EUR,CUST012
6697,2025-03-09,7000,960.16,EUR,CUST011
6698,2024-12-24,6000,4518.13,EUR,CUST013
6699,2024-05-09,6000,416.24,EUR,CUST004
6700,2020-02-20,6000,1756.88,EUR,CUST006
6701,2024-12-11,7000,4840.27,EUR,CUST004
6702,2024-04-15,7000,1804.69,EUR,CUST005
6703,2023-04-04,7000,4327.7,EUR,CUST005
6704,2024-01-22,7000,1063.39,EUR,CUST002
6705,2022-01-11,7000,4897.38,EUR,CUST016
6706,2024-01-01,7000,2747.1,EUR,CUST018
6707,2022-12-14,6000,574.62,EUR,CUST019
6708,2020-02-02,7000,4898.51,EUR,CUST014
6709,2021-07-01,7000,2542.17,EUR,CUST011
6710,2022-12-06,6000,4987.49,EUR,CUST002
6711,2024-11-07,7000,1430.73,EUR,CUST010
6712,2024-03-29,6000,2638.85,EUR,CUST012
6713,2022-02-01,6000,4034.81,EUR,CUST003
6714,2022-04-22,6000,810.99,EUR,CUST002
6715,2020-03-22,6000,1958.66,EUR,CUST009
6716,2024-09-24,7000,1317.13,EUR,CUST006
6717,2025-07-03,6000,3961.49,EUR,CUST010
6718,2023-01-10,7000,3960.78,EUR,CUST006
6719,2020-11-21,6000,3210.56,EUR,CUST019
6720,2023-04-14,6000,4927.87,EUR,CUST019
6721,2022-11-12,7000,1175.88,EUR,CUST019
6722,2025-08-25,6000,2292.2,EUR,CUST015
6723,2023-10-15,7000,1701.69,EUR,CUST017
6724,2020-06-01,7000,1973.35,EUR,CUST019
6725,2021-01-02,6000,4142.5,EUR,CUST020
6726,2025-03-02,6000,2310.71,EUR,CUST014
6727,2023-05-03,7000,3107.72,EUR,CUST004
6728,2023-11-09,6000,3759.16,EUR,CUST008
6729,2022-12-04,6000,2339.51,EUR,CUST017
6730,2024-06-03,7000,2869.3,EUR,CUST009
6731,2021-12-31,6000,2164.87,EUR,CUST008
6732,2022-04-16,6000,439.86,EUR,CUST015
6733,2024-04-05,7000,2247.03,EUR,CUST020
6734,2024-11-13,6000,1515.26,EUR,CUST020
6735,2021-12-20,7000,2296.49,EUR,CUST007
6736,2020-12-06,6000,1628.61,EUR,CUST002
6737,2024-05-10,6000,723.94,EUR,CUST013
6738,2023-05-29,7000,2072.66,EUR,CUST009
6739,2022-04-27,7000,947.84,EUR,CUST006
6740,2023-04-13,7000,1623.19,EUR,CUST004
6741,2020-03-01,6000,2360.69,EUR,CUST014
6742,2022-04-25,7000,3900.45,EUR,CUST007
6743,2024-12-28,6000,4594.6,EUR,CUST010
6744,2022-11-25,7000,2721.34,EUR,CUST011
6745,2021-11-21,7000,3098.19,EUR,CUST012
6746,2020-10-02,7000,2287.19,EUR,CUST014
6747,2024-03-08,6000,2194.52,EUR,CUST014
6748,2020-11-20,7000,1089.8,EUR,CUST017
6749,2021-01-26,6000,4020.84,EUR,CUST016
6750,2020-06-30,7000,3168.57,EUR,CUST014
6751,2024-06-22,7000,3136.4,EUR,CUST020
6752,2020-08-28,6000,4226.46,EUR,CUST008
6753,2023-07-01,7000,4083.48,EUR,CUST015
6754,2020-05-31,7000,2872.83,EUR,CUST009
6755,2023-02-03,7000,1719.1,EUR,CUST005
6756,2024-05-21,6000,1216.78,EUR,CUST016
6757,2025-03-15,7000,616.65,EUR,CUST012
6758,2022-10-21,6000,2568.97,EUR,CUST003
6759,2021-06-20,6000,1827.46,EUR,CUST005
6760,2021-10-06,7000,2425.08,EUR,CUST004
6761,2024-12-02,6000,3213.45,EUR,CUST019
6762,2021-02-03,7000,1472.53,EUR,CUST001
6763,2021-07-12,6000,207.45,EUR,CUST012
6764,2021-09-30,7000,2229.12,EUR,CUST016
6765,2022-07-15,6000,4905.85,EUR,CUST005
6766,2023-01-07,7000,2176.39,EUR,CUST009
6767,2019-12-21,6000,4011.41,EUR,CUST008
6768,2020-08-26,6000,4554.44,EUR,CUST017
6769,2021-09-17,7000,3646.71,EUR,CUST018
6770,2022-08-07,6000,2403.73,EUR,CUST014
6771,2024-12-24,7000,4814.66,EUR,CUST013
6772,2021-11-15,6000,4869.09,EUR,CUST019
6773,2020-08-10,7000,2567.48,EUR,CUST012
6774,2022-11-24,6000,3635.1,EUR,CUST020
6775,2021-04-28,6000,2535.59,EUR,CUST018
6776,2023-10-27,6000,1972.09,EUR,CUST016
6777,2023-02-23,6000,1487.71,EUR,CUST012
6778,2022-08-24,6000,2185.9,EUR,CUST012
6779,2020-06-15,7000,4810.37,EUR,CUST016
6780,2020-07-17,7000,2782.88,EUR,CUST006
6781,2021-02-04,7000,4614.52,EUR,CUST017
6782,2022-02-14,6000,4683.09,EUR,CUST009
6783,2023-08-01,7000,4155.6,EUR,CUST015
6784,2020-09-28,7000,2440.91,EUR,CUST011
6785,2024-01-06,7000,1012.42,EUR,CUST011
6786,2023-12-02,7000,1121.88,EUR,CUST013
6787,2020-07-01,7000,4390.18,EUR,CUST007
6788,2024-09-20,7000,2212.68,EUR,CUST001
6789,2022-05-17,6000,1316.26,EUR,CUST012
6790,2021-06-22,6000,3569.88,EUR,CUST004
6791,2022-04-07,7000,4749.05,EUR,CUST015
6792,2020-06-22,6000,4198.95,EUR,CUST014
6793,2022-04-06,6000,3352.84,EUR,CUST019
6794,2021-10-05,6000,1716.04,EUR,CUST015
6795,2024-02-10,6000,660.91,EUR,CUST016
6796,2025-01-04,7000,2113.03,EUR,CUST001
6797,2025-04-25,7000,545.75,EUR,CUST005
6798,2023-09-30,7000,247.9,EUR,CUST008
6799,2020-08-14,7000,234.9,EUR,CUST009
6800,2025-08-14,6000,1465.38,EUR,CUST003
6801,2021-04-09,7000,828.34,EUR,CUST005
6802,2020-04-21,7000,558.0,EUR,CUST013
6803,2022-04-05,6000,3778.79,EUR,CUST013
6804,2020-06-27,6000,1977.67,EUR,CUST016
6805,2025-09-19,6000,2387.18,EUR,CUST006
6806,2022-05-10,7000,1916.35,EUR,CUST001
6807,2021-02-07,7000,992.87,EUR,CUST020
6808,2020-05-30,6000,2660.24,EUR,CUST010
6809,2023-08-31,7000,1192.01,EUR,CUST012
6810,2019-12-09,6000,4564.74,EUR,CUST014
6811,2023-07-05,6000,3979.88,EUR,CUST017
6812,2023-08-29,7000,4725.85,EUR,CUST008
6813,2023-03-19,7000,2817.26,EUR,CUST001
6814,2020-03-29,6000,3473.99,EUR,CUST012
6815,2021-09-26,7000,1186.33,EUR,CUST015
6816,2023-10-06,6000,4577.16,EUR,CUST008
6817,2019-10-17,7000,4295.99,EUR,CUST003
6818,2021-07-09,6000,1798.56,EUR,CUST012
6819,2021-01-21,6000,570.46,EUR,CUST009
6820,2022-12-18,6000,157.13,EUR,CUST016
6821,2020-04-10,7000,4987.47,EUR,CUST017
6822,2023-05-05,7000,3267.98,EUR,CUST010
6823,2019-12-31,7000,2383.72,EUR,CUST004
6824,2021-08-05,6000,1434.39,EUR,CUST010
6825,2020-09-09,7000,2440.24,EUR,CUST019
6826,2025-09-14,7000,4765.09,EUR,CUST006
6827,2020-04-25,6000,826.37,EUR,CUST002
6828,2021-09-20,6000,4247.65,EUR,CUST011
6829,2025-02-25,6000,1843.81,EUR,CUST018
6830,2025-03-10,6000,206.82,EUR,CUST020
6831,2020-05-10,6000,4406.65,EUR,CUST011
6832,2022-01-16,6000,748.2,EUR,CUST011
6833,2024-06-05,7000,1237.28,EUR,CUST016
6834,2022-09-26,6000,3980.69,EUR,CUST010
6835,2024-06-28,6000,1348.35,EUR,CUST017
6836,2023-02-01,7000,3010.54,EUR,CUST018
6837,2020-07-14,7000,1099.69,EUR,CUST008
6838,2023-12-09,6000,2258.42,EUR,CUST014
6839,2021-08-10,7000,4169.36,EUR,CUST007
6840,2021-03-01,7000,2569.7,EUR,CUST007
6841,2019-10-24,6000,1349.44,EUR,CUST010
6842,2023-05-08,6000,3228.16,EUR,CUST010
6843,2025-04-24,6000,2785.54,EUR,CUST015
6844,2025-04-14,7000,2782.62,EUR,CUST008
6845,2022-07-14,7000,1579.45,EUR,CUST005
6846,2020-01-16,7000,3076.82,EUR,CUST006
6847,2023-11-27,7000,792.96,EUR,CUST012
6848,2024-10-21,6000,4723.84,EUR,CUST008
6849,2020-01-31,7000,893.87,EUR,CUST015
6850,2023-06-10,6000,2638.18,EUR,CUST006
6851,2025-01-01,6000,3948.81,EUR,CUST003
6852,2024-01-19,6000,2097.67,EUR,CUST002
6853,2020-09-30,7000,777.98,EUR,CUST013
6854,2024-04-14,7000,910.56,EUR,CUST003
6855,2023-03-16,6000,1065.2,EUR,CUST014
6856,2022-09-06,7000,3012.07,EUR,CUST011
6857,2023-02-20,6000,2121.93,EUR,CUST019
6858,2021-02-27,6000,811.4,EUR,CUST007
6859,2022-04-01,7000,2431.45,EUR,CUST004
6860,2025-04-05,6000,3561.84,EUR,CUST002
6861,2024-01-04,6000,3944.84,EUR,CUST007
6862,2024-03-01,6000,4402.81,EUR,CUST005
6863,2025-09-28,7000,1679.58,EUR,CUST017
6864,2019-11-13,6000,4281.78,EUR,CUST009
6865,2022-07-22,6000,1082.68,EUR,CUST003
6866,2021-06-03,6000,4533.33,EUR,CUST017
6867,2020-04-18,6000,3594.9,EUR,CUST011
6868,2022-02-19,7000,905.88,EUR,CUST016
6869,2025-05-08,6000,4909.13,EUR,CUST005
6870,2024-10-09,7000,3860.79,EUR,CUST005
6871,2022-09-25,6000,4074.55,EUR,CUST010
6872,2022-07-30,7000,2116.57,EUR,CUST003
6873,2022-10-25,6000,4418.62,EUR,CUST013
6874,2023-03-14,7000,3949.28,EUR,CUST018
6875,2025-01-07,6000,2861.73,EUR,CUST015
6876,2023-05-12,7000,3967.64,EUR,CUST018
6877,2025-01-31,6000,2478.47,EUR,CUST019
6878,2020-11-06,7000,1317.02,EUR,CUST018
6879,2024-10-13,7000,1444.03,EUR,CUST008
6880,2024-05-22,7000,1003.15,EUR,CUST012
6881,2022-05-11,6000,2686.58,EUR,CUST004
6882,2021-03-31,7000,937.47,EUR,CUST008
6883,2024-01-05,6000,2221.48,EUR,CUST003
6884,2023-08-08,6000,557.72,EUR,CUST005
6885,2025-02-27,6000,3730.77,EUR,CUST006
6886,2022-08-10,7000,1981.98,EUR,CUST007
6887,2022-05-22,7000,1109.92,EUR,CUST020
6888,2023-02-19,7000,634.03,EUR,CUST014
6889,2024-06-30,7000,1564.94,EUR,CUST008
6890,2020-09-17,6000,4941.5,EUR,CUST016
6891,2022-12-18,6000,2370.3,EUR,CUST001
6892,2020-12-25,6000,1080.07,EUR,CUST014
6893,2021-03-31,7000,2504.9,EUR,CUST014
6894,2024-06-11,7000,109.87,EUR,CUST017
6895,2023-12-19,6000,2967.96,EUR,CUST014
6896,2020-07-29,7000,3255.07,EUR,CUST017
6897,2021-02-24,7000,1347.44,EUR,CUST006
6898,2023-04-25,6000,2384.51,EUR,CUST020
6899,2024-04-13,7000,129.29,EUR,CUST020
6900,2024-09-04,7000,650.67,EUR,CUST009
6901,2020-10-16,7000,3085.48,EUR,CUST004
6902,2024-12-15,7000,2276.77,EUR,CUST015
6903,2020-08-04,6000,1867.05,EUR,CUST015
6904,2019-12-31,7000,4378.52,EUR,CUST019
6905,2020-08-20,6000,2945.67,EUR,CUST012
6906,2025-07-04,6000,1852.48,EUR,CUST013
6907,2024-08-12,6000,3138.67,EUR,CUST020
6908,2025-02-13,6000,2116.95,EUR,CUST014
6909,2023-12-03,6000,2555.27,EUR,CUST004
6910,2024-03-30,7000,1144.44,EUR,CUST015
6911,2019-10-09,6000,500.16,EUR,CUST007
6912,2023-02-21,7000,3508.11,EUR,CUST016
6913,2020-04-01,7000,2468.39,EUR,CUST007
6914,2023-09-01,6000,2394.56,EUR,CUST006
6915,2020-01-10,7000,4046.67,EUR,CUST020
6916,2021-07-28,6000,2275.84,EUR,CUST006
6917,2021-01-14,7000,1311.74,EUR,CUST005
6918,2021-04-20,7000,599.17,EUR,CUST005
6919,2024-06-18,7000,4312.73,EUR,CUST019
6920,2022-04-23,7000,4611.73,EUR,CUST005
6921,2022-07-10,7000,2889.47,EUR,CUST015
6922,2023-04-29,6000,458.67,EUR,CUST001
6923,2024-06-27,6000,3582.67,EUR,CUST012
6924,2022-12-14,7000,4869.17,EUR,CUST002
6925,2023-11-04,7000,4886.46,EUR,CUST009
6926,2021-07-14,6000,4496.84,EUR,CUST015
6927,2021-01-08,6000,4916.95,EUR,CUST008
6928,2019-12-21,7000,425.86,EUR,CUST003
6929,2025-04-12,7000,4298.88,EUR,CUST016
6930,2023-12-04,7000,1767.23,EUR,CUST020
6931,2025-07-02,7000,940.48,EUR,CUST003
6932,2023-04-23,7000,2889.84,EUR,CUST003
6933,2025-08-21,6000,2420.66,EUR,CUST007
6934,2024-08-14,6000,2347.68,EUR,CUST005
6935,2022-08-21,6000,3857.92,EUR,CUST014
6936,2025-07-08,7000,1942.52,EUR,CUST001
6937,2022-09-09,6000,2241.34,EUR,CUST016
6938,2020-04-30,6000,4416.15,EUR,CUST020
6939,2025-07-05,6000,874.33,EUR,CUST007
6940,2022-07-22,7000,2344.75,EUR,CUST013
6941,2021-03-03,6000,4760.62,EUR,CUST015
6942,2024-05-05,6000,3053.64,EUR,CUST020
6943,2020-05-23,7000,1875.96,EUR,CUST004
6944,2020-05-09,7000,2499.68,EUR,CUST004
6945,2021-02-25,7000,4761.96,EUR,CUST007
6946,2023-01-24,6000,2146.52,EUR,CUST004
6947,2022-09-28,7000,818.48,EUR,CUST005
6948,2025-06-01,6000,2658.49,EUR,CUST011
6949,2023-03-07,7000,1646.76,EUR,CUST019
6950,2022-04-16,7000,4768.28,EUR,CUST014
6951,2020-10-05,6000,3202.52,EUR,CUST007
6952,2020-10-07,7000,989.45,EUR,CUST019
6953,2025-01-21,6000,3539.02,EUR,CUST018
6954,2020-05-12,6000,1674.46,EUR,CUST010
6955,2021-04-14,6000,4993.92,EUR,CUST003
6956,2021-12-28,6000,4748.7,EUR,CUST005
6957,2020-10-27,7000,214.62,EUR,CUST014
6958,2022-03-23,7000,460.68,EUR,CUST008
6959,2022-08-08,6000,393.39,EUR,CUST019
6960,2022-01-26,6000,4195.9,EUR,CUST019
6961,2024-07-21,7000,1901.55,EUR,CUST014
6962,2022-03-29,6000,4159.07,EUR,CUST007
6963,2020-08-02,7000,3024.91,EUR,CUST009
6964,2020-08-23,7000,2661.72,EUR,CUST008
6965,2021-05-31,7000,1457.12,EUR,CUST013
6966,2024-10-09,7000,4845.22,EUR,CUST005
6967,2021-07-08,7000,1958.98,EUR,CUST013
6968,2024-04-15,7000,161.22,EUR,CUST018
6969,2021-12-21,6000,3908.78,EUR,CUST005
6970,2024-03-26,7000,3037.1,EUR,CUST001
6971,2024-05-21,7000,3712.29,EUR,CUST020
6972,2022-02-22,6000,2526.49,EUR,CUST012
6973,2024-10-23,7000,1557.61,EUR,CUST011
6974,2021-10-05,7000,1052.26,EUR,CUST016
6975,2022-12-04,6000,4667.93,EUR,CUST004
6976,2023-05-28,7000,788.83,EUR,CUST016
6977,2024-06-09,7000,3529.62,EUR,CUST006
6978,2020-07-10,7000,2704.77,EUR,CUST003
6979,2023-09-19,6000,3458.02,EUR,CUST002
6980,2024-07-22,6000,2818.85,EUR,CUST003
6981,2024-10-09,7000,4586.86,EUR,CUST009
6982,2024-01-17,7000,347.96,EUR,CUST020
6983,2022-01-15,6000,882.98,EUR,CUST012
6984,2024-06-12,7000,263.23,EUR,CUST002
6985,2025-07-11,6000,2260.36,EUR,CUST005
6986,2023-02-16,7000,4831.37,EUR,CUST015
6987,2025-02-25,6000,851.38,EUR,CUST017
6988,2024-09-30,6000,4752.26,EUR,CUST020
6989,2019-12-21,7000,4451.62,EUR,CUST005
6990,2023-12-28,6000,1137.87,EUR,CUST018
6991,2020-01-31,7000,945.58,EUR,CUST017
6992,2024-08-13,7000,991.93,EUR,CUST007
6993,2019-11-10,7000,838.81,EUR,CUST016
6994,2024-04-22,7000,3492.81,EUR,CUST018
6995,2019-10-11,7000,3883.25,EUR,CUST020
6996,2023-03-31,6000,3706.0,EUR,CUST015
6997,2022-08-21,6000,517.14,EUR,CUST009
6998,2024-08-31,7000,2734.62,EUR,CUST006
6999,2025-06-12,7000,668.52,EUR,CUST020
7000,2024-02-25,7000,4814.32,EUR,CUST005
7001,2023-01-10,7000,1395.9,EUR,CUST002
7002,2021-11-15,7000,4203.91,EUR,CUST017
7003,2023-12-28,6000,3686.52,EUR,CUST013
7004,2022-04-10,6000,4928.84,EUR,CUST019
7005,2021-05-11,7000,1744.04,EUR,CUST003
7006,2020-06-18,7000,1275.34,EUR,CUST004
7007,2020-09-24,7000,4830.83,EUR,CUST015
7008,2021-06-22,6000,4835.41,EUR,CUST012
7009,2019-10-27,6000,4959.05,EUR,CUST015
7010,2024-12-17,7000,4921.76,EUR,CUST011
7011,2023-10-26,6000,909.77,EUR,CUST017
7012,2022-04-06,6000,870.33,EUR,CUST014
7013,2024-06-01,6000,4782.44,EUR,CUST009
7014,2020-11-23,6000,3207.19,EUR,CUST009
7015,2025-03-01,7000,1580.21,EUR,CUST017
7016,2020-07-08,7000,792.6,EUR,CUST019
7017,2024-01-12,6000,4439.55,EUR,CUST012
7018,2024-08-08,6000,4243.91,EUR,CUST007
7019,2021-08-25,6000,3779.52,EUR,CUST007
7020,2020-01-28,6000,2437.49,EUR,CUST017
7021,2024-06-07,7000,591.58,EUR,CUST011
7022,2022-01-10,7000,1500.41,EUR,CUST019
7023,2020-10-14,6000,4903.89,EUR,CUST001
7024,2021-07-03,7000,4694.67,EUR,CUST016
7025,2024-12-19,6000,2708.87,EUR,CUST003
7026,2023-09-17,6000,4420.55,EUR,CUST017
7027,2025-04-16,6000,2943.71,EUR,CUST010
7028,2020-10-16,6000,2377.91,EUR,CUST004
7029,2021-03-31,6000,3945.04,EUR,CUST009
7030,2024-06-21,7000,4308.57,EUR,CUST020
7031,2023-11-22,6000,2889.65,EUR,CUST001
7032,2023-02-07,6000,1502.23,EUR,CUST004
7033,2021-03-25,6000,4058.53,EUR,CUST015
7034,2022-02-16,7000,1320.33,EUR,CUST020
7035,2022-09-20,6000,1348.79,EUR,CUST018
7036,2025-05-14,6000,352.92,EUR,CUST002
7037,2022-03-10,6000,3078.87,EUR,CUST006
7038,2021-07-10,7000,1848.23,EUR,CUST005
7039,2023-02-02,6000,800.95,EUR,CUST014
7040,2024-07-31,7000,699.33,EUR,CUST020
7041,2021-01-02,7000,4684.25,EUR,CUST017
7042,2019-10-23,6000,407.47,EUR,CUST001
7043,2025-06-09,7000,867.96,EUR,CUST015
7044,2025-03-25,7000,240.02,EUR,CUST002
7045,2022-07-08,6000,860.68,EUR,CUST007
7046,2019-10-22,6000,2382.75,EUR,CUST009
7047,2023-03-30,7000,3087.83,EUR,CUST007
7048,2022-02-15,6000,3113.66,EUR,CUST020
7049,2020-08-24,7000,568.46,EUR,CUST017
7050,2021-07-11,6000,455.05,EUR,CUST017
7051,2020-02-06,6000,1932.29,EUR,CUST020
7052,2023-06-30,6000,872.16,EUR,CUST003
7053,2020-06-23,7000,3220.94,EUR,CUST007
7054,2022-11-04,6000,284.31,EUR,CUST020
7055,2020-04-24,7000,3358.38,EUR,CUST018
7056,2021-01-11,6000,994.38,EUR,CUST019
7057,2022-01-27,7000,4287.52,EUR,CUST002
7058,2023-09-11,7000,4218.85,EUR,CUST010
7059,2021-04-03,6000,4630.95,EUR,CUST017
7060,2021-05-12,7000,1054.17,EUR,CUST002
7061,2020-10-08,7000,3907.7,EUR,CUST010
7062,2021-01-08,7000,2490.66,EUR,CUST012
7063,2024-09-22,6000,4879.53,EUR,CUST011
7064,2019-11-26,7000,3707.73,EUR,CUST006
7065,2021-03-31,7000,2446.31,EUR,CUST010
7066,2023-06-09,7000,2266.45,EUR,CUST007
7067,2025-01-03,7000,3538.21,EUR,CUST010
7068,2024-03-16,6000,4968.95,EUR,CUST012
7069,2024-04-12,6000,1145.6,EUR,CUST007
7070,2025-08-25,7000,2103.39,EUR,CUST011
7071,2024-06-04,7000,2307.46,EUR,CUST009
7072,2021-06-18,6000,4274.7,EUR,CUST017
7073,2021-11-29,6000,754.1,EUR,CUST013
7074,2020-08-06,6000,1889.83,EUR,CUST011
7075,2021-09-12,6000,1733.15,EUR,CUST002
7076,2021-05-16,6000,3450.7,EUR,CUST008
7077,2023-04-07,7000,1727.46,EUR,CUST007
7078,2022-04-29,7000,3551.44,EUR,CUST007
7079,2020-03-11,7000,4154.14,EUR,CUST005
7080,2022-12-13,6000,1659.45,EUR,CUST012
7081,2025-04-14,7000,3574.86,EUR,CUST009
7082,2024-12-15,7000,1604.88,EUR,CUST008
7083,2020-05-02,6000,1084.9,EUR,CUST004
7084,2024-10-19,7000,919.04,EUR,CUST010
7085,2020-09-18,7000,4499.27,EUR,CUST013
7086,2024-04-25,6000,1751.39,EUR,CUST013
7087,2024-09-19,6000,520.09,EUR,CUST008
7088,2021-08-04,6000,303.22,EUR,CUST005
7089,2021-07-01,7000,2213.38,EUR,CUST007
7090,2022-11-02,7000,4167.67,EUR,CUST015
7091,2021-02-01,6000,4492.76,EUR,CUST009
7092,2023-11-14,7000,1169.51,EUR,CUST014
7093,2025-08-21,6000,4642.36,EUR,CUST018
7094,2022-06-04,7000,2595.8,EUR,CUST007
7095,2022-09-22,7000,3212.22,EUR,CUST001
7096,2021-08-27,6000,4717.38,EUR,CUST016
7097,2025-02-21,7000,2184.17,EUR,CUST012
7098,2025-02-23,6000,4770.32,EUR,CUST009
7099,2024-11-04,6000,3549.56,EUR,CUST007
7100,2021-08-25,7000,3890.74,EUR,CUST012
7101,2024-12-10,7000,3075.87,EUR,CUST003
7102,2021-05-31,6000,3011.82,EUR,CUST003
7103,2025-03-22,7000,3630.41,EUR,CUST015
7104,2024-06-24,6000,2586.26,EUR,CUST004
7105,2022-04-22,6000,4582.18,EUR,CUST004
7106,2024-11-14,7000,2536.34,EUR,CUST001
7107,2025-02-06,7000,125.25,EUR,CUST002
7108,2023-07-25,7000,522.98,EUR,CUST009
7109,2022-09-08,6000,1797.15,EUR,CUST017
7110,2024-09-29,7000,4261.09,EUR,CUST008
7111,2024-11-18,7000,4483.78,EUR,CUST003
7112,2025-04-17,6000,459.25,EUR,CUST015
7113,2023-08-05,7000,190.18,EUR,CUST013
7114,2022-02-10,7000,1167.03,EUR,CUST013
7115,2023-05-26,6000,2218.15,EUR,CUST008
7116,2020-01-05,6000,769.83,EUR,CUST007
7117,2023-04-27,6000,781.85,EUR,CUST002
7118,2024-05-13,6000,4560.79,EUR,CUST006
7119,2021-09-16,7000,1334.4,EUR,CUST001
7120,2023-12-13,7000,348.74,EUR,CUST007
7121,2022-06-22,7000,1509.57,EUR,CUST001
7122,2022-09-29,7000,3359.16,EUR,CUST012
7123,2022-03-07,7000,657.79,EUR,CUST002
7124,2024-08-06,7000,543.68,EUR,CUST010
7125,2020-05-11,7000,4170.72,EUR,CUST016
7126,2020-08-10,6000,410.54,EUR,CUST004
7127,2025-06-14,6000,1206.16,EUR,CUST006
7128,2020-10-19,6000,4252.8,EUR,CUST005
7129,2023-07-21,6000,527.22,EUR,CUST001
7130,2020-10-03,6000,4367.5,EUR,CUST005
7131,2025-03-12,6000,4472.07,EUR,CUST019
7132,2019-12-30,7000,418.17,EUR,CUST009
7133,2022-11-05,7000,3088.65,EUR,CUST016
7134,2020-10-20,6000,3328.17,EUR,CUST013
7135,2024-12-18,7000,3713.84,EUR,CUST011
7136,2024-05-01,6000,4526.28,EUR,CUST006
7137,2020-01-05,7000,3976.43,EUR,CUST020
7138,2023-07-09,6000,476.05,EUR,CUST017
7139,2023-06-20,6000,1430.09,EUR,CUST013
7140,2020-09-23,7000,1148.12,EUR,CUST001
7141,2022-02-24,6000,2045.17,EUR,CUST009
7142,2020-08-14,6000,1635.29,EUR,CUST013
7143,2019-10-22,7000,2544.74,EUR,CUST016
7144,2022-03-31,7000,3513.05,EUR,CUST016
7145,2020-10-03,7000,498.55,EUR,CUST007
7146,2025-01-31,6000,4820.9,EUR,CUST011
7147,2020-11-19,7000,356.7,EUR,CUST005
7148,2021-09-02,7000,1063.37,EUR,CUST004
7149,2019-10-03,6000,4354.15,EUR,CUST009
7150,2022-12-27,7000,4407.54,EUR,CUST020
7151,2022-03-16,6000,218.02,EUR,CUST017
7152,2025-07-05,7000,1045.74,EUR,CUST001
7153,2023-11-17,6000,1291.18,EUR,CUST002
7154,2025-04-24,7000,3019.61,EUR,CUST015
7155,2021-02-02,6000,2608.37,EUR,CUST012
7156,2021-10-17,7000,2360.14,EUR,CUST020
7157,2025-09-01,6000,436.14,EUR,CUST013
7158,2024-02-10,6000,3717.35,EUR,CUST018
7159,2019-10-04,7000,4516.13,EUR,CUST010
7160,2022-12-05,6000,4851.38,EUR,CUST014
7161,2021-02-19,6000,582.08,EUR,CUST016
7162,2022-12-05,7000,4690.4,EUR,CUST003
7163,2024-09-20,6000,533.44,EUR,CUST009
7164,2022-03-05,6000,4659.94,EUR,CUST017
7165,2021-06-11,6000,108.23,EUR,CUST020
7166,2022-01-14,6000,3236.72,EUR,CUST020
7167,2020-05-08,7000,569.21,EUR,CUST015
7168,2025-09-06,7000,2991.61,EUR,CUST017
7169,2024-12-01,7000,3237.92,EUR,CUST010
7170,2025-03-13,7000,3859.3,EUR,CUST008
7171,2023-04-16,7000,4395.13,EUR,CUST004
7172,2024-11-17,6000,755.58,EUR,CUST019
7173,2020-07-27,6000,2212.37,EUR,CUST009
7174,2020-04-02,6000,3581.87,EUR,CUST014
7175,2020-04-23,6000,3661.35,EUR,CUST018
7176,2025-04-01,7000,836.14,EUR,CUST019
7177,2023-07-27,7000,1519.66,EUR,CUST005
7178,2020-12-02,6000,546.28,EUR,CUST017
7179,2019-10-22,7000,1482.47,EUR,CUST015
7180,2022-05-01,7000,1612.66,EUR,CUST017
7181,2023-01-23,6000,3562.91,EUR,CUST001
7182,2022-08-17,7000,2680.77,EUR,CUST004
7183,2021-08-26,6000,1803.37,EUR,CUST012
7184,2022-08-04,6000,3869.48,EUR,CUST009
7185,2021-03-20,6000,3731.92,EUR,CUST001
7186,2023-02-01,6000,401.49,EUR,CUST017
7187,2022-02-24,7000,4402.09,EUR,CUST016
7188,2020-09-11,7000,2220.25,EUR,CUST019
7189,2022-01-24,6000,3295.8,EUR,CUST010
7190,2020-03-12,7000,2743.7,EUR,CUST002
7191,2025-05-21,6000,4662.51,EUR,CUST001
7192,2023-03-18,7000,801.05,EUR,CUST002
7193,2020-12-18,7000,3954.01,EUR,CUST019
7194,2024-04-10,6000,3332.32,EUR,CUST017
7195,2021-01-31,6000,821.2,EUR,CUST008
7196,2025-03-01,6000,3665.98,EUR,CUST019
7197,2023-07-02,7000,432.66,EUR,CUST007
7198,2020-10-10,6000,438.07,EUR,CUST018
7199,2019-12-27,6000,4065.92,EUR,CUST016
7200,2021-03-01,6000,1487.02,EUR,CUST008
7201,2023-07-29,7000,4731.56,EUR,CUST014
7202,2024-06-12,7000,4028.78,EUR,CUST001
7203,2020-04-10,6000,3462.68,EUR,CUST009
7204,2025-09-03,7000,276.23,EUR,CUST005
7205,2022-01-08,7000,4076.15,EUR,CUST007
7206,2020-03-28,6000,1837.91,EUR,CUST014
7207,2022-08-24,6000,1838.66,EUR,CUST011
7208,2025-04-02,6000,1707.59,EUR,CUST008
7209,2020-10-04,7000,163.28,EUR,CUST002
7210,2022-05-26,6000,1360.06,EUR,CUST012
7211,2022-01-24,7000,2850.22,EUR,CUST013
7212,2021-11-15,7000,4698.85,EUR,CUST009
7213,2022-08-27,6000,1320.48,EUR,CUST017
7214,2024-04-01,7000,2787.71,EUR,CUST010
7215,2022-10-26,6000,4607.87,EUR,CUST007
7216,2022-01-30,7000,257.79,EUR,CUST008
7217,2024-04-28,6000,3619.22,EUR,CUST004
7218,2021-03-19,6000,2052.22,EUR,CUST011
7219,2019-12-31,6000,265.72,EUR,CUST013
7220,2020-07-30,7000,2490.26,EUR,CUST008
7221,2025-06-15,7000,2656.56,EUR,CUST012
7222,2025-07-17,6000,273.86,EUR,CUST017
7223,2023-09-02,7000,2022.19,EUR,CUST010
7224,2020-08-18,7000,3707.75,EUR,CUST018
7225,2023-10-26,6000,599.6,EUR,CUST020
7226,2020-07-22,6000,4712.14,EUR,CUST017
7227,2020-06-06,7000,249.65,EUR,CUST015
7228,2024-04-04,6000,4772.32,EUR,CUST010
7229,2025-05-26,6000,3210.3,EUR,CUST014
7230,2024-07-18,6000,3261.36,EUR,CUST018
7231,2024-09-05,6000,2408.11,EUR,CUST002
7232,2025-02-19,7000,2588.25,EUR,CUST019
7233,2021-10-20,6000,821.6,EUR,CUST009
7234,2021-10-31,7000,4580.89,EUR,CUST001
7235,2023-06-15,6000,3661.27,EUR,CUST014
7236,2024-10-27,6000,2970.31,EUR,CUST001
7237,2020-11-07,6000,1907.62,EUR,CUST017
7238,2024-01-06,7000,4785.65,EUR,CUST008
7239,2020-01-19,7000,2595.96,EUR,CUST007
7240,2024-07-10,6000,656.66,EUR,CUST018
7241,2022-10-11,7000,2271.59,EUR,CUST019
7242,2022-10-18,7000,3782.76,EUR,CUST014
7243,2024-02-14,7000,886.3,EUR,CUST016
7244,2025-03-02,6000,4209.31,EUR,CUST010
7245,2021-09-04,7000,4291.59,EUR,CUST013
7246,2020-12-20,6000,2153.47,EUR,CUST010
7247,2025-04-28,7000,4275.17,EUR,CUST020
7248,2020-03-07,7000,1956.15,EUR,CUST019
7249,2019-12-04,6000,3037.86,EUR,CUST015
7250,2023-03-05,6000,3337.6,EUR,CUST018
7251,2021-01-29,6000,654.63,EUR,CUST013
7252,2024-05-16,6000,2699.34,EUR,CUST017
7253,2022-06-27,7000,369.27,EUR,CUST016
7254,2022-07-20,7000,328.72,EUR,CUST006
7255,2021-03-21,6000,846.14,EUR,CUST018
7256,2020-10-30,7000,546.2,EUR,CUST001
7257,2025-07-28,6000,2683.91,EUR,CUST018
7258,2020-08-05,6000,3074.83,EUR,CUST018
7259,2020-03-05,6000,2744.86,EUR,CUST012
7260,2021-10-21,6000,4418.37,EUR,CUST011
7261,2020-10-10,7000,4107.74,EUR,CUST010
7262,2023-11-15,6000,3877.79,EUR,CUST015
7263,2019-12-09,6000,1552.63,EUR,CUST011
7264,2020-04-12,7000,2889.89,EUR,CUST019
7265,2024-03-11,7000,512.28,EUR,CUST002
7266,2023-10-23,6000,2217.17,EUR,CUST019
7267,2023-05-03,6000,3185.48,EUR,CUST011
7268,2020-10-20,7000,1136.57,EUR,CUST007
7269,2024-04-29,7000,3317.06,EUR,CUST011
7270,2023-04-01,7000,1792.12,EUR,CUST014
7271,2020-08-31,7000,1920.5,EUR,CUST020
7272,2022-03-28,6000,2453.46,EUR,CUST016
7273,2020-09-01,7000,1577.74,EUR,CUST006
7274,2023-12-15,6000,381.96,EUR,CUST005
7275,2025-07-04,7000,4837.52,EUR,CUST001
7276,2025-06-25,7000,1213.72,EUR,CUST017
7277,2020-06-19,7000,3772.54,EUR,CUST005
7278,2024-04-26,7000,2051.71,EUR,CUST011
7279,2025-09-21,6000,554.59,EUR,CUST020
7280,2025-05-26,6000,2765.68,EUR,CUST005
7281,2025-05-30,6000,2417.18,EUR,CUST003
7282,2023-04-18,6000,184.04,EUR,CUST009
7283,2022-08-22,6000,3856.88,EUR,CUST009
7284,2020-08-19,6000,3187.76,EUR,CUST012
7285,2021-09-30,6000,4621.17,EUR,CUST020
7286,2024-04-17,6000,938.96,EUR,CUST018
7287,2024-06-06,7000,1757.99,EUR,CUST020
7288,2023-01-17,7000,744.18,EUR,CUST009
7289,2023-10-13,6000,4793.18,EUR,CUST017
7290,2024-12-15,6000,150.96,EUR,CUST008
7291,2022-04-21,6000,4183.08,EUR,CUST006
7292,2024-01-12,6000,923.14,EUR,CUST016
7293,2025-02-07,7000,2700.46,EUR,CUST007
7294,2023-05-03,6000,3756.16,EUR,CUST012
7295,2021-06-26,7000,2259.61,EUR,CUST018
7296,2019-11-17,7000,2081.04,EUR,CUST017
7297,2019-10-13,7000,3231.76,EUR,CUST001
7298,2024-01-15,6000,301.37,EUR,CUST007
7299,2022-07-26,7000,308.6,EUR,CUST019
7300,2022-04-13,7000,1779.67,EUR,CUST015
7301,2024-09-27,7000,3098.49,EUR,CUST003
7302,2019-10-14,6000,3945.37,EUR,CUST002
7303,2020-01-10,7000,1804.02,EUR,CUST004
7304,2022-02-11,6000,895.42,EUR,CUST009
7305,2024-02-02,7000,2515.01,EUR,CUST002
7306,2024-05-11,7000,2040.96,EUR,CUST004
7307,2023-06-02,6000,4113.49,EUR,CUST010
7308,2024-12-09,6000,3810.99,EUR,CUST016
7309,2020-06-23,7000,2036.2,EUR,CUST008
7310,2020-01-18,6000,2350.13,EUR,CUST016
7311,2025-06-06,7000,2039.41,EUR,CUST010
7312,2021-06-13,7000,3030.66,EUR,CUST017
7313,2019-11-06,6000,1700.41,EUR,CUST015
7314,2025-09-10,6000,2761.24,EUR,CUST019
7315,2022-09-19,6000,4657.3,EUR,CUST012
7316,2020-03-08,6000,1420.67,EUR,CUST017
7317,2023-07-06,7000,3354.4,EUR,CUST011
7318,2025-01-31,7000,242.9,EUR,CUST005
7319,2020-08-27,7000,1128.86,EUR,CUST007
7320,2025-03-21,6000,391.28,EUR,CUST014
7321,2021-10-30,7000,2823.82,EUR,CUST005
7322,2025-07-28,7000,1926.53,EUR,CUST012
7323,2021-05-07,7000,439.75,EUR,CUST020
7324,2024-08-30,7000,4136.92,EUR,CUST014
7325,2022-12-29,7000,2649.04,EUR,CUST017
7326,2024-02-23,6000,3827.18,EUR,CUST006
7327,2023-06-08,7000,3875.61,EUR,CUST011
7328,2021-05-03,7000,1616.63,EUR,CUST016
7329,2024-04-11,6000,511.17,EUR,CUST019
7330,2023-05-15,6000,4447.33,EUR,CUST001
7331,2021-01-18,6000,2276.13,EUR,CUST020
7332,2024-08-29,6000,3829.86,EUR,CUST010
7333,2020-02-24,7000,4305.44,EUR,CUST008
7334,2024-12-23,7000,2592.68,EUR,CUST001
7335,2020-12-06,6000,3693.21,EUR,CUST013
7336,2022-01-18,6000,4945.18,EUR,CUST002
7337,2025-02-18,7000,3951.55,EUR,CUST015
7338,2025-05-26,7000,3635.25,EUR,CUST012
7339,2023-03-06,6000,1550.21,EUR,CUST010
7340,2024-09-27,6000,1758.7,EUR,CUST006
7341,2023-07-09,7000,1824.15,EUR,CUST007
7342,2021-09-29,6000,1661.99,EUR,CUST003
7343,2024-06-04,6000,4446.63,EUR,CUST016
7344,2020-08-15,7000,4911.47,EUR,CUST011
7345,2023-10-01,6000,1836.33,EUR,CUST001
7346,2025-05-28,6000,4254.09,EUR,CUST016
7347,2022-01-14,7000,1444.63,EUR,CUST005
7348,2021-12-28,7000,1636.62,EUR,CUST011
7349,2023-07-04,6000,1851.0,EUR,CUST017
7350,2025-04-02,7000,2656.17,EUR,CUST006
7351,2025-03-22,7000,464.02,EUR,CUST006
7352,2025-05-26,7000,323.04,EUR,CUST012
7353,2019-10-28,6000,2580.86,EUR,CUST001
7354,2021-03-10,6000,785.3,EUR,CUST007
7355,2022-10-18,6000,1464.61,EUR,CUST001
7356,2025-05-03,7000,4177.02,EUR,CUST018
7357,2024-01-07,7000,4382.41,EUR,CUST004
7358,2025-08-31,6000,1591.52,EUR,CUST006
7359,2024-08-10,7000,4704.73,EUR,CUST009
7360,2022-01-15,6000,4075.94,EUR,CUST014
7361,2024-08-18,6000,1448.95,EUR,CUST016
7362,2023-02-15,6000,4636.11,EUR,CUST012
7363,2023-07-03,6000,732.39,EUR,CUST019
7364,2022-12-25,7000,239.59,EUR,CUST016
7365,2024-01-10,6000,1719.41,EUR,CUST020
7366,2023-07-16,7000,3084.1,EUR,CUST012
7367,2020-01-21,6000,4378.64,EUR,CUST004
7368,2022-05-02,6000,4653.2,EUR,CUST008
7369,2020-11-07,6000,2920.58,EUR,CUST011
7370,2021-03-05,7000,1895.74,EUR,CUST016
7371,2021-10-08,7000,368.8,EUR,CUST007
7372,2023-10-01,6000,3697.84,EUR,CUST013
7373,2024-09-07,7000,2979.18,EUR,CUST017
7374,2020-04-04,6000,2473.82,EUR,CUST009
7375,2025-05-17,7000,1800.59,EUR,CUST010
7376,2019-12-07,7000,3211.31,EUR,CUST017
7377,2020-01-14,7000,3518.07,EUR,CUST007
7378,2024-08-06,7000,907.88,EUR,CUST019
7379,2022-05-18,7000,1578.35,EUR,CUST009
7380,2021-10-25,6000,4877.55,EUR,CUST011
7381,2021-09-11,6000,1938.17,EUR,CUST011
7382,2023-11-19,7000,541.38,EUR,CUST004
7383,2024-11-13,7000,2252.82,EUR,CUST003
7384,2025-02-14,7000,641.53,EUR,CUST018
7385,2021-11-08,7000,2960.78,EUR,CUST004
7386,2020-12-13,7000,3836.8,EUR,CUST013
7387,2020-07-13,6000,3425.47,EUR,CUST013
7388,2022-05-11,7000,290.15,EUR,CUST003
7389,2023-08-24,6000,3037.95,EUR,CUST019
7390,2024-11-02,6000,3582.05,EUR,CUST006
7391,2019-10-17,6000,3474.33,EUR,CUST017
7392,2020-07-21,7000,1686.14,EUR,CUST020
7393,2021-07-18,6000,3978.64,EUR,CUST007
7394,2023-03-10,6000,2049.57,EUR,CUST011
7395,2021-02-24,7000,3711.53,EUR,CUST012
7396,2025-05-28,7000,731.9,EUR,CUST013
7397,2020-01-09,6000,2704.77,EUR,CUST003
7398,2023-05-09,6000,1879.04,EUR,CUST007
7399,2023-01-22,7000,609.65,EUR,CUST009
7400,2025-03-06,6000,3493.94,EUR,CUST015
7401,2024-04-12,6000,4870.27,EUR,CUST019
7402,2020-03-05,6000,153.45,EUR,CUST008
7403,2021-12-02,7000,3798.6,EUR,CUST003
7404,2022-05-16,6000,2624.18,EUR,CUST019
7405,2020-04-23,6000,290.73,EUR,CUST003
7406,2021-07-23,7000,4458.1,EUR,CUST003
7407,2024-06-29,6000,3989.7,EUR,CUST002
7408,2023-04-18,7000,2489.54,EUR,CUST007
7409,2023-10-12,6000,1472.98,EUR,CUST002
7410,2021-01-21,6000,1119.15,EUR,CUST010
7411,2019-11-29,7000,4947.01,EUR,CUST004
7412,2022-02-09,6000,311.32,EUR,CUST015
7413,2021-04-27,7000,1940.95,EUR,CUST001
7414,2025-01-10,6000,4435.88,EUR,CUST005
7415,2022-08-12,7000,3205.46,EUR,CUST006
7416,2021-02-13,6000,3032.39,EUR,CUST003
7417,2023-03-03,7000,833.73,EUR,CUST018
7418,2021-09-14,6000,4431.79,EUR,CUST018
7419,2023-03-03,7000,1790.82,EUR,CUST010
7420,2020-06-05,7000,2597.0,EUR,CUST004
7421,2025-07-20,6000,2668.67,EUR,CUST017
7422,2023-11-11,7000,3894.39,EUR,CUST001
7423,2024-10-08,7000,1209.4,EUR,CUST003
7424,2022-05-11,6000,4813.89,EUR,CUST009
7425,2023-04-08,7000,800.6,EUR,CUST015
7426,2023-07-04,6000,4119.31,EUR,CUST008
7427,2021-05-08,7000,2919.4,EUR,CUST018
7428,2019-10-11,6000,1766.84,EUR,CUST003
7429,2020-12-23,6000,2309.39,EUR,CUST012
7430,2019-12-20,7000,4829.58,EUR,CUST002
7431,2024-05-07,6000,704.51,EUR,CUST006
7432,2021-03-08,7000,2561.87,EUR,CUST016
7433,2023-06-14,7000,4271.02,EUR,CUST017
7434,2022-05-03,6000,2954.37,EUR,CUST014
7435,2024-06-25,7000,781.15,EUR,CUST007
7436,2023-12-31,7000,4818.66,EUR,CUST001
7437,2022-09-16,6000,761.22,EUR,CUST008
7438,2025-04-21,6000,3241.25,EUR,CUST017
7439,2025-07-17,7000,2388.77,EUR,CUST001
7440,2022-02-15,7000,2389.75,EUR,CUST012
7441,2024-03-15,7000,349.61,EUR,CUST002
7442,2021-08-12,6000,4688.92,EUR,CUST004
7443,2023-01-06,6000,798.46,EUR,CUST006
7444,2023-04-30,7000,936.53,EUR,CUST007
7445,2022-07-10,7000,4850.94,EUR,CUST020
7446,2021-03-11,6000,1487.9,EUR,CUST003
7447,2022-02-22,7000,4355.74,EUR,CUST014
7448,2022-07-18,6000,3869.23,EUR,CUST005
7449,2025-04-24,6000,1175.92,EUR,CUST004
7450,2023-05-15,6000,1176.32,EUR,CUST011
7451,2024-11-16,7000,573.44,EUR,CUST010
7452,2022-08-29,6000,4418.18,EUR,CUST009
7453,2024-10-26,6000,4208.2,EUR,CUST018
7454,2021-08-11,6000,1931.37,EUR,CUST001
7455,2020-09-30,6000,2614.32,EUR,CUST018
7456,2025-03-11,7000,4225.99,EUR,CUST007
7457,2020-09-11,6000,1772.73,EUR,CUST002
7458,2023-10-19,6000,3214.38,EUR,CUST014
7459,2024-11-25,6000,4789.71,EUR,CUST013
7460,2022-05-30,7000,888.51,EUR,CUST003
7461,2021-08-29,7000,2430.01,EUR,CUST001
7462,2022-07-24,6000,3819.82,EUR,CUST015
7463,2023-02-24,7000,3798.1,EUR,CUST004
7464,2023-04-22,7000,1694.95,EUR,CUST012
7465,2023-12-28,7000,1821.02,EUR,CUST009
7466,2024-03-15,6000,186.34,EUR,CUST001
7467,2023-12-19,6000,406.29,EUR,CUST010
7468,2022-07-08,7000,4374.88,EUR,CUST012
7469,2023-01-18,7000,2775.13,EUR,CUST015
7470,2025-08-16,7000,1203.81,EUR,CUST020
7471,2022-04-24,7000,3719.59,EUR,CUST017
7472,2022-11-21,6000,2081.07,EUR,CUST012
7473,2021-03-16,7000,1443.92,EUR,CUST016
7474,2022-03-16,6000,3706.5,EUR,CUST001
7475,2024-10-06,6000,1626.85,EUR,CUST004
7476,2024-06-05,7000,1237.77,EUR,CUST010
7477,2021-04-27,7000,3184.3,EUR,CUST017
7478,2022-11-28,7000,2936.3,EUR,CUST017
7479,2021-11-21,7000,2804.81,EUR,CUST013
7480,2024-01-03,7000,805.53,EUR,CUST005
7481,2021-08-22,6000,4379.81,EUR,CUST017
7482,2020-08-20,6000,3416.6,EUR,CUST003
7483,2021-10-27,6000,1498.37,EUR,CUST020
7484,2025-05-22,6000,2876.5,EUR,CUST002
7485,2023-07-23,7000,2307.85,EUR,CUST012
7486,2020-10-16,7000,652.19,EUR,CUST017
7487,2024-12-12,7000,4640.7,EUR,CUST007
7488,2023-03-12,6000,835.32,EUR,CUST004
7489,2022-10-30,7000,1122.11,EUR,CUST005
7490,2025-04-02,6000,2033.17,EUR,CUST018
7491,2025-01-07,7000,956.73,EUR,CUST013
7492,2021-10-31,6000,2041.52,EUR,CUST010
7493,2021-01-27,7000,2130.51,EUR,CUST006
7494,2022-05-16,7000,1740.24,EUR,CUST003
7495,2021-05-22,6000,2483.29,EUR,CUST020
7496,2021-06-06,6000,1367.02,EUR,CUST017
7497,2021-11-20,6000,310.03,EUR,CUST012
7498,2023-12-19,6000,124.21,EUR,CUST013
7499,2023-07-03,7000,1593.04,EUR,CUST003
7500,2021-11-02,6000,2717.08,EUR,CUST011
7501,2025-08-26,7000,938.54,EUR,CUST018
7502,2022-01-08,6000,538.77,EUR,CUST003
7503,2020-07-30,7000,128.78,EUR,CUST006
7504,2021-07-17,7000,1370.99,EUR,CUST015
7505,2021-02-05,6000,2184.87,EUR,CUST012
7506,2023-02-09,7000,4947.14,EUR,CUST009
7507,2025-01-09,6000,4466.54,EUR,CUST012
7508,2023-12-15,6000,2494.22,EUR,CUST016
7509,2024-09-11,7000,4887.5,EUR,CUST014
7510,2019-11-24,6000,970.24,EUR,CUST009
7511,2022-09-20,7000,2013.73,EUR,CUST003
7512,2024-08-22,6000,4875.44,EUR,CUST005
7513,2020-05-13,6000,649.18,EUR,CUST017
7514,2025-09-06,7000,3235.55,EUR,CUST018
7515,2020-10-20,7000,4777.78,EUR,CUST019
7516,2022-03-01,7000,4067.0,EUR,CUST012
7517,2021-01-08,7000,2236.07,EUR,CUST003
7518,2021-03-23,7000,3722.72,EUR,CUST010
7519,2024-03-28,7000,2910.85,EUR,CUST008
7520,2021-09-13,6000,1548.72,EUR,CUST006
7521,2020-03-23,6000,2238.71,EUR,CUST018
7522,2025-06-08,7000,1727.93,EUR,CUST017
7523,2025-09-23,6000,1627.44,EUR,CUST016
7524,2025-04-03,7000,2351.5,EUR,CUST011
7525,2024-08-03,6000,4796.13,EUR,CUST019
7526,2021-04-15,6000,1393.29,EUR,CUST011
7527,2021-05-02,6000,264.37,EUR,CUST007
7528,2023-04-21,7000,2945.99,EUR,CUST011
7529,2021-06-08,7000,4906.95,EUR,CUST014
7530,2019-11-17,6000,3867.14,EUR,CUST007
7531,2024-02-06,7000,4063.85,EUR,CUST011
7532,2020-08-07,6000,2576.7,EUR,CUST016
7533,2020-01-26,7000,4803.58,EUR,CUST010
7534,2024-09-22,7000,4212.61,EUR,CUST005
7535,2020-07-01,7000,3948.86,EUR,CUST010
7536,2020-10-07,6000,3053.1,EUR,CUST011
7537,2023-04-17,6000,248.98,EUR,CUST012
7538,2020-06-09,6000,4899.77,EUR,CUST010
7539,2020-07-01,6000,814.27,EUR,CUST015
7540,2022-02-26,7000,3411.13,EUR,CUST002
7541,2025-07-11,6000,1133.82,EUR,CUST010
7542,2020-12-04,6000,1278.87,EUR,CUST008
7543,2020-03-01,7000,1461.25,EUR,CUST011
7544,2024-12-30,7000,632.0,EUR,CUST016
7545,2022-07-19,7000,1242.87,EUR,CUST004
7546,2022-01-17,6000,369.54,EUR,CUST017
7547,2024-08-19,6000,4257.99,EUR,CUST013
7548,2020-11-26,7000,3725.62,EUR,CUST015
7549,2020-08-24,7000,1159.2,EUR,CUST005
7550,2023-07-29,6000,4151.47,EUR,CUST007
7551,2023-02-03,7000,4601.04,EUR,CUST014
7552,2022-03-12,7000,2049.7,EUR,CUST020
7553,2022-06-03,7000,447.57,EUR,CUST018
7554,2024-10-17,6000,1562.82,EUR,CUST016
7555,2023-06-19,6000,422.24,EUR,CUST007
7556,2023-08-21,6000,3862.15,EUR,CUST004
7557,2020-05-10,6000,2890.91,EUR,CUST008
7558,2020-01-02,6000,3226.56,EUR,CUST011
7559,2020-09-13,7000,535.89,EUR,CUST018
7560,2020-03-08,7000,2884.93,EUR,CUST005
7561,2024-08-22,7000,1208.69,EUR,CUST012
7562,2024-03-28,6000,2493.24,EUR,CUST011
7563,2020-01-06,7000,386.93,EUR,CUST002
7564,2022-01-29,6000,2282.39,EUR,CUST017
7565,2023-12-30,7000,4210.92,EUR,CUST020
7566,2024-06-03,7000,583.12,EUR,CUST011
7567,2023-01-24,7000,112.36,EUR,CUST003
7568,2020-10-31,6000,1055.56,EUR,CUST003
7569,2024-06-07,6000,2196.84,EUR,CUST015
7570,2020-01-27,7000,2417.27,EUR,CUST018
7571,2019-11-23,6000,3578.28,EUR,CUST017
7572,2021-04-10,7000,2275.23,EUR,CUST005
7573,2023-08-13,7000,1204.19,EUR,CUST001
7574,2022-06-26,7000,4480.23,EUR,CUST003
7575,2024-02-22,6000,1788.67,EUR,CUST007
7576,2022-09-07,6000,3867.29,EUR,CUST014
7577,2022-02-04,6000,3264.4,EUR,CUST020
7578,2024-10-20,7000,4999.6,EUR,CUST001
7579,2020-11-30,7000,674.73,EUR,CUST002
7580,2022-12-19,7000,1465.29,EUR,CUST007
7581,2024-02-11,6000,3330.0,EUR,CUST002
7582,2020-10-19,6000,689.02,EUR,CUST011
7583,2020-03-30,6000,2568.25,EUR,CUST002
7584,2022-01-26,6000,1786.3,EUR,CUST008
7585,2021-04-08,6000,2654.94,EUR,CUST014
7586,2023-04-30,7000,3989.16,EUR,CUST004
7587,2024-07-15,7000,3555.38,EUR,CUST002
7588,2023-10-18,7000,3590.05,EUR,CUST014
7589,2025-07-05,6000,4791.53,EUR,CUST007
7590,2021-03-23,7000,4292.05,EUR,CUST015
7591,2021-09-08,7000,1342.6,EUR,CUST016
7592,2025-02-19,7000,3414.77,EUR,CUST012
7593,2024-04-07,6000,1390.91,EUR,CUST002
7594,2019-12-20,6000,4718.86,EUR,CUST002
7595,2022-05-12,6000,3521.44,EUR,CUST013
7596,2022-12-15,7000,1803.52,EUR,CUST011
7597,2020-12-12,6000,3442.12,EUR,CUST009
7598,2020-03-26,7000,4300.37,EUR,CUST003
7599,2024-10-20,7000,688.91,EUR,CUST004
7600,2024-12-04,6000,188.0,EUR,CUST014
7601,2022-09-30,7000,3552.37,EUR,CUST016
7602,2023-01-27,6000,1881.88,EUR,CUST004
7603,2024-06-07,7000,3576.06,EUR,CUST016
7604,2019-10-08,6000,3020.32,EUR,CUST013
7605,2022-12-25,7000,2723.89,EUR,CUST011
7606,2022-03-14,6000,3990.63,EUR,CUST015
7607,2019-11-10,6000,4425.47,EUR,CUST003
7608,2022-08-26,6000,546.26,EUR,CUST014
7609,2024-09-13,6000,4623.81,EUR,CUST018
7610,2021-05-26,6000,4171.23,EUR,CUST020
7611,2022-08-24,7000,3064.97,EUR,CUST008
7612,2020-09-08,7000,3635.12,EUR,CUST004
7613,2024-06-06,6000,1987.18,EUR,CUST001
7614,2021-04-21,6000,1777.89,EUR,CUST012
7615,2023-04-28,6000,2306.01,EUR,CUST011
7616,2022-10-26,6000,3626.78,EUR,CUST018
7617,2024-11-04,7000,661.86,EUR,CUST004
7618,2023-02-10,6000,3613.74,EUR,CUST017
7619,2024-11-30,7000,2400.19,EUR,CUST017
7620,2022-05-27,7000,482.76,EUR,CUST013
7621,2020-03-29,7000,4503.7,EUR,CUST016
7622,2024-12-28,6000,4835.2,EUR,CUST015
7623,2021-07-08,7000,1721.83,EUR,CUST006
7624,2021-07-27,6000,3112.88,EUR,CUST007
7625,2020-05-15,7000,731.05,EUR,CUST018
7626,2024-09-16,6000,1601.26,EUR,CUST011
7627,2022-04-16,7000,1589.74,EUR,CUST014
7628,2024-05-11,7000,4430.4,EUR,CUST002
7629,2023-09-11,7000,2454.69,EUR,CUST013
7630,2024-07-06,7000,141.74,EUR,CUST008
7631,2024-06-26,7000,153.13,EUR,CUST005
7632,2024-02-01,6000,1037.75,EUR,CUST001
7633,2024-09-02,6000,1926.05,EUR,CUST008
7634,2021-03-22,7000,2329.77,EUR,CUST006
7635,2023-08-01,7000,1874.02,EUR,CUST010
7636,2022-02-15,7000,1252.82,EUR,CUST001
7637,2019-09-30,6000,4679.8,EUR,CUST008
7638,2022-11-19,6000,1155.72,EUR,CUST002
7639,2023-11-26,6000,1207.08,EUR,CUST003
7640,2025-08-07,6000,4784.82,EUR,CUST006
7641,2024-02-23,6000,3097.15,EUR,CUST013
7642,2022-12-28,6000,2693.71,EUR,CUST010
7643,2024-10-13,7000,4379.54,EUR,CUST012
7644,2020-12-23,7000,617.98,EUR,CUST019
7645,2025-01-21,6000,2604.15,EUR,CUST020
7646,2022-12-10,7000,3144.98,EUR,CUST015
7647,2022-05-11,6000,4460.26,EUR,CUST009
7648,2023-09-24,6000,1171.89,EUR,CUST010
7649,2020-12-22,7000,1671.02,EUR,CUST015
7650,2019-12-03,7000,3367.74,EUR,CUST016
7651,2023-10-02,7000,4516.98,EUR,CUST004
7652,2022-05-09,6000,544.51,EUR,CUST007
7653,2021-02-24,6000,769.65,EUR,CUST004
7654,2022-09-18,7000,4891.29,EUR,CUST009
7655,2024-12-30,7000,3384.28,EUR,CUST009
7656,2024-03-16,6000,2329.23,EUR,CUST006
7657,2023-11-04,6000,3807.82,EUR,CUST006
7658,2022-04-15,7000,2323.31,EUR,CUST014
7659,2021-09-20,6000,3307.05,EUR,CUST012
7660,2022-07-03,6000,660.53,EUR,CUST017
7661,2023-06-01,6000,4187.01,EUR,CUST002
7662,2023-08-03,6000,4002.29,EUR,CUST019
7663,2021-06-23,6000,4366.07,EUR,CUST007
7664,2023-07-31,6000,955.68,EUR,CUST008
7665,2020-09-25,6000,4140.19,EUR,CUST001
7666,2025-08-18,6000,1314.15,EUR,CUST010
7667,2022-10-01,7000,388.01,EUR,CUST018
7668,2024-02-20,7000,1668.56,EUR,CUST016
7669,2025-05-27,7000,1785.32,EUR,CUST007
7670,2022-04-27,6000,2387.65,EUR,CUST001
7671,2022-04-16,7000,4229.56,EUR,CUST008
7672,2025-09-22,6000,2105.35,EUR,CUST007
7673,2021-11-14,6000,1387.37,EUR,CUST008
7674,2025-09-05,6000,155.7,EUR,CUST009
7675,2024-11-24,6000,3239.72,EUR,CUST001
7676,2022-12-21,6000,3057.23,EUR,CUST012
7677,2023-08-30,6000,817.8,EUR,CUST006
7678,2023-10-17,7000,4899.7,EUR,CUST008
7679,2022-03-11,7000,711.16,EUR,CUST005
7680,2022-09-02,7000,1452.61,EUR,CUST001
7681,2020-06-23,7000,3093.44,EUR,CUST015
7682,2022-05-02,6000,569.55,EUR,CUST020
7683,2022-10-24,6000,4461.01,EUR,CUST006
7684,2025-09-09,7000,4241.54,EUR,CUST019
7685,2021-06-01,7000,1675.18,EUR,CUST016
7686,2020-03-03,7000,2125.85,EUR,CUST015
7687,2022-05-13,6000,855.66,EUR,CUST003
7688,2020-08-18,6000,1081.31,EUR,CUST003
7689,2024-12-05,7000,995.35,EUR,CUST002
7690,2021-02-10,7000,2356.4,EUR,CUST016
7691,2023-02-24,7000,4926.81,EUR,CUST017
7692,2021-07-02,6000,423.8,EUR,CUST008
7693,2022-02-18,7000,600.23,EUR,CUST019
7694,2020-01-26,7000,4536.62,EUR,CUST008
7695,2024-06-08,6000,3496.22,EUR,CUST011
7696,2023-04-07,6000,3177.65,EUR,CUST005
7697,2019-12-08,7000,3633.29,EUR,CUST016
7698,2024-10-07,7000,4343.31,EUR,CUST012
7699,2023-07-24,7000,1048.66,EUR,CUST018
7700,2021-01-16,6000,1740.36,EUR,CUST015
7701,2020-02-24,7000,569.45,EUR,CUST005
7702,2022-03-22,7000,3830.68,EUR,CUST018
7703,2020-09-04,7000,4368.76,EUR,CUST017
7704,2020-11-16,6000,994.95,EUR,CUST005
7705,2021-12-02,7000,1133.75,EUR,CUST014
7706,2022-02-13,6000,2585.78,EUR,CUST001
7707,2024-03-17,6000,4143.29,EUR,CUST003
7708,2023-10-18,6000,2737.11,EUR,CUST008
7709,2025-04-07,6000,3581.26,EUR,CUST010
7710,2021-04-23,7000,1875.65,EUR,CUST005
7711,2022-07-25,6000,4980.77,EUR,CUST012
7712,2022-02-19,7000,3978.0,EUR,CUST008
7713,2024-09-03,7000,768.04,EUR,CUST004
7714,2021-04-04,6000,4100.31,EUR,CUST003
7715,2024-09-10,6000,4710.47,EUR,CUST017
7716,2024-05-11,7000,351.96,EUR,CUST004
7717,2023-01-25,6000,4554.02,EUR,CUST008
7718,2020-02-17,6000,2776.62,EUR,CUST014
7719,2020-07-16,7000,2595.42,EUR,CUST004
7720,2022-10-29,6000,2340.48,EUR,CUST007
7721,2020-06-10,6000,531.99,EUR,CUST010
7722,2021-09-11,7000,1343.32,EUR,CUST020
7723,2022-10-22,7000,560.08,EUR,CUST002
7724,2024-05-21,7000,883.95,EUR,CUST015
7725,2025-09-17,6000,1411.24,EUR,CUST016
7726,2022-08-03,7000,2048.59,EUR,CUST005
7727,2020-07-28,6000,1005.4,EUR,CUST015
7728,2023-09-01,7000,3845.17,EUR,CUST009
7729,2021-10-11,7000,1649.7,EUR,CUST016
7730,2024-08-17,6000,1837.72,EUR,CUST018
7731,2019-12-05,7000,4579.9,EUR,CUST020
7732,2021-04-12,6000,208.13,EUR,CUST006
7733,2022-05-30,7000,2435.93,EUR,CUST008
7734,2024-07-22,7000,4064.95,EUR,CUST017
7735,2020-06-04,6000,2787.56,EUR,CUST010
7736,2024-01-24,7000,2704.39,EUR,CUST001
7737,2023-02-23,7000,700.94,EUR,CUST007
7738,2022-09-22,6000,3630.09,EUR,CUST019
7739,2022-06-22,7000,1397.02,EUR,CUST012
7740,2020-10-17,6000,3447.31,EUR,CUST009
7741,2020-08-16,7000,2244.33,EUR,CUST010
7742,2022-11-09,7000,3539.35,EUR,CUST019
7743,2025-08-18,7000,4076.2,EUR,CUST013
7744,2024-07-08,7000,1476.92,EUR,CUST007
7745,2020-11-24,7000,4970.49,EUR,CUST004
7746,2022-11-22,6000,2650.26,EUR,CUST017
7747,2024-10-02,7000,1486.98,EUR,CUST006
7748,2020-05-18,6000,1600.12,EUR,CUST015
7749,2024-11-19,6000,4010.33,EUR,CUST009
7750,2022-01-08,7000,656.88,EUR,CUST019
7751,2020-11-26,6000,3376.72,EUR,CUST002
7752,2025-02-03,6000,551.97,EUR,CUST006
7753,2019-12-03,6000,1107.08,EUR,CUST008
7754,2020-09-19,7000,2387.4,EUR,CUST002
7755,2023-12-01,6000,2032.34,EUR,CUST009
7756,2022-07-24,7000,3213.15,EUR,CUST011
7757,2024-05-16,7000,2945.21,EUR,CUST006
7758,2020-01-22,7000,932.66,EUR,CUST014
7759,2023-01-23,6000,4680.39,EUR,CUST020
7760,2019-10-04,6000,786.0,EUR,CUST020
7761,2024-09-06,7000,1560.17,EUR,CUST002
7762,2023-10-12,7000,1243.09,EUR,CUST005
7763,2025-09-28,7000,4608.0,EUR,CUST012
7764,2023-07-08,6000,2661.48,EUR,CUST005
7765,2024-12-25,7000,4100.1,EUR,CUST002
7766,2022-05-13,7000,835.8,EUR,CUST001
7767,2020-09-27,6000,3824.74,EUR,CUST004
7768,2024-03-05,6000,3377.15,EUR,CUST014
7769,2021-03-23,7000,2847.14,EUR,CUST015
7770,2024-07-27,6000,2144.24,EUR,CUST014
7771,2019-10-08,7000,4347.19,EUR,CUST014
7772,2021-09-04,7000,4376.48,EUR,CUST019
7773,2019-11-28,6000,3406.74,EUR,CUST006
7774,2023-10-04,6000,1598.8,EUR,CUST016
7775,2021-10-17,6000,4503.18,EUR,CUST008
7776,2021-01-08,6000,4843.22,EUR,CUST011
7777,2021-04-30,6000,2275.25,EUR,CUST007
7778,2024-08-05,7000,1968.19,EUR,CUST016
7779,2025-05-23,7000,4548.17,EUR,CUST016
7780,2025-06-30,7000,399.33,EUR,CUST015
7781,2020-05-31,7000,2480.66,EUR,CUST012
7782,2024-10-13,6000,2098.54,EUR,CUST006
7783,2020-09-28,7000,3532.54,EUR,CUST019
7784,2021-12-10,6000,778.61,EUR,CUST004
7785,2023-12-28,6000,2416.43,EUR,CUST008
7786,2022-05-09,6000,441.29,EUR,CUST016
7787,2024-08-01,7000,2099.86,EUR,CUST007
7788,2020-02-03,6000,1666.1,EUR,CUST015
7789,2022-01-15,7000,3581.19,EUR,CUST012
7790,2021-12-08,6000,2515.65,EUR,CUST017
7791,2024-12-22,7000,1810.03,EUR,CUST013
7792,2020-07-12,7000,2078.53,EUR,CUST011
7793,2021-03-10,7000,4090.61,EUR,CUST019
7794,2024-03-25,7000,107.46,EUR,CUST018
7795,2020-11-15,6000,2450.06,EUR,CUST007
7796,2021-06-14,7000,2447.64,EUR,CUST001
7797,2022-04-02,7000,681.01,EUR,CUST010
7798,2023-04-18,6000,3365.03,EUR,CUST004
7799,2019-10-30,6000,3478.17,EUR,CUST014
7800,2024-10-13,6000,1357.83,EUR,CUST004
7801,2021-11-08,6000,1209.68,EUR,CUST011
7802,2019-10-20,7000,4818.54,EUR,CUST015
7803,2025-04-12,7000,3501.19,EUR,CUST005
7804,2022-05-23,6000,1750.54,EUR,CUST009
7805,2025-04-02,6000,3326.78,EUR,CUST015
7806,2022-11-29,6000,4438.84,EUR,CUST012
7807,2024-03-11,7000,4336.3,EUR,CUST010
7808,2022-07-15,6000,641.8,EUR,CUST006
7809,2021-03-16,6000,2366.98,EUR,CUST001
7810,2022-07-26,6000,3244.77,EUR,CUST020
7811,2021-01-08,7000,4021.87,EUR,CUST006
7812,2023-02-02,7000,1942.2,EUR,CUST017
7813,2023-11-28,6000,3160.01,EUR,CUST019
7814,2023-08-14,6000,4103.5,EUR,CUST010
7815,2020-06-20,6000,3019.47,EUR,CUST001
7816,2020-05-27,6000,470.18,EUR,CUST011
7817,2024-03-15,7000,1200.7,EUR,CUST003
7818,2021-12-10,7000,3325.44,EUR,CUST003
7819,2023-02-05,6000,369.03,EUR,CUST001
7820,2022-11-21,7000,194.54,EUR,CUST003
7821,2021-03-02,6000,1857.64,EUR,CUST012
7822,2023-12-24,7000,1275.97,EUR,CUST017
7823,2021-10-30,6000,1787.5,EUR,CUST009
7824,2020-11-13,7000,4389.03,EUR,CUST016
7825,2021-04-25,6000,131.78,EUR,CUST002
7826,2021-06-14,6000,1798.93,EUR,CUST016
7827,2022-08-26,6000,3478.35,EUR,CUST010
7828,2020-01-06,7000,3218.92,EUR,CUST018
7829,2020-02-12,7000,3584.08,EUR,CUST013
7830,2023-06-26,7000,886.03,EUR,CUST010
7831,2023-01-28,6000,4036.06,EUR,CUST006
7832,2020-06-09,7000,2492.67,EUR,CUST013
7833,2022-01-24,7000,288.15,EUR,CUST009
7834,2022-03-25,7000,2398.55,EUR,CUST015
7835,2025-01-08,7000,1700.78,EUR,CUST020
7836,2021-10-19,7000,683.26,EUR,CUST011
7837,2025-07-13,6000,363.26,EUR,CUST011
7838,2024-04-29,7000,4405.63,EUR,CUST013
7839,2019-11-11,6000,122.24,EUR,CUST020
7840,2025-07-21,7000,715.67,EUR,CUST008
7841,2021-05-31,7000,1005.28,EUR,CUST010
7842,2021-06-23,6000,486.85,EUR,CUST011
7843,2021-07-19,7000,2772.86,EUR,CUST012
7844,2023-02-11,6000,1687.33,EUR,CUST015
7845,2024-07-30,7000,1482.42,EUR,CUST004
7846,2023-09-27,6000,4969.38,EUR,CUST013
7847,2023-07-05,6000,4035.29,EUR,CUST011
7848,2024-04-28,6000,4304.75,EUR,CUST003
7849,2022-05-05,7000,3299.51,EUR,CUST006
7850,2019-10-16,7000,4820.57,EUR,CUST005
7851,2020-09-15,7000,4341.78,EUR,CUST004
7852,2020-01-22,7000,1213.68,EUR,CUST005
7853,2025-07-13,6000,3120.35,EUR,CUST013
7854,2020-11-06,6000,2276.19,EUR,CUST015
7855,2023-03-12,6000,436.47,EUR,CUST008
7856,2021-07-24,7000,1022.5,EUR,CUST010
7857,2023-07-05,6000,1583.79,EUR,CUST002
7858,2023-01-20,7000,548.44,EUR,CUST001
7859,2024-09-30,7000,1141.3,EUR,CUST009
7860,2022-11-17,7000,1587.57,EUR,CUST013
7861,2021-09-11,7000,231.48,EUR,CUST009
7862,2024-10-21,7000,1810.79,EUR,CUST004
7863,2021-07-08,6000,931.78,EUR,CUST015
7864,2025-07-28,7000,1594.46,EUR,CUST015
7865,2020-12-11,7000,1242.12,EUR,CUST003
7866,2019-11-06,7000,3290.99,EUR,CUST016
7867,2023-12-07,6000,374.43,EUR,CUST020
7868,2024-07-19,6000,1805.73,EUR,CUST013
7869,2021-11-10,7000,4871.54,EUR,CUST006
7870,2025-04-21,7000,954.39,EUR,CUST007
7871,2022-12-05,6000,351.35,EUR,CUST008
7872,2024-06-13,6000,1297.94,EUR,CUST017
7873,2024-07-29,7000,3864.72,EUR,CUST015
7874,2021-08-06,6000,3150.59,EUR,CUST008
7875,2021-07-07,7000,1960.64,EUR,CUST004
7876,2024-03-27,7000,3690.93,EUR,CUST008
7877,2021-05-16,7000,3737.58,EUR,CUST016
7878,2020-02-28,7000,151.96,EUR,CUST020
7879,2023-11-12,7000,3873.27,EUR,CUST018
7880,2021-04-02,6000,441.26,EUR,CUST010
7881,2020-09-01,6000,1271.02,EUR,CUST011
7882,2020-11-19,7000,3061.43,EUR,CUST013
7883,2024-05-25,7000,3954.45,EUR,CUST009
7884,2024-01-29,7000,2966.88,EUR,CUST020
7885,2022-04-09,7000,4306.7,EUR,CUST004
7886,2025-09-27,6000,1461.5,EUR,CUST002
7887,2021-09-04,7000,1062.42,EUR,CUST018
7888,2025-02-08,7000,1956.87,EUR,CUST020
7889,2021-11-21,7000,1400.24,EUR,CUST013
7890,2024-09-24,6000,2198.02,EUR,CUST003
7891,2021-02-05,7000,481.65,EUR,CUST009
7892,2020-07-14,7000,1148.59,EUR,CUST016
7893,2025-01-12,7000,4594.62,EUR,CUST005
7894,2021-10-08,6000,926.35,EUR,CUST002
7895,2022-02-22,7000,231.29,EUR,CUST003
7896,2025-08-27,7000,4530.6,EUR,CUST012
7897,2021-08-06,6000,342.81,EUR,CUST004
7898,2020-08-14,6000,4753.47,EUR,CUST009
7899,2025-06-05,6000,551.2,EUR,CUST014
7900,2024-03-03,6000,3888.1,EUR,CUST009
7901,2021-07-17,7000,3380.42,EUR,CUST015
7902,2022-10-22,7000,4755.49,EUR,CUST002
7903,2020-06-08,6000,1882.99,EUR,CUST014
7904,2024-07-12,6000,4391.15,EUR,CUST001
7905,2024-08-27,7000,3295.64,EUR,CUST004
7906,2023-10-31,7000,584.67,EUR,CUST012
7907,2022-12-13,7000,3976.89,EUR,CUST009
7908,2024-06-14,7000,4553.58,EUR,CUST018
7909,2022-02-01,6000,1161.39,EUR,CUST001
7910,2025-09-07,7000,1161.04,EUR,CUST005
7911,2020-04-30,7000,3600.6,EUR,CUST007
7912,2023-01-04,6000,4854.35,EUR,CUST016
7913,2024-01-24,7000,731.42,EUR,CUST005
7914,2023-03-30,6000,740.56,EUR,CUST015
7915,2020-05-08,7000,641.8,EUR,CUST009
7916,2019-12-22,6000,3022.19,EUR,CUST006
7917,2022-04-08,7000,3874.12,EUR,CUST006
7918,2020-05-29,7000,3432.26,EUR,CUST012
7919,2024-12-05,7000,4391.32,EUR,CUST014
7920,2022-04-08,7000,1217.83,EUR,CUST020
7921,2021-05-14,7000,3835.4,EUR,CUST007
7922,2021-01-18,6000,2867.47,EUR,CUST017
7923,2019-12-04,7000,1648.24,EUR,CUST006
7924,2020-06-30,7000,3585.17,EUR,CUST006
7925,2021-10-19,7000,3148.94,EUR,CUST019
7926,2020-04-14,6000,3281.57,EUR,CUST020
7927,2019-11-27,7000,2519.68,EUR,CUST001
7928,2019-10-14,7000,2642.65,EUR,CUST012
7929,2024-10-23,7000,1533.58,EUR,CUST003
7930,2020-05-29,6000,311.47,EUR,CUST005
7931,2022-03-09,6000,3729.66,EUR,CUST019
7932,2024-07-23,7000,2575.55,EUR,CUST008
7933,2021-05-23,6000,2466.56,EUR,CUST007
7934,2020-05-09,6000,4339.72,EUR,CUST010
7935,2021-05-09,6000,659.28,EUR,CUST020
7936,2022-10-18,7000,3956.98,EUR,CUST015
7937,2023-03-12,6000,4458.36,EUR,CUST006
7938,2022-11-27,7000,2686.05,EUR,CUST018
7939,2025-07-14,7000,1514.85,EUR,CUST002
7940,2024-07-23,6000,2334.38,EUR,CUST018
7941,2022-02-05,6000,577.28,EUR,CUST015
7942,2022-08-20,6000,1249.42,EUR,CUST014
7943,2021-02-15,6000,1268.38,EUR,CUST011
7944,2023-03-31,7000,599.77,EUR,CUST010
7945,2020-03-22,6000,903.96,EUR,CUST019
7946,2022-09-27,6000,275.98,EUR,CUST008
7947,2019-11-08,7000,780.87,EUR,CUST014
7948,2021-08-06,6000,4994.32,EUR,CUST020
7949,2023-02-15,7000,3354.62,EUR,CUST001
7950,2021-08-08,7000,1804.39,EUR,CUST001
7951,2024-12-01,6000,3562.99,EUR,CUST006
7952,2024-02-09,7000,520.93,EUR,CUST013
7953,2022-08-08,6000,227.77,EUR,CUST006
7954,2024-03-10,6000,4375.73,EUR,CUST001
7955,2024-05-04,6000,555.72,EUR,CUST007
7956,2021-12-26,6000,4711.05,EUR,CUST004
7957,2025-08-28,6000,1054.65,EUR,CUST007
7958,2023-09-25,7000,2609.1,EUR,CUST003
7959,2024-01-06,7000,4227.67,EUR,CUST015
7960,2025-01-21,7000,586.52,EUR,CUST015
7961,2025-09-03,6000,424.2,EUR,CUST012
7962,2020-11-17,6000,1646.97,EUR,CUST018
7963,2020-05-09,6000,2108.57,EUR,CUST019
7964,2022-08-03,7000,165.81,EUR,CUST007
7965,2020-02-06,7000,3310.67,EUR,CUST014
7966,2023-05-18,6000,2575.32,EUR,CUST016
7967,2021-01-11,6000,691.42,EUR,CUST012
7968,2022-04-04,6000,3215.36,EUR,CUST019
7969,2020-10-05,6000,1292.48,EUR,CUST004
7970,2021-12-16,7000,1402.43,EUR,CUST014
7971,2024-08-13,6000,2215.32,EUR,CUST015
7972,2021-02-05,7000,1533.44,EUR,CUST015
7973,2020-12-16,6000,1626.63,EUR,CUST014
7974,2022-10-30,7000,3105.0,EUR,CUST006
7975,2019-12-31,6000,3260.68,EUR,CUST020
7976,2024-04-11,7000,4931.18,EUR,CUST008
7977,2024-06-02,6000,4060.99,EUR,CUST015
7978,2020-07-07,6000,592.14,EUR,CUST012
7979,2025-03-24,6000,2932.91,EUR,CUST015
7980,2023-12-21,7000,3353.14,EUR,CUST016
7981,2022-06-16,6000,2304.38,EUR,CUST015
7982,2021-08-12,6000,1177.51,EUR,CUST008
7983,2022-09-25,7000,1295.16,EUR,CUST019
7984,2022-01-29,7000,4497.87,EUR,CUST002
7985,2022-04-17,7000,2248.79,EUR,CUST001
7986,2021-01-18,7000,4372.43,EUR,CUST004
7987,2023-01-08,7000,1441.6,EUR,CUST013
7988,2024-01-30,7000,207.51,EUR,CUST014
7989,2021-05-07,7000,1770.73,EUR,CUST012
7990,2024-10-17,7000,3845.2,EUR,CUST003
7991,2021-10-12,7000,3288.1,EUR,CUST020
7992,2020-02-16,6000,2840.72,EUR,CUST020
7993,2024-07-28,6000,3289.47,EUR,CUST003
7994,2022-07-17,6000,431.65,EUR,CUST020
7995,2019-10-10,6000,155.86,EUR,CUST003
7996,2024-01-22,7000,1766.97,EUR,CUST016
7997,2023-05-12,6000,3131.02,EUR,CUST003
7998,2024-10-16,6000,2418.08,EUR,CUST014
7999,2023-07-18,7000,3408.64,EUR,CUST002
8000,2022-05-10,6000,4389.42,EUR,CUST001
8001,2023-12-05,7000,2888.89,EUR,CUST005
8002,2020-09-22,6000,4807.37,EUR,CUST015
8003,2025-01-13,7000,909.4,EUR,CUST010
8004,2020-02-21,7000,1696.81,EUR,CUST003
8005,2021-07-11,7000,3341.15,EUR,CUST019
8006,2023-01-13,6000,1210.8,EUR,CUST007
8007,2022-08-05,6000,3277.02,EUR,CUST016
8008,2025-06-28,7000,286.16,EUR,CUST015
8009,2022-05-26,7000,2527.43,EUR,CUST017
8010,2022-02-11,7000,582.96,EUR,CUST003
8011,2025-02-24,7000,217.91,EUR,CUST020
8012,2025-03-13,6000,2094.52,EUR,CUST008
8013,2022-04-11,6000,1642.49,EUR,CUST016
8014,2025-03-04,7000,228.11,EUR,CUST009
8015,2024-10-26,7000,1017.13,EUR,CUST002
8016,2021-01-19,7000,1536.75,EUR,CUST015
8017,2022-11-15,7000,2430.43,EUR,CUST018
8018,2020-07-20,7000,189.3,EUR,CUST020
8019,2024-09-21,7000,3068.0,EUR,CUST010
8020,2024-09-26,7000,2459.18,EUR,CUST002
8021,2021-01-15,7000,600.44,EUR,CUST004
8022,2020-08-29,7000,3000.87,EUR,CUST016
8023,2020-04-02,6000,1066.89,EUR,CUST012
8024,2020-11-26,7000,3281.09,EUR,CUST016
8025,2021-10-12,6000,3077.97,EUR,CUST020
8026,2023-07-13,6000,977.73,EUR,CUST018
8027,2021-07-02,7000,1775.81,EUR,CUST014
8028,2021-11-09,6000,3888.78,EUR,CUST016
8029,2024-04-17,6000,4033.22,EUR,CUST017
8030,2024-02-24,6000,3514.25,EUR,CUST020
8031,2020-10-18,6000,1227.15,EUR,CUST018
8032,2022-03-20,7000,163.37,EUR,CUST009
8033,2022-02-07,6000,2630.69,EUR,CUST010
8034,2021-12-29,7000,3733.01,EUR,CUST015
8035,2023-07-06,6000,2151.78,EUR,CUST013
8036,2021-07-24,6000,3602.51,EUR,CUST004
8037,2023-02-27,7000,233.31,EUR,CUST004
8038,2020-11-01,6000,3921.7,EUR,CUST019
8039,2022-10-12,6000,2948.9,EUR,CUST010
8040,2021-07-21,6000,3149.62,EUR,CUST013
8041,2021-02-09,6000,4644.64,EUR,CUST016
8042,2025-04-30,6000,278.24,EUR,CUST004
8043,2022-12-19,7000,2261.6,EUR,CUST005
8044,2022-06-02,6000,2106.21,EUR,CUST010
8045,2020-07-24,7000,4972.91,EUR,CUST007
8046,2024-05-02,6000,648.54,EUR,CUST008
8047,2023-07-28,6000,4670.13,EUR,CUST008
8048,2023-04-14,6000,1299.78,EUR,CUST005
8049,2021-01-10,7000,624.25,EUR,CUST002
8050,2023-05-29,6000,1396.07,EUR,CUST009
8051,2021-03-09,7000,4171.21,EUR,CUST016
8052,2025-09-07,6000,3648.22,EUR,CUST004
8053,2023-04-17,7000,637.78,EUR,CUST020
8054,2022-03-14,7000,1946.88,EUR,CUST004
8055,2022-04-04,6000,728.37,EUR,CUST013
8056,2019-12-01,6000,4902.82,EUR,CUST019
8057,2022-03-22,6000,575.71,EUR,CUST010
8058,2020-11-30,7000,2599.28,EUR,CUST010
8059,2024-02-24,6000,4158.22,EUR,CUST012
8060,2020-07-27,7000,1085.6,EUR,CUST003
8061,2021-08-12,6000,1226.72,EUR,CUST008
8062,2023-11-14,7000,3974.91,EUR,CUST013
8063,2023-03-20,6000,2669.94,EUR,CUST016
8064,2021-03-16,7000,1235.49,EUR,CUST003
8065,2022-11-30,7000,4422.01,EUR,CUST004
8066,2020-09-24,6000,3420.49,EUR,CUST001
8067,2022-01-10,7000,4640.8,EUR,CUST004
8068,2020-04-23,6000,3618.61,EUR,CUST018
8069,2021-07-24,6000,4640.23,EUR,CUST014
8070,2023-12-28,6000,1277.49,EUR,CUST010
8071,2024-03-26,6000,2905.97,EUR,CUST013
8072,2022-01-25,6000,1754.3,EUR,CUST008
8073,2023-04-28,6000,3506.88,EUR,CUST014
8074,2023-03-28,7000,1706.54,EUR,CUST017
8075,2022-03-11,6000,4931.57,EUR,CUST007
8076,2021-01-30,7000,517.34,EUR,CUST009
8077,2024-06-26,6000,2780.62,EUR,CUST002
8078,2024-05-08,7000,2795.91,EUR,CUST013
8079,2025-05-22,7000,1528.53,EUR,CUST007
8080,2019-11-17,7000,804.08,EUR,CUST004
8081,2022-11-21,6000,859.98,EUR,CUST001
8082,2021-05-17,7000,1438.57,EUR,CUST015
8083,2023-10-28,6000,4280.73,EUR,CUST006
8084,2022-07-28,6000,3163.1,EUR,CUST011
8085,2023-08-06,6000,3452.63,EUR,CUST002
8086,2020-11-03,6000,3742.27,EUR,CUST002
8087,2020-11-08,7000,287.86,EUR,CUST010
8088,2024-10-25,7000,377.07,EUR,CUST005
8089,2023-12-13,7000,3641.55,EUR,CUST007
8090,2022-09-14,6000,759.52,EUR,CUST003
8091,2023-01-11,6000,2196.47,EUR,CUST019
8092,2021-01-15,6000,2671.49,EUR,CUST016
8093,2022-01-22,6000,2425.71,EUR,CUST005
8094,2021-12-05,7000,1046.02,EUR,CUST015
8095,2019-12-21,6000,4488.11,EUR,CUST004
8096,2025-03-27,6000,2936.37,EUR,CUST006
8097,2023-07-17,6000,2656.63,EUR,CUST005
8098,2022-12-06,7000,3156.17,EUR,CUST014
8099,2020-02-02,7000,1792.88,EUR,CUST015
8100,2025-05-29,7000,3332.28,EUR,CUST011
8101,2022-01-31,6000,1689.55,EUR,CUST010
8102,2021-04-16,7000,3850.98,EUR,CUST009
8103,2021-09-28,7000,1072.18,EUR,CUST002
8104,2023-10-19,7000,3326.27,EUR,CUST008
8105,2023-12-18,6000,2887.76,EUR,CUST017
8106,2022-04-04,6000,1197.35,EUR,CUST006
8107,2020-12-26,6000,4721.15,EUR,CUST002
8108,2021-10-14,6000,3904.12,EUR,CUST002
8109,2023-02-03,7000,1711.36,EUR,CUST003
8110,2021-04-06,7000,973.02,EUR,CUST006
8111,2025-01-22,7000,550.41,EUR,CUST003
8112,2023-04-06,7000,2595.98,EUR,CUST014
8113,2021-11-24,6000,2392.02,EUR,CUST018
8114,2023-03-06,7000,2764.31,EUR,CUST013
8115,2020-02-01,6000,4485.36,EUR,CUST019
8116,2023-12-20,6000,2400.23,EUR,CUST011
8117,2022-08-23,6000,1967.52,EUR,CUST011
8118,2021-06-07,6000,4944.94,EUR,CUST005
8119,2024-03-23,7000,4880.09,EUR,CUST020
8120,2024-01-23,6000,2775.86,EUR,CUST003
8121,2022-02-15,7000,3522.01,EUR,CUST020
8122,2025-08-23,7000,2948.45,EUR,CUST011
8123,2022-03-11,7000,1573.06,EUR,CUST003
8124,2023-07-27,6000,4538.7,EUR,CUST009
8125,2021-12-20,7000,2776.21,EUR,CUST013
8126,2023-08-20,6000,207.82,EUR,CUST016
8127,2023-03-20,6000,2351.98,EUR,CUST007
8128,2025-08-15,6000,1500.58,EUR,CUST013
8129,2024-12-15,7000,1165.91,EUR,CUST008
8130,2022-03-12,6000,3889.45,EUR,CUST019
8131,2023-12-10,7000,586.57,EUR,CUST009
8132,2020-06-17,7000,4721.99,EUR,CUST014
8133,2024-03-10,6000,2889.79,EUR,CUST006
8134,2021-06-30,6000,4270.74,EUR,CUST019
8135,2024-04-26,6000,4502.94,EUR,CUST013
8136,2024-12-26,7000,3741.37,EUR,CUST006
8137,2025-07-03,6000,4007.65,EUR,CUST001
8138,2022-10-07,6000,2330.78,EUR,CUST004
8139,2023-06-17,7000,2821.6,EUR,CUST002
8140,2022-11-14,6000,2665.7,EUR,CUST012
8141,2023-05-06,7000,4987.7,EUR,CUST008
8142,2021-02-11,7000,1835.38,EUR,CUST009
8143,2020-05-12,6000,4208.92,EUR,CUST015
8144,2025-09-14,7000,3624.2,EUR,CUST004
8145,2024-11-11,7000,3590.02,EUR,CUST013
8146,2020-05-19,6000,1981.64,EUR,CUST016
8147,2023-12-23,6000,3734.79,EUR,CUST014
8148,2025-07-15,7000,4165.43,EUR,CUST010
8149,2025-06-20,7000,474.52,EUR,CUST019
8150,2024-07-17,6000,2259.7,EUR,CUST002
8151,2021-04-27,6000,336.0,EUR,CUST002
8152,2023-04-13,7000,4207.21,EUR,CUST007
8153,2024-03-15,6000,1242.44,EUR,CUST005
8154,2022-04-20,6000,4738.84,EUR,CUST019
8155,2020-09-08,6000,4400.66,EUR,CUST007
8156,2025-07-11,7000,4834.28,EUR,CUST020
8157,2024-09-17,7000,874.52,EUR,CUST005
8158,2024-01-26,7000,264.76,EUR,CUST009
8159,2024-08-10,6000,2962.01,EUR,CUST005
8160,2020-03-18,7000,3828.33,EUR,CUST016
8161,2021-01-28,7000,2986.33,EUR,CUST004
8162,2021-01-22,7000,1773.71,EUR,CUST004
8163,2021-05-17,6000,1998.06,EUR,CUST012
8164,2021-07-28,6000,3933.27,EUR,CUST010
8165,2023-07-18,7000,2025.44,EUR,CUST017
8166,2024-12-01,7000,1704.57,EUR,CUST003
8167,2022-07-14,6000,819.56,EUR,CUST008
8168,2025-08-07,7000,1745.88,EUR,CUST018
8169,2023-01-25,7000,1826.34,EUR,CUST002
8170,2019-10-01,6000,2817.56,EUR,CUST011
8171,2024-06-23,7000,1640.87,EUR,CUST001
8172,2019-11-21,7000,1132.06,EUR,CUST011
8173,2025-03-04,6000,309.6,EUR,CUST007
8174,2024-01-16,6000,3114.76,EUR,CUST007
8175,2020-11-07,7000,1937.69,EUR,CUST003
8176,2020-09-02,7000,2823.37,EUR,CUST012
8177,2025-07-14,6000,3610.94,EUR,CUST006
8178,2021-04-20,6000,3330.46,EUR,CUST017
8179,2024-03-02,6000,3041.15,EUR,CUST012
8180,2021-02-03,6000,4700.85,EUR,CUST013
8181,2023-05-24,7000,669.34,EUR,CUST016
8182,2019-11-13,6000,1277.37,EUR,CUST012
8183,2021-08-27,7000,3739.11,EUR,CUST019
8184,2023-03-03,7000,2308.57,EUR,CUST005
8185,2023-07-29,7000,2222.76,EUR,CUST016
8186,2021-03-28,6000,1283.28,EUR,CUST008
8187,2023-12-04,6000,3789.83,EUR,CUST010
8188,2022-02-21,7000,3829.82,EUR,CUST009
8189,2021-05-25,6000,597.31,EUR,CUST012
8190,2023-11-06,7000,1792.67,EUR,CUST012
8191,2020-12-24,6000,3383.61,EUR,CUST018
8192,2023-04-24,6000,4153.89,EUR,CUST015
8193,2023-02-05,6000,4576.1,EUR,CUST008
8194,2020-03-05,6000,2380.9,EUR,CUST016
8195,2024-01-23,6000,1477.47,EUR,CUST017
8196,2020-02-05,6000,3314.57,EUR,CUST017
8197,2023-04-30,6000,578.81,EUR,CUST002
8198,2020-12-10,7000,4144.1,EUR,CUST003
8199,2023-05-05,7000,666.05,EUR,CUST009
8200,2021-12-16,7000,4307.66,EUR,CUST013
8201,2022-04-01,7000,566.22,EUR,CUST014
8202,2025-03-09,6000,2047.45,EUR,CUST002
8203,2019-12-28,7000,2686.01,EUR,CUST016
8204,2022-12-16,6000,1190.21,EUR,CUST016
8205,2023-12-07,7000,606.34,EUR,CUST008
8206,2019-12-23,6000,153.59,EUR,CUST010
8207,2021-01-24,7000,1067.41,EUR,CUST003
8208,2020-01-12,7000,338.28,EUR,CUST020
8209,2024-01-06,6000,4398.55,EUR,CUST005
8210,2020-05-29,7000,3827.35,EUR,CUST015
8211,2023-08-04,6000,4254.16,EUR,CUST003
8212,2025-03-13,7000,3619.78,EUR,CUST010
8213,2020-06-16,7000,4097.38,EUR,CUST005
8214,2022-11-06,6000,3403.06,EUR,CUST002
8215,2023-06-10,7000,342.69,EUR,CUST013
8216,2023-08-04,6000,413.19,EUR,CUST006
8217,2024-01-23,6000,4625.22,EUR,CUST013
8218,2022-08-22,7000,2320.76,EUR,CUST019
8219,2022-10-30,6000,4607.02,EUR,CUST004
8220,2024-10-21,6000,1166.62,EUR,CUST004
8221,2023-06-13,6000,4067.77,EUR,CUST009
8222,2023-05-04,6000,4477.61,EUR,CUST001
8223,2025-01-08,7000,4513.36,EUR,CUST007
8224,2021-07-26,6000,2867.96,EUR,CUST008
8225,2023-09-13,7000,2384.83,EUR,CUST018
8226,2024-12-15,7000,3843.3,EUR,CUST010
8227,2024-12-11,7000,1619.3,EUR,CUST013
8228,2023-03-17,6000,1086.99,EUR,CUST011
8229,2022-12-11,7000,3044.89,EUR,CUST001
8230,2020-05-06,6000,3792.28,EUR,CUST016
8231,2025-09-10,7000,992.78,EUR,CUST001
8232,2025-03-11,7000,1496.11,EUR,CUST016
8233,2022-10-27,6000,1071.97,EUR,CUST008
8234,2023-01-10,6000,2241.79,EUR,CUST008
8235,2025-07-14,6000,258.65,EUR,CUST010
8236,2023-08-16,6000,766.6,EUR,CUST015
8237,2020-02-25,6000,4725.53,EUR,CUST015
8238,2020-05-08,6000,4211.36,EUR,CUST015
8239,2021-09-26,7000,4321.19,EUR,CUST001
8240,2023-06-05,6000,1998.37,EUR,CUST005
8241,2023-08-28,6000,2954.93,EUR,CUST013
8242,2025-09-10,7000,261.62,EUR,CUST002
8243,2024-11-24,7000,2545.85,EUR,CUST006
8244,2022-08-02,6000,3293.27,EUR,CUST001
8245,2023-01-27,6000,4878.04,EUR,CUST010
8246,2021-08-17,6000,592.42,EUR,CUST017
8247,2025-05-30,6000,2587.68,EUR,CUST014
8248,2024-02-20,6000,3563.93,EUR,CUST004
8249,2020-04-22,6000,1705.56,EUR,CUST008
8250,2019-12-20,7000,4942.02,EUR,CUST020
8251,2020-01-07,7000,3963.5,EUR,CUST020
8252,2019-12-25,6000,3851.91,EUR,CUST017
8253,2022-06-02,7000,888.76,EUR,CUST013
8254,2020-08-11,7000,1907.45,EUR,CUST002
8255,2024-12-14,6000,872.6,EUR,CUST006
8256,2025-04-09,7000,960.48,EUR,CUST013
8257,2022-02-09,7000,3522.22,EUR,CUST016
8258,2025-08-08,6000,911.67,EUR,CUST013
8259,2021-09-06,7000,4216.92,EUR,CUST011
8260,2024-07-25,6000,1299.83,EUR,CUST008
8261,2020-09-27,7000,1836.34,EUR,CUST003
8262,2023-03-21,7000,4913.61,EUR,CUST019
8263,2025-04-08,7000,3660.76,EUR,CUST013
8264,2024-11-17,7000,3831.46,EUR,CUST005
8265,2021-02-13,6000,338.69,EUR,CUST004
8266,2021-11-12,6000,1441.64,EUR,CUST005
8267,2022-03-13,6000,4165.37,EUR,CUST003
8268,2024-08-18,6000,1255.64,EUR,CUST020
8269,2023-04-29,6000,1370.89,EUR,CUST004
8270,2025-09-06,7000,1249.24,EUR,CUST012
8271,2024-07-20,6000,1713.37,EUR,CUST010
8272,2022-09-16,6000,4745.44,EUR,CUST003
8273,2023-04-15,6000,1607.09,EUR,CUST006
8274,2021-09-06,7000,1535.86,EUR,CUST010
8275,2020-06-28,7000,1828.38,EUR,CUST009
8276,2019-10-04,6000,1135.45,EUR,CUST005
8277,2021-01-15,6000,2599.79,EUR,CUST017
8278,2021-01-05,6000,4248.67,EUR,CUST005
8279,2025-05-07,6000,4874.61,EUR,CUST006
8280,2022-06-20,7000,4579.63,EUR,CUST018
8281,2024-12-21,7000,3404.9,EUR,CUST014
8282,2020-01-27,6000,307.25,EUR,CUST008
8283,2025-05-07,6000,4770.19,EUR,CUST005
8284,2022-08-31,6000,1129.52,EUR,CUST003
8285,2023-11-30,7000,1130.64,EUR,CUST019
8286,2020-11-29,6000,1991.04,EUR,CUST011
8287,2019-10-13,7000,2068.37,EUR,CUST004
8288,2022-01-28,6000,4836.58,EUR,CUST010
8289,2020-04-22,7000,3489.9,EUR,CUST008
8290,2025-04-10,7000,3650.54,EUR,CUST017
8291,2024-11-21,7000,621.74,EUR,CUST010
8292,2025-02-20,7000,4109.02,EUR,CUST005
8293,2023-03-30,6000,2703.51,EUR,CUST012
8294,2020-03-07,7000,3389.71,EUR,CUST007
8295,2023-09-06,6000,2879.68,EUR,CUST017
8296,2025-05-13,6000,2095.33,EUR,CUST009
8297,2024-10-17,7000,4991.8,EUR,CUST009
8298,2023-09-27,6000,3621.98,EUR,CUST001
8299,2024-04-18,6000,3257.93,EUR,CUST004
8300,2021-05-22,6000,1658.31,EUR,CUST003
8301,2022-07-21,6000,4738.13,EUR,CUST016
8302,2023-03-17,6000,851.17,EUR,CUST007
8303,2020-06-30,7000,4061.3,EUR,CUST007
8304,2024-05-28,7000,2754.7,EUR,CUST010
8305,2022-01-17,6000,592.16,EUR,CUST002
8306,2025-07-24,7000,2813.55,EUR,CUST016
8307,2022-01-17,6000,3470.75,EUR,CUST010
8308,2021-03-14,7000,4876.47,EUR,CUST005
8309,2023-06-21,6000,905.51,EUR,CUST006
8310,2021-11-08,7000,2677.39,EUR,CUST019
8311,2025-06-15,6000,4721.68,EUR,CUST006
8312,2024-04-14,7000,3141.91,EUR,CUST018
8313,2020-10-28,7000,4480.71,EUR,CUST006
8314,2024-07-17,7000,3093.33,EUR,CUST018
8315,2020-12-17,6000,2862.2,EUR,CUST004
8316,2021-06-30,7000,1662.03,EUR,CUST007
8317,2020-06-25,6000,3128.79,EUR,CUST001
8318,2023-05-18,7000,2591.65,EUR,CUST006
8319,2020-03-25,6000,3651.46,EUR,CUST019
8320,2023-11-15,6000,3325.07,EUR,CUST019
8321,2024-01-13,7000,2896.24,EUR,CUST015
8322,2024-07-07,7000,3717.4,EUR,CUST013
8323,2025-05-18,7000,353.03,EUR,CUST013
8324,2023-05-21,6000,3310.49,EUR,CUST013
8325,2025-05-06,7000,2071.69,EUR,CUST001
8326,2023-08-13,6000,4414.71,EUR,CUST016
8327,2024-11-28,6000,3402.36,EUR,CUST005
8328,2023-05-30,7000,4160.05,EUR,CUST013
8329,2025-05-05,7000,3578.08,EUR,CUST004
8330,2020-03-03,6000,2138.6,EUR,CUST012
8331,2020-01-19,6000,3645.06,EUR,CUST008
8332,2021-07-08,6000,2898.43,EUR,CUST004
8333,2021-03-07,7000,1229.67,EUR,CUST017
8334,2022-09-29,6000,4020.39,EUR,CUST002
8335,2021-08-06,7000,3785.46,EUR,CUST005
8336,2019-10-21,7000,2753.97,EUR,CUST001
8337,2020-10-15,7000,4063.52,EUR,CUST014
8338,2020-06-29,6000,3543.35,EUR,CUST013
8339,2024-09-24,6000,329.06,EUR,CUST012
8340,2021-06-06,6000,1343.45,EUR,CUST003
8341,2020-07-02,7000,4869.65,EUR,CUST013
8342,2022-01-12,7000,3620.77,EUR,CUST005
8343,2023-05-15,6000,2911.09,EUR,CUST012
8344,2024-02-16,6000,2827.95,EUR,CUST015
8345,2023-06-27,7000,2992.55,EUR,CUST003
8346,2023-12-02,6000,1826.85,EUR,CUST001
8347,2022-09-16,7000,3226.82,EUR,CUST004
8348,2025-08-20,7000,4829.32,EUR,CUST003
8349,2023-09-29,6000,2235.77,EUR,CUST003
8350,2023-03-03,6000,2578.39,EUR,CUST005
8351,2019-12-13,7000,2999.59,EUR,CUST016
8352,2022-12-11,6000,2571.14,EUR,CUST007
8353,2023-03-20,7000,1620.57,EUR,CUST018
8354,2020-02-25,7000,3163.58,EUR,CUST017
8355,2023-08-29,7000,110.85,EUR,CUST002
8356,2022-03-10,7000,4298.61,EUR,CUST017
8357,2025-03-14,6000,764.37,EUR,CUST015
8358,2025-07-03,6000,4816.48,EUR,CUST018
8359,2023-04-06,7000,817.95,EUR,CUST010
8360,2022-01-04,6000,1583.1,EUR,CUST007
8361,2022-02-25,7000,3417.71,EUR,CUST020
8362,2022-10-05,7000,1226.98,EUR,CUST019
8363,2022-09-20,6000,1722.9,EUR,CUST011
8364,2020-12-26,7000,4419.16,EUR,CUST013
8365,2025-03-12,7000,2399.52,EUR,CUST017
8366,2023-11-27,7000,662.45,EUR,CUST005
8367,2024-02-08,6000,2281.83,EUR,CUST018
8368,2021-11-05,6000,4167.8,EUR,CUST018
8369,2021-12-12,6000,2654.92,EUR,CUST003
8370,2019-11-18,6000,2683.64,EUR,CUST009
8371,2022-10-28,6000,314.6,EUR,CUST015
8372,2023-02-04,6000,2582.39,EUR,CUST010
8373,2024-04-29,7000,240.0,EUR,CUST009
8374,2023-09-02,6000,1435.02,EUR,CUST011
8375,2023-08-10,7000,1904.12,EUR,CUST015
8376,2025-01-11,7000,1870.32,EUR,CUST015
8377,2021-02-16,6000,4896.38,EUR,CUST003
8378,2020-09-11,6000,442.61,EUR,CUST017
8379,2020-11-05,6000,1651.85,EUR,CUST018
8380,2020-03-17,6000,2137.09,EUR,CUST004
8381,2025-02-01,6000,1922.55,EUR,CUST013
8382,2022-07-19,6000,4598.36,EUR,CUST016
8383,2022-10-13,7000,3006.84,EUR,CUST013
8384,2020-12-16,6000,3826.07,EUR,CUST012
8385,2022-09-19,7000,2177.03,EUR,CUST013
8386,2023-05-13,7000,2649.06,EUR,CUST005
8387,2020-11-11,7000,2534.2,EUR,CUST008
8388,2024-08-01,6000,733.77,EUR,CUST008
8389,2022-08-04,6000,4920.13,EUR,CUST018
8390,2024-10-31,6000,4581.28,EUR,CUST004
8391,2021-10-08,7000,2133.28,EUR,CUST005
8392,2022-10-25,7000,3455.23,EUR,CUST015
8393,2021-06-30,6000,2455.68,EUR,CUST014
8394,2022-02-05,6000,2909.77,EUR,CUST005
8395,2024-10-14,6000,1170.46,EUR,CUST004
8396,2023-11-01,7000,418.26,EUR,CUST003
8397,2020-02-04,6000,2775.62,EUR,CUST003
8398,2020-09-26,6000,4803.87,EUR,CUST015
8399,2021-12-17,7000,1194.85,EUR,CUST019
8400,2020-06-09,7000,2295.14,EUR,CUST012
8401,2020-03-15,6000,3994.22,EUR,CUST010
8402,2023-04-26,6000,4669.65,EUR,CUST019
8403,2020-07-16,6000,4579.48,EUR,CUST011
8404,2022-11-08,7000,4249.06,EUR,CUST006
8405,2024-05-01,7000,4636.83,EUR,CUST018
8406,2021-08-22,7000,3939.62,EUR,CUST003
8407,2023-04-18,7000,1622.8,EUR,CUST005
8408,2020-01-08,6000,4881.19,EUR,CUST011
8409,2022-10-26,6000,1235.92,EUR,CUST002
8410,2024-05-29,6000,4158.18,EUR,CUST020
8411,2020-04-27,6000,239.45,EUR,CUST006
8412,2024-10-30,6000,635.75,EUR,CUST020
8413,2023-01-17,7000,2380.76,EUR,CUST004
8414,2023-08-27,6000,931.91,EUR,CUST016
8415,2023-01-02,6000,2265.14,EUR,CUST018
8416,2019-12-07,6000,3875.17,EUR,CUST015
8417,2024-11-26,6000,4002.41,EUR,CUST007
8418,2020-01-23,6000,619.33,EUR,CUST019
8419,2024-10-20,7000,3977.92,EUR,CUST007
8420,2025-08-09,7000,4689.17,EUR,CUST010
8421,2022-08-02,6000,4844.31,EUR,CUST004
8422,2020-02-08,7000,2378.01,EUR,CUST004
8423,2019-10-26,6000,3336.82,EUR,CUST014
8424,2019-10-18,6000,4760.11,EUR,CUST018
8425,2022-01-12,7000,4004.23,EUR,CUST007
8426,2021-02-09,7000,2062.95,EUR,CUST017
8427,2020-12-02,6000,1178.18,EUR,CUST005
8428,2020-01-14,6000,3197.05,EUR,CUST018
8429,2019-10-28,6000,1302.13,EUR,CUST015
8430,2024-09-30,6000,4504.41,EUR,CUST014
8431,2022-12-20,6000,2956.92,EUR,CUST015
8432,2020-09-05,7000,3609.67,EUR,CUST012
8433,2020-05-29,7000,4610.63,EUR,CUST020
8434,2023-04-16,7000,756.15,EUR,CUST005
8435,2022-06-07,7000,4001.48,EUR,CUST015
8436,2021-07-10,6000,4927.96,EUR,CUST017
8437,2021-08-03,6000,2942.21,EUR,CUST009
8438,2021-09-24,6000,4104.99,EUR,CUST012
8439,2025-08-01,7000,4485.64,EUR,CUST005
8440,2019-11-09,7000,2798.56,EUR,CUST002
8441,2022-01-01,6000,140.97,EUR,CUST005
8442,2023-12-16,6000,227.21,EUR,CUST011
8443,2022-09-10,6000,639.99,EUR,CUST004
8444,2024-06-29,7000,2687.92,EUR,CUST006
8445,2022-07-07,6000,3973.17,EUR,CUST004
8446,2020-05-04,7000,647.59,EUR,CUST005
8447,2025-04-27,7000,3819.14,EUR,CUST015
8448,2024-09-28,7000,3323.81,EUR,CUST018
8449,2023-01-08,6000,1585.17,EUR,CUST020
8450,2020-08-12,7000,139.05,EUR,CUST014
8451,2025-07-07,7000,2387.18,EUR,CUST004
8452,2022-08-08,7000,2249.63,EUR,CUST019
8453,2024-11-18,6000,3120.64,EUR,CUST002
8454,2021-12-04,7000,259.68,EUR,CUST019
8455,2020-10-30,6000,737.3,EUR,CUST008
8456,2025-08-04,7000,4883.8,EUR,CUST005
8457,2022-05-12,6000,432.9,EUR,CUST018
8458,2025-01-04,7000,2634.06,EUR,CUST012
8459,2023-10-16,6000,319.94,EUR,CUST017
8460,2025-01-16,6000,3158.34,EUR,CUST009
8461,2023-06-01,7000,3624.09,EUR,CUST009
8462,2022-08-23,7000,2198.22,EUR,CUST006
8463,2020-10-11,7000,4709.89,EUR,CUST003
8464,2023-12-31,6000,4991.81,EUR,CUST014
8465,2022-04-05,7000,4807.23,EUR,CUST001
8466,2023-11-29,6000,3018.69,EUR,CUST012
8467,2023-03-24,7000,322.94,EUR,CUST004
8468,2023-07-22,7000,339.98,EUR,CUST018
8469,2021-05-03,7000,2616.31,EUR,CUST014
8470,2023-10-30,6000,1047.37,EUR,CUST010
8471,2020-07-21,6000,2366.3,EUR,CUST005
8472,2020-09-25,6000,2257.73,EUR,CUST013
8473,2022-08-29,7000,1644.66,EUR,CUST001
8474,2025-03-23,6000,4034.04,EUR,CUST020
8475,2023-11-21,7000,2264.62,EUR,CUST017
8476,2023-01-03,6000,4780.0,EUR,CUST016
8477,2024-05-22,7000,2536.91,EUR,CUST012
8478,2023-06-20,6000,3426.8,EUR,CUST016
8479,2025-02-24,7000,1251.13,EUR,CUST014
8480,2020-02-21,6000,4532.44,EUR,CUST019
8481,2024-08-11,6000,1308.39,EUR,CUST002
8482,2024-11-14,7000,3964.88,EUR,CUST018
8483,2023-01-12,7000,4579.55,EUR,CUST012
8484,2024-12-11,6000,1803.81,EUR,CUST013
8485,2022-09-09,7000,4205.0,EUR,CUST007
8486,2025-06-30,6000,2408.33,EUR,CUST006
8487,2021-10-25,6000,824.42,EUR,CUST012
8488,2025-08-18,7000,3759.23,EUR,CUST007
8489,2022-07-15,6000,2314.49,EUR,CUST001
8490,2020-03-12,6000,2210.84,EUR,CUST009
8491,2019-11-24,6000,1399.49,EUR,CUST001
8492,2024-09-13,6000,2782.66,EUR,CUST002
8493,2023-01-22,7000,1716.42,EUR,CUST013
8494,2025-07-09,7000,419.26,EUR,CUST006
8495,2024-06-22,6000,1421.32,EUR,CUST014
8496,2024-08-03,6000,1713.72,EUR,CUST012
8497,2020-02-01,6000,3448.41,EUR,CUST004
8498,2024-07-10,7000,2072.36,EUR,CUST009
8499,2020-08-09,6000,2208.6,EUR,CUST009
8500,2022-08-16,7000,2553.4,EUR,CUST004
8501,2021-01-07,7000,1465.56,EUR,CUST008
8502,2025-03-23,6000,4431.3,EUR,CUST010
8503,2024-04-22,6000,1313.66,EUR,CUST020
8504,2022-02-08,7000,1260.95,EUR,CUST004
8505,2024-10-21,7000,3287.51,EUR,CUST003
8506,2024-02-03,7000,2690.5,EUR,CUST020
8507,2022-07-05,7000,2289.46,EUR,CUST003
8508,2023-10-20,7000,864.0,EUR,CUST012
8509,2021-07-24,7000,2357.23,EUR,CUST007
8510,2022-03-04,6000,2374.39,EUR,CUST010
8511,2022-12-21,7000,3919.68,EUR,CUST011
8512,2020-07-15,6000,4168.09,EUR,CUST005
8513,2021-09-02,7000,2745.11,EUR,CUST014
8514,2022-09-02,6000,4453.64,EUR,CUST017
8515,2020-07-17,7000,3948.48,EUR,CUST011
8516,2024-10-27,6000,1099.18,EUR,CUST013
8517,2023-04-07,6000,4385.59,EUR,CUST001
8518,2019-11-29,6000,3786.81,EUR,CUST011
8519,2023-08-08,6000,4290.64,EUR,CUST011
8520,2024-02-25,7000,3640.15,EUR,CUST006
8521,2020-05-10,7000,225.1,EUR,CUST017
8522,2024-03-20,6000,1055.64,EUR,CUST006
8523,2025-02-22,6000,4652.04,EUR,CUST003
8524,2024-03-08,6000,3775.71,EUR,CUST001
8525,2025-06-20,7000,4981.28,EUR,CUST006
8526,2021-08-12,6000,4231.01,EUR,CUST003
8527,2020-02-13,7000,1532.27,EUR,CUST011
8528,2022-07-11,6000,1738.88,EUR,CUST016
8529,2022-06-04,7000,3397.46,EUR,CUST017
8530,2022-06-10,6000,498.09,EUR,CUST011
8531,2021-08-26,6000,334.43,EUR,CUST005
8532,2025-09-27,6000,4970.41,EUR,CUST015
8533,2020-11-22,6000,4865.95,EUR,CUST010
8534,2020-03-27,6000,545.56,EUR,CUST018
8535,2020-06-09,7000,4518.67,EUR,CUST014
8536,2025-04-25,7000,635.36,EUR,CUST003
8537,2021-11-29,6000,1617.82,EUR,CUST015
8538,2019-12-06,6000,4312.81,EUR,CUST012
8539,2022-06-02,6000,3608.9,EUR,CUST012
8540,2023-11-18,7000,2699.22,EUR,CUST014
8541,2025-02-10,7000,978.96,EUR,CUST012
8542,2025-02-18,6000,206.79,EUR,CUST016
8543,2022-03-28,7000,2821.71,EUR,CUST012
8544,2021-04-09,7000,983.62,EUR,CUST020
8545,2020-01-27,6000,3310.55,EUR,CUST001
8546,2024-07-25,7000,3641.14,EUR,CUST001
8547,2024-06-10,7000,894.21,EUR,CUST002
8548,2021-01-08,6000,3290.2,EUR,CUST012
8549,2020-02-23,7000,3934.66,EUR,CUST017
8550,2024-04-01,7000,334.83,EUR,CUST020
8551,2025-02-14,7000,1056.86,EUR,CUST011
8552,2020-10-23,7000,4881.65,EUR,CUST010
8553,2024-11-16,7000,1587.81,EUR,CUST012
8554,2020-12-21,7000,783.18,EUR,CUST011
8555,2024-08-07,7000,4613.65,EUR,CUST010
8556,2020-09-08,7000,1809.21,EUR,CUST010
8557,2022-04-20,6000,1689.2,EUR,CUST009
8558,2024-06-12,6000,1320.1,EUR,CUST004
8559,2025-06-24,6000,3080.73,EUR,CUST001
8560,2024-04-07,7000,2282.95,EUR,CUST013
8561,2025-07-13,6000,1742.97,EUR,CUST009
8562,2021-10-29,6000,184.32,EUR,CUST012
8563,2020-12-10,6000,4557.3,EUR,CUST006
8564,2020-12-07,6000,3703.47,EUR,CUST017
8565,2023-07-16,7000,3437.32,EUR,CUST009
8566,2023-03-19,6000,4731.98,EUR,CUST014
8567,2022-11-01,7000,3295.48,EUR,CUST010
8568,2025-03-18,7000,2467.48,EUR,CUST006
8569,2020-03-10,7000,2326.34,EUR,CUST004
8570,2020-06-08,7000,1762.8,EUR,CUST018
8571,2021-02-12,6000,2909.52,EUR,CUST004
8572,2025-01-21,7000,4336.14,EUR,CUST006
8573,2025-02-04,7000,1446.24,EUR,CUST009
8574,2020-06-21,6000,4942.05,EUR,CUST002
8575,2022-01-06,7000,4846.46,EUR,CUST001
8576,2021-03-14,6000,923.88,EUR,CUST008
8577,2024-11-23,7000,3619.45,EUR,CUST004
8578,2021-08-13,6000,2401.76,EUR,CUST003
8579,2021-04-04,7000,497.71,EUR,CUST015
8580,2022-07-21,7000,3039.23,EUR,CUST016
8581,2023-05-31,6000,565.55,EUR,CUST013
8582,2024-04-06,6000,3696.55,EUR,CUST009
8583,2024-03-30,6000,282.56,EUR,CUST010
8584,2022-02-24,6000,4547.78,EUR,CUST013
8585,2022-07-26,6000,2169.93,EUR,CUST001
8586,2024-04-06,6000,941.73,EUR,CUST005
8587,2021-09-04,7000,3875.36,EUR,CUST017
8588,2025-06-22,6000,618.36,EUR,CUST016
8589,2022-03-23,7000,1758.47,EUR,CUST006
8590,2024-08-10,7000,668.87,EUR,CUST019
8591,2020-02-24,7000,302.58,EUR,CUST011
8592,2025-08-04,6000,3676.16,EUR,CUST003
8593,2025-08-17,7000,1446.61,EUR,CUST012
8594,2021-09-16,7000,2653.08,EUR,CUST001
8595,2024-12-06,7000,3807.11,EUR,CUST015
8596,2024-02-18,6000,3704.54,EUR,CUST011
8597,2023-11-11,7000,586.04,EUR,CUST016
8598,2022-03-31,7000,551.75,EUR,CUST002
8599,2023-11-07,7000,4880.11,EUR,CUST020
8600,2024-11-04,7000,4096.24,EUR,CUST001
8601,2024-03-24,6000,4845.95,EUR,CUST008
8602,2023-08-17,7000,4023.08,EUR,CUST003
8603,2024-01-26,6000,1536.66,EUR,CUST003
8604,2022-08-18,6000,2609.74,EUR,CUST018
8605,2022-12-09,6000,260.32,EUR,CUST018
8606,2025-07-07,6000,1135.9,EUR,CUST007
8607,2024-04-28,6000,2744.06,EUR,CUST009
8608,2025-03-08,6000,4209.72,EUR,CUST004
8609,2023-09-05,6000,149.43,EUR,CUST009
8610,2020-10-06,6000,3369.53,EUR,CUST017
8611,2025-05-13,7000,3250.57,EUR,CUST009
8612,2022-08-18,6000,4124.97,EUR,CUST004
8613,2020-09-16,6000,2277.82,EUR,CUST006
8614,2023-01-25,6000,3718.08,EUR,CUST007
8615,2025-04-13,6000,1656.78,EUR,CUST016
8616,2024-10-26,7000,3287.39,EUR,CUST002
8617,2020-03-02,7000,4950.79,EUR,CUST004
8618,2023-08-25,7000,716.46,EUR,CUST012
8619,2024-07-02,7000,3265.4,EUR,CUST001
8620,2020-05-21,7000,2347.45,EUR,CUST018
8621,2023-10-14,7000,2611.88,EUR,CUST010
8622,2022-05-29,7000,472.17,EUR,CUST012
8623,2023-04-19,7000,3395.04,EUR,CUST012
8624,2021-05-05,7000,877.91,EUR,CUST018
8625,2025-07-28,7000,2580.73,EUR,CUST003
8626,2023-03-16,7000,2497.34,EUR,CUST006
8627,2021-09-04,7000,1418.31,EUR,CUST001
8628,2021-06-04,7000,947.99,EUR,CUST009
8629,2020-02-11,7000,4297.02,EUR,CUST018
8630,2024-08-29,6000,4463.05,EUR,CUST009
8631,2022-06-16,6000,2201.8,EUR,CUST009
8632,2025-05-06,7000,525.71,EUR,CUST004
8633,2024-02-14,6000,1244.28,EUR,CUST019
8634,2021-11-03,7000,3477.21,EUR,CUST011
8635,2020-08-06,7000,2261.24,EUR,CUST019
8636,2020-05-31,7000,937.59,EUR,CUST016
8637,2025-01-05,7000,2845.49,EUR,CUST003
8638,2024-09-11,7000,4476.08,EUR,CUST007
8639,2025-06-20,7000,2079.18,EUR,CUST020
8640,2019-10-14,6000,1143.17,EUR,CUST003
8641,2020-04-27,6000,2013.5,EUR,CUST003
8642,2023-12-31,6000,1553.81,EUR,CUST003
8643,2025-01-18,7000,2175.12,EUR,CUST015
8644,2025-02-13,7000,3498.74,EUR,CUST009
8645,2021-08-01,6000,3308.64,EUR,CUST015
8646,2020-04-21,7000,1560.72,EUR,CUST019
8647,2023-06-06,7000,3363.96,EUR,CUST001
8648,2025-03-26,6000,786.87,EUR,CUST011
8649,2021-01-11,6000,3294.08,EUR,CUST005
8650,2022-01-04,6000,3628.23,EUR,CUST007
8651,2024-09-14,6000,4669.45,EUR,CUST017
8652,2021-03-15,6000,4981.08,EUR,CUST020
8653,2024-07-30,7000,1725.19,EUR,CUST006
8654,2019-11-04,7000,1020.79,EUR,CUST006
8655,2021-08-30,7000,3939.34,EUR,CUST002
8656,2024-11-30,6000,4398.04,EUR,CUST012
8657,2021-06-02,6000,4430.81,EUR,CUST019
8658,2019-12-13,6000,1444.43,EUR,CUST019
8659,2020-10-31,7000,3797.02,EUR,CUST014
8660,2024-03-26,6000,446.48,EUR,CUST019
8661,2025-04-17,7000,3491.85,EUR,CUST013
8662,2025-09-26,6000,2813.53,EUR,CUST003
8663,2022-06-03,6000,2756.98,EUR,CUST017
8664,2020-04-04,6000,4446.81,EUR,CUST001
8665,2024-03-18,6000,779.5,EUR,CUST020
8666,2024-04-21,7000,3869.97,EUR,CUST007
8667,2023-05-26,6000,3983.19,EUR,CUST004
8668,2019-11-30,7000,328.54,EUR,CUST004
8669,2019-11-24,6000,2538.66,EUR,CUST015
8670,2025-02-19,6000,1978.6,EUR,CUST018
8671,2024-04-24,7000,4043.66,EUR,CUST012
8672,2022-04-05,7000,587.04,EUR,CUST008
8673,2022-12-26,7000,152.96,EUR,CUST011
8674,2021-12-09,7000,3141.36,EUR,CUST006
8675,2022-12-08,7000,4700.08,EUR,CUST005
8676,2024-12-05,7000,1498.1,EUR,CUST016
8677,2021-01-24,6000,2306.23,EUR,CUST013
8678,2022-10-16,6000,2537.61,EUR,CUST005
8679,2022-04-16,7000,1990.36,EUR,CUST017
8680,2021-04-02,7000,3479.7,EUR,CUST020
8681,2022-11-15,7000,2778.89,EUR,CUST017
8682,2022-05-08,7000,1706.02,EUR,CUST001
8683,2024-11-19,6000,2943.5,EUR,CUST012
8684,2021-01-25,7000,3083.53,EUR,CUST003
8685,2024-06-05,7000,4677.37,EUR,CUST015
8686,2024-10-21,6000,1974.47,EUR,CUST010
8687,2023-02-15,7000,898.4,EUR,CUST003
8688,2022-10-17,6000,2009.04,EUR,CUST020
8689,2022-08-12,6000,2173.64,EUR,CUST006
8690,2024-07-26,7000,1007.57,EUR,CUST018
8691,2020-01-11,7000,1180.23,EUR,CUST002
8692,2023-01-20,6000,1079.9,EUR,CUST020
8693,2019-11-09,6000,3593.83,EUR,CUST006
8694,2021-08-14,6000,2353.83,EUR,CUST007
8695,2021-07-02,6000,3605.64,EUR,CUST011
8696,2025-05-11,6000,2447.88,EUR,CUST004
8697,2024-03-10,7000,1313.23,EUR,CUST015
8698,2022-02-25,6000,843.69,EUR,CUST012
8699,2022-01-20,7000,3544.97,EUR,CUST009
8700,2023-12-12,7000,4459.9,EUR,CUST005
8701,2021-06-14,7000,3234.23,EUR,CUST004
8702,2025-03-25,6000,4894.94,EUR,CUST017
8703,2022-02-13,6000,464.28,EUR,CUST011
8704,2023-07-27,7000,4104.04,EUR,CUST008
8705,2019-12-09,6000,1828.97,EUR,CUST013
8706,2024-07-13,6000,2680.54,EUR,CUST008
8707,2024-03-05,7000,2467.18,EUR,CUST010
8708,2023-01-23,6000,2185.15,EUR,CUST020
8709,2019-11-03,6000,1229.11,EUR,CUST013
8710,2019-11-13,7000,4500.88,EUR,CUST001
8711,2023-12-07,6000,1999.09,EUR,CUST008
8712,2021-07-05,6000,3555.37,EUR,CUST015
8713,2022-04-15,6000,3357.5,EUR,CUST008
8714,2023-02-14,7000,2767.93,EUR,CUST019
8715,2020-07-22,6000,2307.57,EUR,CUST018
8716,2024-10-08,6000,2899.46,EUR,CUST013
8717,2025-01-15,7000,1502.67,EUR,CUST015
8718,2021-06-08,6000,4412.77,EUR,CUST008
8719,2021-07-17,6000,3738.4,EUR,CUST020
8720,2024-08-23,7000,4265.07,EUR,CUST008
8721,2020-04-23,7000,4032.09,EUR,CUST013
8722,2022-10-06,7000,3735.12,EUR,CUST011
8723,2024-04-26,7000,637.52,EUR,CUST002
8724,2021-03-26,6000,4861.56,EUR,CUST004
8725,2024-12-22,7000,1740.56,EUR,CUST006
8726,2022-05-07,6000,2012.29,EUR,CUST003
8727,2024-05-25,7000,2981.58,EUR,CUST015
8728,2025-02-22,6000,1102.97,EUR,CUST009
8729,2021-05-30,7000,4316.99,EUR,CUST017
8730,2025-02-27,7000,4248.66,EUR,CUST013
8731,2022-11-18,7000,2885.74,EUR,CUST014
8732,2024-10-07,7000,3824.04,EUR,CUST004
8733,2020-11-17,6000,465.77,EUR,CUST018
8734,2021-10-05,6000,4206.78,EUR,CUST015
8735,2023-05-18,7000,232.38,EUR,CUST007
8736,2022-02-09,7000,2955.03,EUR,CUST010
8737,2025-01-13,7000,1620.91,EUR,CUST013
8738,2024-11-29,6000,4293.65,EUR,CUST015
8739,2021-12-03,6000,2752.07,EUR,CUST018
8740,2024-12-10,7000,3267.55,EUR,CUST005
8741,2025-06-10,6000,3439.93,EUR,CUST015
8742,2025-04-06,7000,3885.37,EUR,CUST003
8743,2022-11-20,6000,3253.17,EUR,CUST003
8744,2023-11-28,7000,3843.99,EUR,CUST011
8745,2024-11-25,7000,950.69,EUR,CUST006
8746,2021-11-10,7000,1880.26,EUR,CUST014
8747,2020-07-08,6000,2938.25,EUR,CUST013
8748,2025-05-09,6000,2810.53,EUR,CUST017
8749,2020-05-17,6000,3171.86,EUR,CUST017
8750,2024-08-18,6000,2549.95,EUR,CUST010
8751,2021-08-31,6000,2629.58,EUR,CUST017
8752,2025-02-04,7000,650.65,EUR,CUST011
8753,2020-09-24,7000,1913.68,EUR,CUST001
8754,2020-09-18,7000,2797.0,EUR,CUST008
8755,2020-01-24,6000,3816.51,EUR,CUST005
8756,2020-06-29,6000,4311.94,EUR,CUST011
8757,2021-04-29,6000,1552.56,EUR,CUST006
8758,2021-01-19,6000,127.87,EUR,CUST008
8759,2025-07-29,6000,3944.98,EUR,CUST016
8760,2022-04-28,6000,667.4,EUR,CUST015
8761,2020-01-07,6000,3843.81,EUR,CUST016
8762,2022-03-03,7000,1458.45,EUR,CUST014
8763,2023-03-06,6000,1004.01,EUR,CUST016
8764,2020-12-27,6000,4835.07,EUR,CUST001
8765,2023-10-24,6000,555.12,EUR,CUST018
8766,2020-11-05,7000,323.57,EUR,CUST012
8767,2023-06-02,7000,1735.95,EUR,CUST003
8768,2022-06-20,6000,2207.13,EUR,CUST019
8769,2021-05-23,7000,1019.34,EUR,CUST008
8770,2023-11-10,7000,2338.13,EUR,CUST001
8771,2023-03-16,6000,2630.38,EUR,CUST002
8772,2019-10-02,7000,3495.71,EUR,CUST019
8773,2021-01-06,7000,2344.21,EUR,CUST009
8774,2021-04-11,6000,2773.08,EUR,CUST007
8775,2023-01-10,6000,4270.25,EUR,CUST001
8776,2023-05-24,7000,2204.43,EUR,CUST001
8777,2020-12-27,6000,1568.42,EUR,CUST016
8778,2022-03-09,7000,2390.1,EUR,CUST017
8779,2023-09-09,7000,2745.29,EUR,CUST008
8780,2024-04-23,7000,790.52,EUR,CUST016
8781,2020-04-21,7000,4931.25,EUR,CUST006
8782,2024-04-07,6000,4318.58,EUR,CUST001
8783,2020-04-01,7000,1988.76,EUR,CUST007
8784,2020-10-14,6000,2329.84,EUR,CUST012
8785,2021-03-26,6000,256.78,EUR,CUST007
8786,2022-01-09,7000,3797.47,EUR,CUST013
8787,2021-10-20,6000,3335.4,EUR,CUST007
8788,2025-04-07,7000,4247.98,EUR,CUST014
8789,2021-09-15,7000,2570.19,EUR,CUST011
8790,2023-10-21,6000,4841.63,EUR,CUST002
8791,2021-12-13,6000,1292.75,EUR,CUST004
8792,2019-12-19,7000,3320.09,EUR,CUST013
8793,2021-08-03,6000,145.04,EUR,CUST007
8794,2024-06-14,7000,890.73,EUR,CUST010
8795,2021-12-07,7000,3712.4,EUR,CUST013
8796,2021-01-17,7000,1961.68,EUR,CUST007
8797,2023-11-17,6000,3682.11,EUR,CUST018
8798,2022-09-17,6000,2382.22,EUR,CUST015
8799,2025-09-24,7000,2747.87,EUR,CUST009
8800,2025-03-02,7000,3401.32,EUR,CUST011
8801,2022-04-13,7000,711.31,EUR,CUST002
8802,2019-11-30,6000,4156.59,EUR,CUST003
8803,2020-11-06,7000,1215.26,EUR,CUST018
8804,2020-10-29,6000,4588.77,EUR,CUST013
8805,2024-08-14,6000,2353.49,EUR,CUST008
8806,2020-05-11,6000,1710.4,EUR,CUST015
8807,2022-02-07,6000,2006.96,EUR,CUST009
8808,2021-12-04,7000,1576.76,EUR,CUST011
8809,2023-12-30,6000,1020.07,EUR,CUST012
8810,2025-07-10,7000,1662.87,EUR,CUST006
8811,2022-04-30,6000,3126.7,EUR,CUST003
8812,2024-12-20,7000,4415.06,EUR,CUST012
8813,2022-03-03,6000,270.98,EUR,CUST018
8814,2024-01-02,6000,759.14,EUR,CUST019
8815,2024-07-27,7000,2069.13,EUR,CUST020
8816,2025-01-05,6000,1549.68,EUR,CUST009
8817,2024-01-07,7000,2479.26,EUR,CUST008
8818,2021-11-07,7000,2455.06,EUR,CUST007
8819,2022-07-28,7000,3248.96,EUR,CUST013
8820,2025-02-27,6000,650.38,EUR,CUST011
8821,2024-07-24,6000,2070.09,EUR,CUST008
8822,2021-01-20,7000,3895.09,EUR,CUST007
8823,2023-05-20,7000,707.62,EUR,CUST011
8824,2022-05-03,6000,2171.57,EUR,CUST015
8825,2020-08-24,7000,3068.45,EUR,CUST010
8826,2023-07-15,7000,4066.7,EUR,CUST007
8827,2023-10-25,6000,1930.24,EUR,CUST012
8828,2021-01-19,7000,3272.12,EUR,CUST017
8829,2024-01-22,6000,3723.48,EUR,CUST002
8830,2024-07-19,7000,449.33,EUR,CUST016
8831,2022-06-10,7000,1460.93,EUR,CUST009
8832,2023-02-25,6000,4991.32,EUR,CUST007
8833,2022-11-06,6000,3024.68,EUR,CUST006
8834,2024-12-12,6000,4887.98,EUR,CUST009
8835,2019-11-20,6000,2768.5,EUR,CUST011
8836,2023-02-08,6000,1246.23,EUR,CUST009
8837,2024-07-06,6000,4649.37,EUR,CUST010
8838,2023-08-17,7000,3057.44,EUR,CUST003
8839,2022-12-10,6000,452.49,EUR,CUST020
8840,2020-12-19,6000,1849.81,EUR,CUST014
8841,2024-05-03,7000,3426.11,EUR,CUST018
8842,2023-06-09,7000,3032.3,EUR,CUST011
8843,2024-06-20,6000,3315.66,EUR,CUST008
8844,2021-07-26,7000,397.06,EUR,CUST010
8845,2023-11-19,6000,164.04,EUR,CUST003
8846,2023-04-01,6000,586.45,EUR,CUST005
8847,2024-08-18,6000,1765.51,EUR,CUST013
8848,2025-05-21,6000,4611.78,EUR,CUST013
8849,2022-09-07,6000,621.45,EUR,CUST011
8850,2022-11-14,7000,4983.44,EUR,CUST017
8851,2021-04-06,6000,298.17,EUR,CUST003
8852,2025-07-09,6000,2253.79,EUR,CUST010
8853,2022-07-31,7000,4957.07,EUR,CUST012
8854,2021-02-08,7000,781.06,EUR,CUST016
8855,2020-03-08,6000,4245.1,EUR,CUST009
8856,2024-08-01,7000,2465.01,EUR,CUST005
8857,2023-12-15,6000,413.15,EUR,CUST007
8858,2019-10-25,7000,3397.61,EUR,CUST007
8859,2019-11-02,6000,640.25,EUR,CUST006
8860,2021-01-14,7000,4331.99,EUR,CUST013
8861,2024-06-28,6000,2402.06,EUR,CUST001
8862,2020-04-02,6000,1630.27,EUR,CUST012
8863,2025-07-30,6000,2965.45,EUR,CUST003
8864,2025-05-26,6000,222.59,EUR,CUST003
8865,2019-10-09,7000,2173.45,EUR,CUST001
8866,2023-12-22,7000,3434.81,EUR,CUST019
8867,2019-10-03,6000,4832.44,EUR,CUST013
8868,2024-07-02,6000,2014.81,EUR,CUST009
8869,2025-02-06,6000,128.65,EUR,CUST005
8870,2024-07-15,7000,2130.55,EUR,CUST015
8871,2020-02-28,7000,1865.42,EUR,CUST016
8872,2022-11-08,6000,4075.45,EUR,CUST003
8873,2023-12-11,6000,2310.42,EUR,CUST010
8874,2024-02-21,7000,665.17,EUR,CUST019
8875,2020-02-10,6000,3601.68,EUR,CUST016
8876,2022-09-26,6000,4979.57,EUR,CUST018
8877,2022-11-23,6000,4013.15,EUR,CUST014
8878,2025-05-27,7000,4745.98,EUR,CUST006
8879,2023-10-10,7000,2173.27,EUR,CUST009
8880,2021-10-07,6000,4109.43,EUR,CUST019
8881,2022-10-04,7000,1733.94,EUR,CUST009
8882,2024-01-26,7000,3951.14,EUR,CUST012
8883,2025-05-28,7000,4096.37,EUR,CUST003
8884,2024-10-13,7000,2428.67,EUR,CUST005
8885,2022-09-09,7000,4939.83,EUR,CUST018
8886,2022-03-28,7000,1197.37,EUR,CUST004
8887,2024-10-16,6000,2619.07,EUR,CUST007
8888,2020-02-03,6000,1274.0,EUR,CUST018
8889,2019-12-23,7000,1133.03,EUR,CUST007
8890,2022-11-15,7000,2851.88,EUR,CUST007
8891,2021-08-21,6000,3630.21,EUR,CUST008
8892,2023-07-29,7000,2630.26,EUR,CUST005
8893,2022-07-14,6000,3080.3,EUR,CUST001
8894,2024-09-12,7000,4305.38,EUR,CUST010
8895,2021-04-11,7000,220.03,EUR,CUST001
8896,2022-04-29,6000,4169.57,EUR,CUST013
8897,2023-09-20,6000,4566.28,EUR,CUST020
8898,2023-03-28,6000,2181.06,EUR,CUST007
8899,2022-03-02,7000,1991.75,EUR,CUST010
8900,2020-12-04,6000,1273.63,EUR,CUST006
8901,2023-11-01,6000,3757.52,EUR,CUST020
8902,2021-05-31,7000,846.84,EUR,CUST010
8903,2023-12-10,6000,753.66,EUR,CUST004
8904,2021-02-19,7000,2738.03,EUR,CUST006
8905,2023-11-30,6000,4781.03,EUR,CUST012
8906,2022-04-29,6000,923.79,EUR,CUST006
8907,2025-01-18,7000,2776.32,EUR,CUST008
8908,2021-07-04,7000,1749.26,EUR,CUST005
8909,2021-06-02,7000,4288.76,EUR,CUST003
8910,2020-01-30,7000,149.93,EUR,CUST007
8911,2020-07-21,7000,3297.15,EUR,CUST019
8912,2025-04-10,7000,3570.92,EUR,CUST012
8913,2021-10-09,7000,2229.58,EUR,CUST018
8914,2023-07-21,6000,1478.46,EUR,CUST020
8915,2022-03-07,7000,363.95,EUR,CUST005
8916,2021-05-02,6000,3171.86,EUR,CUST006
8917,2025-04-16,6000,4470.06,EUR,CUST006
8918,2024-04-01,7000,3242.55,EUR,CUST017
8919,2024-07-27,7000,4073.39,EUR,CUST012
8920,2024-07-14,7000,994.31,EUR,CUST005
8921,2020-10-09,7000,4201.06,EUR,CUST004
8922,2023-11-24,6000,4679.24,EUR,CUST001
8923,2021-11-20,7000,4029.91,EUR,CUST014
8924,2021-04-10,6000,4131.17,EUR,CUST015
8925,2024-08-05,6000,610.72,EUR,CUST014
8926,2022-07-29,7000,2328.14,EUR,CUST013
8927,2021-06-18,7000,143.58,EUR,CUST010
8928,2022-06-26,6000,2708.11,EUR,CUST014
8929,2024-10-05,6000,2705.62,EUR,CUST004
8930,2025-01-29,6000,1385.78,EUR,CUST001
8931,2020-11-20,6000,4552.15,EUR,CUST020
8932,2020-08-05,7000,682.23,EUR,CUST020
8933,2021-10-08,6000,2023.19,EUR,CUST011
8934,2020-07-25,6000,2649.07,EUR,CUST003
8935,2025-03-18,7000,1059.19,EUR,CUST016
8936,2024-03-02,6000,381.75,EUR,CUST016
8937,2025-01-03,6000,834.09,EUR,CUST003
8938,2022-08-06,6000,3386.33,EUR,CUST004
8939,2020-04-16,6000,3578.32,EUR,CUST013
8940,2023-02-25,7000,707.1,EUR,CUST019
8941,2025-01-13,7000,1301.97,EUR,CUST008
8942,2023-10-24,7000,1679.79,EUR,CUST006
8943,2020-10-05,7000,486.52,EUR,CUST012
8944,2020-12-17,7000,1183.13,EUR,CUST013
8945,2025-08-08,6000,3282.41,EUR,CUST018
8946,2022-10-22,7000,1776.71,EUR,CUST011
8947,2021-08-25,7000,1359.95,EUR,CUST003
8948,2022-11-24,6000,193.22,EUR,CUST009
8949,2022-10-18,7000,2160.23,EUR,CUST011
8950,2023-02-02,6000,506.44,EUR,CUST001
8951,2025-06-23,6000,4407.13,EUR,CUST007
8952,2020-11-11,6000,3067.09,EUR,CUST017
8953,2025-08-01,7000,1816.17,EUR,CUST011
8954,2024-06-15,7000,4516.81,EUR,CUST009
8955,2023-06-09,7000,307.47,EUR,CUST017
8956,2024-05-21,6000,362.25,EUR,CUST011
8957,2022-03-04,6000,1332.94,EUR,CUST011
8958,2019-10-18,6000,692.58,EUR,CUST010
8959,2020-12-08,7000,1697.89,EUR,CUST005
8960,2024-07-17,7000,3034.49,EUR,CUST006
8961,2022-11-01,7000,3191.09,EUR,CUST001
8962,2024-04-29,6000,1718.51,EUR,CUST001
8963,2022-06-16,7000,1510.79,EUR,CUST015
8964,2024-05-17,7000,483.14,EUR,CUST009
8965,2023-07-15,7000,2329.16,EUR,CUST008
8966,2023-09-18,7000,4923.32,EUR,CUST014
8967,2025-02-19,6000,3517.97,EUR,CUST008
8968,2023-10-10,7000,4942.92,EUR,CUST011
8969,2025-08-13,7000,4076.64,EUR,CUST007
8970,2023-08-08,7000,3626.06,EUR,CUST019
8971,2020-09-26,7000,827.26,EUR,CUST016
8972,2021-01-03,6000,3797.42,EUR,CUST010
8973,2022-05-01,6000,2114.01,EUR,CUST005
8974,2020-06-30,7000,1068.12,EUR,CUST011
8975,2025-05-18,6000,3970.45,EUR,CUST011
8976,2025-05-16,7000,1117.4,EUR,CUST017
8977,2021-05-16,7000,1879.79,EUR,CUST019
8978,2025-09-18,7000,2947.8,EUR,CUST003
8979,2022-04-21,6000,3001.8,EUR,CUST005
8980,2021-06-07,6000,3205.91,EUR,CUST003
8981,2024-07-10,6000,1901.85,EUR,CUST002
8982,2022-11-23,7000,2177.98,EUR,CUST015
8983,2025-09-06,6000,3266.74,EUR,CUST010
8984,2024-04-19,7000,399.12,EUR,CUST014
8985,2022-09-27,6000,2621.05,EUR,CUST013
8986,2023-08-28,6000,1849.0,EUR,CUST015
8987,2020-08-07,6000,800.96,EUR,CUST001
8988,2020-01-03,7000,2003.29,EUR,CUST003
8989,2023-04-13,6000,2479.71,EUR,CUST012
8990,2019-10-01,7000,4525.34,EUR,CUST017
8991,2023-10-27,6000,3770.09,EUR,CUST005
8992,2024-01-23,6000,3013.68,EUR,CUST018
8993,2020-01-07,6000,503.85,EUR,CUST016
8994,2025-04-29,7000,3786.42,EUR,CUST007
8995,2023-08-31,6000,3759.81,EUR,CUST018
8996,2021-12-06,7000,4063.18,EUR,CUST006
8997,2025-04-12,6000,357.71,EUR,CUST009
8998,2025-07-27,7000,196.7,EUR,CUST005
8999,2020-08-23,6000,1005.21,EUR,CUST016
9000,2024-06-13,6000,1575.35,EUR,CUST019
9001,2023-05-31,6000,1572.04,EUR,CUST008
9002,2023-11-07,6000,2639.43,EUR,CUST018
9003,2021-05-07,7000,331.88,EUR,CUST006
9004,2020-04-01,7000,882.21,EUR,CUST006
9005,2021-05-04,6000,3234.77,EUR,CUST005
9006,2025-03-01,6000,1510.67,EUR,CUST017
9007,2020-12-23,6000,4742.62,EUR,CUST005
9008,2024-05-01,7000,3458.98,EUR,CUST001
9009,2022-06-27,6000,4501.99,EUR,CUST017
9010,2023-07-25,6000,2697.73,EUR,CUST018
9011,2020-07-10,6000,1596.54,EUR,CUST017
9012,2019-11-22,7000,1413.42,EUR,CUST014
9013,2024-07-25,6000,643.72,EUR,CUST007
9014,2021-05-22,7000,3400.67,EUR,CUST019
9015,2019-10-24,6000,4038.93,EUR,CUST004
9016,2022-10-08,7000,4828.92,EUR,CUST008
9017,2025-07-13,6000,2573.67,EUR,CUST002
9018,2020-05-25,6000,1724.22,EUR,CUST014
9019,2024-12-14,6000,3307.04,EUR,CUST017
9020,2024-04-14,6000,1986.39,EUR,CUST008
9021,2021-03-03,7000,2174.02,EUR,CUST002
9022,2022-08-18,7000,266.23,EUR,CUST004
9023,2022-02-20,6000,4251.8,EUR,CUST013
9024,2022-11-24,6000,1641.65,EUR,CUST009
9025,2020-07-06,7000,4904.28,EUR,CUST008
9026,2020-03-17,7000,2099.99,EUR,CUST004
9027,2025-02-01,7000,4862.52,EUR,CUST014
9028,2023-04-07,6000,210.89,EUR,CUST014
9029,2024-10-15,7000,2132.35,EUR,CUST005
9030,2025-09-20,6000,4588.73,EUR,CUST017
9031,2022-12-28,6000,4740.57,EUR,CUST016
9032,2024-09-29,6000,3312.66,EUR,CUST015
9033,2023-04-06,6000,3636.55,EUR,CUST012
9034,2022-04-07,7000,1051.69,EUR,CUST011
9035,2023-10-30,7000,968.19,EUR,CUST009
9036,2021-06-09,6000,1107.01,EUR,CUST013
9037,2024-01-14,6000,3712.84,EUR,CUST006
9038,2021-12-15,6000,3147.78,EUR,CUST009
9039,2023-07-08,7000,4881.36,EUR,CUST013
9040,2022-09-28,7000,1948.14,EUR,CUST001
9041,2025-07-30,6000,2016.92,EUR,CUST010
9042,2021-12-16,7000,635.36,EUR,CUST017
9043,2022-11-26,7000,1798.09,EUR,CUST012
9044,2022-02-25,7000,197.34,EUR,CUST015
9045,2021-08-18,6000,2217.78,EUR,CUST004
9046,2021-12-18,7000,181.92,EUR,CUST002
9047,2021-11-05,7000,436.13,EUR,CUST001
9048,2024-03-06,7000,2497.23,EUR,CUST007
9049,2024-02-21,7000,1024.95,EUR,CUST003
9050,2023-11-05,7000,4889.19,EUR,CUST008
9051,2020-02-09,6000,116.75,EUR,CUST012
9052,2021-07-24,6000,2547.57,EUR,CUST018
9053,2020-03-09,6000,736.21,EUR,CUST009
9054,2024-05-20,6000,3791.91,EUR,CUST014
9055,2021-05-21,6000,2654.4,EUR,CUST018
9056,2020-09-27,6000,1800.88,EUR,CUST009
9057,2025-09-16,7000,4318.59,EUR,CUST005
9058,2025-08-05,6000,818.03,EUR,CUST012
9059,2023-09-13,6000,4754.87,EUR,CUST014
9060,2022-10-29,6000,1333.42,EUR,CUST017
9061,2020-07-20,7000,1885.76,EUR,CUST001
9062,2022-08-08,7000,2773.52,EUR,CUST018
9063,2020-06-03,7000,4166.05,EUR,CUST020
9064,2025-06-10,6000,4149.95,EUR,CUST005
9065,2025-09-24,6000,3611.99,EUR,CUST002
9066,2024-04-29,7000,2107.32,EUR,CUST020
9067,2024-08-09,7000,1336.03,EUR,CUST001
9068,2020-05-06,6000,3987.86,EUR,CUST001
9069,2025-06-07,7000,106.63,EUR,CUST010
9070,2021-03-01,6000,2133.76,EUR,CUST020
9071,2022-12-18,6000,1287.66,EUR,CUST019
9072,2022-08-02,6000,700.42,EUR,CUST013
9073,2024-07-11,7000,4924.28,EUR,CUST005
9074,2023-07-03,6000,2922.24,EUR,CUST002
9075,2020-03-14,7000,4751.08,EUR,CUST003
9076,2020-07-18,6000,1521.18,EUR,CUST012
9077,2023-09-02,7000,3605.61,EUR,CUST011
9078,2020-12-21,7000,4829.39,EUR,CUST002
9079,2022-07-27,7000,1502.34,EUR,CUST013
9080,2020-11-19,7000,410.93,EUR,CUST004
9081,2020-04-20,6000,1985.66,EUR,CUST016
9082,2023-04-11,7000,3531.33,EUR,CUST004
9083,2020-03-01,6000,3585.41,EUR,CUST005
9084,2024-11-30,6000,3427.27,EUR,CUST001
9085,2024-02-10,7000,2387.59,EUR,CUST020
9086,2024-09-25,6000,4023.11,EUR,CUST006
9087,2022-12-07,6000,776.61,EUR,CUST002
9088,2022-12-01,7000,4388.16,EUR,CUST014
9089,2021-10-27,7000,1099.99,EUR,CUST009
9090,2020-06-01,6000,3931.93,EUR,CUST016
9091,2025-01-25,6000,1117.93,EUR,CUST009
9092,2021-02-22,7000,4659.97,EUR,CUST001
9093,2020-06-08,6000,672.17,EUR,CUST011
9094,2025-09-17,6000,3691.52,EUR,CUST018
9095,2024-11-17,6000,2131.31,EUR,CUST014
9096,2025-03-12,6000,1904.18,EUR,CUST004
9097,2020-03-28,6000,790.82,EUR,CUST020
9098,2020-01-13,7000,1699.61,EUR,CUST004
9099,2022-09-05,7000,4390.31,EUR,CUST004
9100,2023-12-02,6000,1442.24,EUR,CUST014
9101,2022-10-07,6000,1895.41,EUR,CUST014
9102,2022-05-04,6000,302.91,EUR,CUST009
9103,2021-04-23,7000,3561.52,EUR,CUST011
9104,2022-07-29,7000,3429.14,EUR,CUST007
9105,2023-07-08,6000,721.07,EUR,CUST017
9106,2022-08-25,7000,2988.4,EUR,CUST001
9107,2025-01-03,7000,341.71,EUR,CUST006
9108,2020-11-29,7000,4206.02,EUR,CUST016
9109,2023-03-05,7000,1596.18,EUR,CUST005
9110,2021-11-10,6000,1218.34,EUR,CUST013
9111,2021-04-02,7000,4186.33,EUR,CUST019
9112,2022-07-20,6000,4397.84,EUR,CUST012
9113,2020-06-08,7000,3556.06,EUR,CUST005
9114,2022-09-17,7000,4523.27,EUR,CUST008
9115,2023-12-08,7000,3401.14,EUR,CUST015
9116,2022-02-24,7000,1490.67,EUR,CUST001
9117,2025-07-22,6000,2987.4,EUR,CUST018
9118,2020-07-20,7000,1458.26,EUR,CUST017
9119,2023-10-14,6000,3327.85,EUR,CUST005
9120,2021-01-28,7000,1311.53,EUR,CUST005
9121,2021-09-18,6000,2121.18,EUR,CUST017
9122,2024-03-20,7000,3658.43,EUR,CUST004
9123,2025-04-17,6000,3897.51,EUR,CUST018
9124,2024-04-18,7000,3762.68,EUR,CUST010
9125,2025-01-29,7000,2337.12,EUR,CUST003
9126,2021-04-07,7000,1582.21,EUR,CUST016
9127,2023-12-25,7000,1309.1,EUR,CUST002
9128,2024-02-16,6000,3749.13,EUR,CUST001
9129,2022-03-27,7000,4362.55,EUR,CUST019
9130,2021-11-18,7000,1639.72,EUR,CUST003
9131,2024-09-13,6000,4690.69,EUR,CUST007
9132,2020-08-21,6000,2017.09,EUR,CUST009
9133,2022-05-25,7000,3385.04,EUR,CUST001
9134,2020-09-14,6000,1712.11,EUR,CUST005
9135,2025-06-27,6000,4335.21,EUR,CUST008
9136,2024-10-12,7000,1153.59,EUR,CUST010
9137,2024-12-08,6000,2081.65,EUR,CUST011
9138,2024-01-08,6000,756.84,EUR,CUST012
9139,2020-11-11,6000,1444.6,EUR,CUST011
9140,2020-03-04,6000,1377.45,EUR,CUST003
9141,2022-08-26,6000,3549.78,EUR,CUST014
9142,2024-03-15,7000,2534.13,EUR,CUST014
9143,2022-12-17,7000,4971.2,EUR,CUST020
9144,2025-08-30,7000,542.48,EUR,CUST018
9145,2024-03-20,7000,3815.5,EUR,CUST008
9146,2022-05-13,7000,320.35,EUR,CUST001
9147,2025-03-26,6000,3304.92,EUR,CUST004
9148,2021-02-18,7000,4676.6,EUR,CUST015
9149,2021-03-19,7000,1665.89,EUR,CUST009
9150,2024-01-20,6000,1758.88,EUR,CUST006
9151,2024-08-03,7000,4654.53,EUR,CUST001
9152,2025-06-06,6000,1070.33,EUR,CUST002
9153,2021-11-22,7000,2907.98,EUR,CUST009
9154,2019-12-20,6000,4475.5,EUR,CUST010
9155,2019-10-03,7000,2744.75,EUR,CUST016
9156,2020-07-24,6000,2000.49,EUR,CUST013
9157,2022-12-26,7000,2150.85,EUR,CUST014
9158,2023-12-23,6000,2315.01,EUR,CUST016
9159,2025-05-09,7000,4695.79,EUR,CUST013
9160,2020-12-07,7000,2582.87,EUR,CUST011
9161,2020-09-01,7000,312.03,EUR,CUST019
9162,2023-11-24,6000,4867.99,EUR,CUST015
9163,2021-02-22,7000,805.43,EUR,CUST006
9164,2022-07-03,7000,907.62,EUR,CUST011
9165,2022-11-10,6000,257.27,EUR,CUST001
9166,2020-05-16,6000,523.14,EUR,CUST004
9167,2022-08-10,6000,3800.54,EUR,CUST001
9168,2025-07-04,7000,1371.87,EUR,CUST019
9169,2022-04-17,6000,4571.99,EUR,CUST006
9170,2019-10-20,6000,1387.29,EUR,CUST008
9171,2024-09-18,6000,2788.13,EUR,CUST011
9172,2023-02-27,6000,4774.03,EUR,CUST019
9173,2024-10-05,7000,4301.05,EUR,CUST017
9174,2024-09-13,6000,4871.76,EUR,CUST014
9175,2021-09-06,6000,3718.63,EUR,CUST002
9176,2023-12-30,6000,3592.02,EUR,CUST002
9177,2020-07-10,6000,2637.25,EUR,CUST020
9178,2022-06-04,6000,1806.41,EUR,CUST007
9179,2023-06-05,7000,4130.23,EUR,CUST010
9180,2020-12-22,6000,1995.63,EUR,CUST015
9181,2021-12-17,7000,853.64,EUR,CUST019
9182,2024-05-09,6000,2665.16,EUR,CUST018
9183,2020-12-04,6000,4377.02,EUR,CUST016
9184,2021-08-25,7000,4206.9,EUR,CUST017
9185,2024-08-02,6000,2618.36,EUR,CUST006
9186,2024-08-14,6000,971.72,EUR,CUST001
9187,2021-12-22,6000,4562.88,EUR,CUST011
9188,2024-11-24,6000,323.12,EUR,CUST010
9189,2024-05-16,7000,2619.62,EUR,CUST011
9190,2023-10-31,6000,847.61,EUR,CUST018
9191,2024-11-30,6000,3355.63,EUR,CUST019
9192,2021-02-27,7000,1339.81,EUR,CUST011
9193,2023-05-20,7000,4839.23,EUR,CUST003
9194,2019-12-13,7000,1155.78,EUR,CUST008
9195,2020-01-27,7000,1882.88,EUR,CUST014
9196,2022-03-23,6000,3605.23,EUR,CUST013
9197,2022-11-08,6000,1439.91,EUR,CUST005
9198,2020-05-05,6000,1561.07,EUR,CUST017
9199,2024-10-06,7000,925.39,EUR,CUST013
9200,2022-05-16,7000,1755.18,EUR,CUST012
9201,2019-10-25,6000,4137.04,EUR,CUST008
9202,2020-10-27,6000,4676.4,EUR,CUST017
9203,2022-04-27,6000,1694.24,EUR,CUST009
9204,2021-07-02,7000,192.35,EUR,CUST004
9205,2023-08-10,6000,1282.41,EUR,CUST016
9206,2022-07-08,7000,134.56,EUR,CUST018
9207,2024-01-07,6000,1060.69,EUR,CUST006
9208,2023-05-19,6000,1870.92,EUR,CUST014
9209,2022-09-13,6000,881.99,EUR,CUST012
9210,2025-09-02,7000,1990.57,EUR,CUST009
9211,2023-10-30,6000,3377.88,EUR,CUST016
9212,2024-01-27,7000,442.31,EUR,CUST015
9213,2024-03-24,6000,1487.02,EUR,CUST019
9214,2021-04-26,7000,976.72,EUR,CUST006
9215,2024-09-09,6000,1202.5,EUR,CUST012
9216,2022-11-30,7000,3904.32,EUR,CUST019
9217,2023-06-16,7000,690.67,EUR,CUST005
9218,2020-03-01,7000,1313.11,EUR,CUST016
9219,2020-10-15,7000,1624.22,EUR,CUST015
9220,2020-01-11,7000,3949.55,EUR,CUST009
9221,2021-07-12,7000,3428.03,EUR,CUST009
9222,2021-12-22,7000,1147.88,EUR,CUST019
9223,2025-01-17,7000,1425.47,EUR,CUST008
9224,2022-04-28,6000,2113.31,EUR,CUST014
9225,2020-07-20,7000,260.06,EUR,CUST001
9226,2025-02-06,7000,2600.02,EUR,CUST003
9227,2024-09-13,6000,2234.34,EUR,CUST014
9228,2020-07-31,7000,4055.5,EUR,CUST001
9229,2023-07-09,7000,2737.87,EUR,CUST008
9230,2020-09-10,7000,303.19,EUR,CUST010
9231,2019-11-30,7000,3586.21,EUR,CUST015
9232,2024-05-21,6000,1942.03,EUR,CUST003
9233,2025-04-20,6000,3940.84,EUR,CUST003
9234,2023-09-25,6000,4919.99,EUR,CUST003
9235,2023-02-03,6000,1956.76,EUR,CUST014
9236,2022-01-23,6000,4848.14,EUR,CUST006
9237,2023-09-17,6000,1403.37,EUR,CUST006
9238,2025-06-01,6000,1454.36,EUR,CUST001
9239,2023-06-03,6000,3387.53,EUR,CUST017
9240,2022-03-10,7000,4430.64,EUR,CUST008
9241,2022-11-13,7000,1888.15,EUR,CUST002
9242,2020-02-29,6000,1111.97,EUR,CUST013
9243,2025-03-03,7000,2877.48,EUR,CUST006
9244,2024-03-10,7000,593.69,EUR,CUST011
9245,2024-06-05,6000,2500.01,EUR,CUST007
9246,2023-01-24,6000,2536.93,EUR,CUST009
9247,2021-01-18,6000,3283.26,EUR,CUST015
9248,2020-03-01,6000,1957.41,EUR,CUST011
9249,2021-07-20,6000,3115.21,EUR,CUST019
9250,2025-04-18,6000,3876.95,EUR,CUST015
9251,2020-02-13,7000,3718.95,EUR,CUST011
9252,2022-06-09,7000,1121.35,EUR,CUST011
9253,2020-08-19,6000,2304.13,EUR,CUST009
9254,2020-03-01,6000,3006.31,EUR,CUST014
9255,2024-03-22,6000,4674.32,EUR,CUST020
9256,2024-01-17,6000,1015.06,EUR,CUST008
9257,2023-03-03,6000,206.75,EUR,CUST002
9258,2020-03-13,7000,445.5,EUR,CUST005
9259,2023-10-07,6000,4784.25,EUR,CUST017
9260,2021-10-21,7000,2168.01,EUR,CUST008
9261,2020-07-02,7000,4600.25,EUR,CUST017
9262,2024-03-17,7000,1735.3,EUR,CUST010
9263,2025-02-04,7000,4335.33,EUR,CUST001
9264,2021-07-25,6000,1929.53,EUR,CUST004
9265,2025-06-07,7000,2651.58,EUR,CUST011
9266,2024-05-19,6000,3520.49,EUR,CUST018
9267,2022-12-02,6000,3126.88,EUR,CUST012
9268,2021-09-11,6000,2672.27,EUR,CUST006
9269,2025-07-02,6000,3622.52,EUR,CUST002
9270,2025-07-30,6000,3415.28,EUR,CUST013
9271,2025-04-07,6000,1031.46,EUR,CUST019
9272,2025-03-22,7000,690.13,EUR,CUST011
9273,2023-10-19,7000,843.6,EUR,CUST013
9274,2021-12-15,7000,2257.74,EUR,CUST012
9275,2025-09-14,6000,4462.56,EUR,CUST004
9276,2022-05-26,6000,4050.01,EUR,CUST010
9277,2021-06-29,6000,526.62,EUR,CUST014
9278,2024-10-24,7000,2950.55,EUR,CUST012
9279,2025-06-04,7000,546.17,EUR,CUST007
9280,2021-09-03,7000,1128.33,EUR,CUST012
9281,2023-04-05,7000,3904.34,EUR,CUST003
9282,2024-05-09,7000,4052.83,EUR,CUST008
9283,2022-03-02,7000,4925.31,EUR,CUST014
9284,2022-07-06,6000,1389.47,EUR,CUST008
9285,2023-02-05,7000,2685.69,EUR,CUST006
9286,2023-01-20,7000,3719.95,EUR,CUST002
9287,2024-08-21,7000,3595.8,EUR,CUST002
9288,2022-04-04,6000,477.77,EUR,CUST008
9289,2024-08-29,6000,1089.33,EUR,CUST009
9290,2020-04-20,7000,4298.68,EUR,CUST018
9291,2024-02-05,7000,4437.78,EUR,CUST008
9292,2020-02-10,6000,1178.27,EUR,CUST019
9293,2022-07-12,6000,3566.89,EUR,CUST006
9294,2024-01-03,7000,4334.01,EUR,CUST008
9295,2023-02-03,6000,1747.17,EUR,CUST008
9296,2021-10-24,7000,2339.11,EUR,CUST010
9297,2020-07-24,6000,677.09,EUR,CUST006
9298,2023-03-03,6000,2909.82,EUR,CUST003
9299,2022-01-07,6000,699.75,EUR,CUST005
9300,2020-11-30,7000,1004.03,EUR,CUST012
9301,2023-01-25,7000,4379.06,EUR,CUST009
9302,2025-05-22,6000,503.93,EUR,CUST003
9303,2024-10-07,6000,4458.76,EUR,CUST010
9304,2021-07-28,6000,2443.0,EUR,CUST009
9305,2020-10-04,7000,3688.82,EUR,CUST020
9306,2020-11-10,6000,2571.85,EUR,CUST006
9307,2025-02-15,6000,1023.23,EUR,CUST007
9308,2025-03-16,7000,192.12,EUR,CUST015
9309,2024-07-01,7000,4031.77,EUR,CUST018
9310,2022-03-17,6000,1149.6,EUR,CUST008
9311,2020-04-18,7000,1468.46,EUR,CUST005
9312,2019-11-19,6000,2284.85,EUR,CUST015
9313,2022-10-20,7000,1855.53,EUR,CUST006
9314,2025-07-12,7000,1052.26,EUR,CUST020
9315,2020-09-04,7000,563.41,EUR,CUST016
9316,2019-10-11,6000,185.34,EUR,CUST018
9317,2024-08-04,7000,1775.46,EUR,CUST019
9318,2023-02-11,6000,3813.92,EUR,CUST007
9319,2025-09-13,6000,251.98,EUR,CUST002
9320,2019-12-28,6000,4493.05,EUR,CUST018
9321,2022-07-16,7000,4652.01,EUR,CUST002
9322,2024-04-12,6000,1802.95,EUR,CUST004
9323,2025-09-23,7000,699.63,EUR,CUST005
9324,2023-04-25,6000,2793.06,EUR,CUST020
9325,2020-07-22,6000,4555.6,EUR,CUST001
9326,2021-11-19,7000,4349.58,EUR,CUST003
9327,2022-12-11,7000,4328.25,EUR,CUST016
9328,2023-03-21,7000,4365.97,EUR,CUST016
9329,2022-04-18,6000,311.44,EUR,CUST011
9330,2023-09-30,6000,4234.79,EUR,CUST001
9331,2023-06-18,7000,3817.44,EUR,CUST012
9332,2024-01-10,7000,1070.22,EUR,CUST020
9333,2025-09-07,6000,698.34,EUR,CUST003
9334,2025-05-20,6000,2353.27,EUR,CUST003
9335,2021-08-14,7000,3885.39,EUR,CUST016
9336,2023-10-18,7000,1007.53,EUR,CUST018
9337,2023-03-09,6000,3840.02,EUR,CUST012
9338,2022-05-25,6000,3824.42,EUR,CUST012
9339,2020-09-15,7000,4574.58,EUR,CUST010
9340,2023-03-30,7000,3971.61,EUR,CUST010
9341,2023-07-26,6000,744.23,EUR,CUST004
9342,2023-05-03,6000,266.0,EUR,CUST020
9343,2020-02-19,6000,4530.33,EUR,CUST020
9344,2020-01-19,6000,1439.78,EUR,CUST018
9345,2020-06-23,6000,2438.63,EUR,CUST005
9346,2025-04-20,7000,3495.74,EUR,CUST007
9347,2023-03-15,6000,1803.21,EUR,CUST001
9348,2020-06-12,6000,266.98,EUR,CUST005
9349,2021-10-24,7000,4497.35,EUR,CUST012
9350,2024-07-16,7000,306.46,EUR,CUST003
9351,2025-03-29,6000,2498.45,EUR,CUST003
9352,2020-02-01,7000,436.14,EUR,CUST007
9353,2025-02-21,7000,3735.23,EUR,CUST005
9354,2022-08-24,7000,3938.57,EUR,CUST014
9355,2024-11-10,6000,3590.92,EUR,CUST018
9356,2023-04-20,6000,4224.13,EUR,CUST016
9357,2025-01-15,6000,2580.8,EUR,CUST018
9358,2024-02-26,6000,2687.29,EUR,CUST018
9359,2021-12-29,7000,1654.51,EUR,CUST007
9360,2022-12-22,6000,3170.4,EUR,CUST011
9361,2022-11-02,6000,832.77,EUR,CUST002
9362,2024-12-27,7000,1262.54,EUR,CUST002
9363,2022-12-18,6000,4568.37,EUR,CUST015
9364,2021-04-17,7000,4957.62,EUR,CUST003
9365,2021-10-06,6000,2673.26,EUR,CUST014
9366,2020-09-06,6000,2138.57,EUR,CUST019
9367,2023-12-16,6000,4058.42,EUR,CUST011
9368,2022-05-31,7000,3541.64,EUR,CUST008
9369,2020-10-10,7000,3918.92,EUR,CUST012
9370,2023-05-18,6000,3341.17,EUR,CUST014
9371,2024-03-16,6000,4651.02,EUR,CUST009
9372,2025-02-27,7000,3393.71,EUR,CUST008
9373,2020-04-30,7000,392.77,EUR,CUST002
9374,2020-03-06,7000,4063.7,EUR,CUST005
9375,2025-04-06,6000,2820.08,EUR,CUST001
9376,2022-02-14,7000,1755.53,EUR,CUST016
9377,2020-01-11,6000,4060.58,EUR,CUST007
9378,2022-07-03,7000,4151.69,EUR,CUST011
9379,2019-10-11,7000,4809.64,EUR,CUST014
9380,2022-03-15,7000,3666.09,EUR,CUST016
9381,2021-04-04,7000,4517.52,EUR,CUST012
9382,2023-06-12,6000,2169.97,EUR,CUST004
9383,2025-05-25,6000,1398.02,EUR,CUST012
9384,2024-08-04,7000,4320.47,EUR,CUST006
9385,2024-08-13,7000,2925.16,EUR,CUST012
9386,2025-04-10,7000,1342.77,EUR,CUST017
9387,2022-07-14,7000,4568.07,EUR,CUST013
9388,2022-10-28,7000,3597.91,EUR,CUST011
9389,2025-02-24,6000,1184.97,EUR,CUST004
9390,2021-05-24,7000,3292.06,EUR,CUST014
9391,2021-08-07,6000,3903.57,EUR,CUST012
9392,2024-12-11,6000,4711.52,EUR,CUST020
9393,2024-03-27,6000,3361.68,EUR,CUST010
9394,2020-12-04,6000,2679.39,EUR,CUST018
9395,2021-09-25,7000,4535.37,EUR,CUST006
9396,2023-12-07,7000,2677.65,EUR,CUST010
9397,2020-12-24,7000,3025.1,EUR,CUST005
9398,2023-12-07,6000,265.73,EUR,CUST005
9399,2020-04-06,7000,179.47,EUR,CUST002
9400,2024-11-28,6000,1665.77,EUR,CUST020
9401,2024-03-22,6000,4271.15,EUR,CUST019
9402,2025-08-05,6000,4316.01,EUR,CUST001
9403,2019-12-06,7000,4715.27,EUR,CUST012
9404,2021-10-01,6000,428.35,EUR,CUST003
9405,2024-08-09,7000,1114.43,EUR,CUST017
9406,2024-05-23,6000,337.01,EUR,CUST008
9407,2021-03-17,6000,4285.4,EUR,CUST014
9408,2022-09-15,7000,463.22,EUR,CUST019
9409,2020-06-07,6000,3801.39,EUR,CUST018
9410,2022-03-01,6000,4217.32,EUR,CUST020
9411,2025-01-22,6000,4613.05,EUR,CUST010
9412,2023-08-31,7000,4606.97,EUR,CUST008
9413,2020-03-28,7000,3988.75,EUR,CUST013
9414,2020-07-30,7000,4877.04,EUR,CUST014
9415,2020-09-17,7000,2839.38,EUR,CUST011
9416,2024-12-14,6000,1593.94,EUR,CUST011
9417,2021-07-29,6000,4867.02,EUR,CUST008
9418,2023-11-09,7000,2230.84,EUR,CUST008
9419,2025-07-10,6000,3618.6,EUR,CUST009
9420,2025-01-04,7000,1982.94,EUR,CUST002
9421,2020-05-11,6000,4675.08,EUR,CUST014
9422,2022-08-30,7000,2201.33,EUR,CUST009
9423,2022-05-24,6000,3373.01,EUR,CUST020
9424,2020-06-08,7000,4760.23,EUR,CUST001
9425,2022-04-21,7000,1495.53,EUR,CUST005
9426,2020-10-22,6000,2317.58,EUR,CUST006
9427,2023-03-28,7000,3413.16,EUR,CUST017
9428,2022-06-27,7000,3403.3,EUR,CUST011
9429,2024-11-11,7000,2944.38,EUR,CUST010
9430,2023-02-10,7000,3788.11,EUR,CUST010
9431,2025-04-25,6000,765.85,EUR,CUST008
9432,2023-01-06,6000,671.13,EUR,CUST011
9433,2023-06-05,6000,2270.62,EUR,CUST011
9434,2023-04-03,7000,3178.69,EUR,CUST014
9435,2022-05-19,7000,3617.92,EUR,CUST004
9436,2022-04-20,7000,1340.06,EUR,CUST012
9437,2020-10-03,6000,2461.42,EUR,CUST001
9438,2023-01-14,7000,2171.61,EUR,CUST001
9439,2024-04-27,7000,2539.29,EUR,CUST010
9440,2021-02-01,6000,1560.71,EUR,CUST001
9441,2021-03-21,6000,3759.13,EUR,CUST002
9442,2020-06-28,6000,4823.06,EUR,CUST008
9443,2021-12-19,7000,912.94,EUR,CUST005
9444,2024-08-28,7000,3797.67,EUR,CUST004
9445,2025-05-31,6000,3831.0,EUR,CUST004
9446,2023-10-09,6000,2068.18,EUR,CUST011
9447,2021-04-06,6000,526.1,EUR,CUST003
9448,2021-12-30,6000,4165.49,EUR,CUST007
9449,2022-05-07,6000,1737.78,EUR,CUST005
9450,2022-12-19,7000,4164.92,EUR,CUST002
9451,2022-10-02,7000,2736.42,EUR,CUST008
9452,2021-11-06,7000,4389.37,EUR,CUST007
9453,2024-07-02,7000,3837.8,EUR,CUST017
9454,2019-12-28,6000,4626.59,EUR,CUST020
9455,2022-06-26,7000,3715.55,EUR,CUST015
9456,2023-09-10,6000,2354.78,EUR,CUST018
9457,2024-12-20,7000,1425.05,EUR,CUST015
9458,2023-10-10,6000,4587.7,EUR,CUST010
9459,2021-06-11,7000,1413.54,EUR,CUST016
9460,2025-03-13,6000,1519.6,EUR,CUST016
9461,2020-03-09,7000,2037.9,EUR,CUST020
9462,2024-06-08,7000,2306.16,EUR,CUST011
9463,2025-05-15,7000,4148.49,EUR,CUST003
9464,2024-03-07,7000,523.29,EUR,CUST015
9465,2021-10-24,7000,3185.44,EUR,CUST001
9466,2021-01-29,7000,1678.76,EUR,CUST006
9467,2021-07-03,6000,2730.31,EUR,CUST012
9468,2024-03-16,7000,245.28,EUR,CUST011
9469,2022-07-03,7000,497.1,EUR,CUST009
9470,2024-06-21,6000,4651.73,EUR,CUST009
9471,2022-04-04,7000,4035.52,EUR,CUST006
9472,2023-10-09,6000,3264.48,EUR,CUST011
9473,2025-09-28,7000,2105.55,EUR,CUST019
9474,2024-12-07,6000,2701.61,EUR,CUST005
9475,2022-11-08,6000,2919.28,EUR,CUST009
9476,2020-06-18,6000,4400.27,EUR,CUST002
9477,2022-06-14,6000,239.76,EUR,CUST001
9478,2021-01-08,6000,430.77,EUR,CUST019
9479,2020-12-26,6000,4287.47,EUR,CUST007
9480,2020-03-26,6000,2536.62,EUR,CUST006
9481,2023-06-17,7000,2443.1,EUR,CUST007
9482,2020-11-01,6000,802.78,EUR,CUST005
9483,2021-04-03,6000,2374.33,EUR,CUST004
9484,2024-08-14,7000,361.79,EUR,CUST007
9485,2021-05-17,7000,2386.61,EUR,CUST002
9486,2020-03-03,6000,3103.58,EUR,CUST015
9487,2021-04-04,7000,1573.29,EUR,CUST016
9488,2022-12-31,6000,3816.53,EUR,CUST011
9489,2023-09-10,7000,4576.41,EUR,CUST018
9490,2020-10-30,6000,4533.17,EUR,CUST003
9491,2020-11-07,7000,2107.43,EUR,CUST009
9492,2025-03-28,7000,2935.27,EUR,CUST020
9493,2023-03-15,7000,3067.61,EUR,CUST019
9494,2023-05-05,7000,231.53,EUR,CUST006
9495,2024-05-20,7000,3436.06,EUR,CUST008
9496,2020-09-23,7000,689.01,EUR,CUST010
9497,2020-12-16,7000,4382.0,EUR,CUST005
9498,2023-11-25,7000,3064.47,EUR,CUST012
9499,2022-06-14,7000,2749.62,EUR,CUST001
9500,2022-07-14,7000,3521.85,EUR,CUST017
9501,2023-07-22,6000,4987.86,EUR,CUST006
9502,2021-03-15,6000,4005.37,EUR,CUST003
9503,2025-09-22,6000,1721.16,EUR,CUST017
9504,2019-10-24,6000,1828.26,EUR,CUST001
9505,2025-09-16,7000,1307.21,EUR,CUST013
9506,2023-12-15,6000,4226.88,EUR,CUST013
9507,2020-10-18,7000,1168.62,EUR,CUST015
9508,2024-05-28,6000,1612.4,EUR,CUST002
9509,2023-07-21,6000,4938.68,EUR,CUST010
9510,2021-09-27,7000,2284.0,EUR,CUST003
9511,2021-11-26,6000,784.88,EUR,CUST011
9512,2020-06-24,7000,359.57,EUR,CUST001
9513,2025-09-16,6000,1704.68,EUR,CUST017
9514,2025-05-20,7000,2871.88,EUR,CUST012
9515,2020-04-05,6000,1988.01,EUR,CUST007
9516,2019-12-25,6000,991.52,EUR,CUST011
9517,2024-08-19,7000,3115.8,EUR,CUST014
9518,2021-09-10,7000,809.56,EUR,CUST018
9519,2024-05-14,6000,2400.37,EUR,CUST013
9520,2022-02-17,7000,3951.21,EUR,CUST009
9521,2021-02-17,7000,4691.56,EUR,CUST008
9522,2022-01-23,7000,1135.89,EUR,CUST016
9523,2022-09-26,6000,4166.84,EUR,CUST012
9524,2020-12-18,6000,3476.39,EUR,CUST009
9525,2022-10-12,7000,3915.23,EUR,CUST016
9526,2023-11-10,6000,2164.46,EUR,CUST020
9527,2024-11-11,6000,1920.68,EUR,CUST002
9528,2021-07-16,6000,551.56,EUR,CUST006
9529,2022-06-21,6000,2687.53,EUR,CUST007
9530,2021-08-23,7000,2629.5,EUR,CUST001
9531,2020-08-05,6000,4454.05,EUR,CUST005
9532,2023-02-05,7000,2900.62,EUR,CUST010
9533,2024-03-05,7000,956.27,EUR,CUST011
9534,2021-01-18,6000,4648.58,EUR,CUST019
9535,2025-09-12,7000,2447.84,EUR,CUST020
9536,2022-12-16,6000,1690.79,EUR,CUST003
9537,2022-07-26,6000,4988.35,EUR,CUST017
9538,2024-08-11,6000,1968.11,EUR,CUST005
9539,2023-01-23,6000,106.95,EUR,CUST004
9540,2022-12-16,7000,1279.49,EUR,CUST003
9541,2020-02-21,6000,732.04,EUR,CUST005
9542,2023-04-21,6000,1250.59,EUR,CUST016
9543,2021-09-25,6000,2357.2,EUR,CUST014
9544,2020-08-30,6000,4821.17,EUR,CUST007
9545,2024-01-30,6000,354.16,EUR,CUST012
9546,2022-02-21,7000,3818.97,EUR,CUST011
9547,2023-12-07,6000,4778.02,EUR,CUST016
9548,2020-07-26,7000,343.07,EUR,CUST003
9549,2021-09-12,7000,4391.4,EUR,CUST015
9550,2025-09-29,7000,2528.93,EUR,CUST009
9551,2024-09-10,7000,2904.16,EUR,CUST019
9552,2020-03-28,6000,2749.93,EUR,CUST006
9553,2022-05-05,7000,4394.98,EUR,CUST011
9554,2021-11-22,6000,4464.79,EUR,CUST012
9555,2024-05-14,7000,2163.42,EUR,CUST010
9556,2024-08-15,7000,1638.58,EUR,CUST012
9557,2020-03-14,6000,3213.4,EUR,CUST012
9558,2025-03-03,6000,3419.73,EUR,CUST005
9559,2023-03-05,7000,1756.8,EUR,CUST015
9560,2020-12-17,6000,100.96,EUR,CUST002
9561,2024-11-25,7000,2228.97,EUR,CUST017
9562,2021-06-17,7000,3016.43,EUR,CUST002
9563,2020-11-19,6000,4839.11,EUR,CUST004
9564,2023-06-07,7000,4032.38,EUR,CUST007
9565,2024-02-21,7000,2852.0,EUR,CUST006
9566,2025-02-20,6000,917.72,EUR,CUST019
9567,2021-05-28,7000,3443.89,EUR,CUST018
9568,2019-12-24,7000,2183.92,EUR,CUST010
9569,2024-03-17,6000,3611.48,EUR,CUST002
9570,2022-11-07,6000,2913.72,EUR,CUST014
9571,2024-05-02,6000,3129.61,EUR,CUST010
9572,2020-04-02,6000,971.94,EUR,CUST002
9573,2022-06-13,6000,299.7,EUR,CUST012
9574,2024-07-10,6000,1047.15,EUR,CUST020
9575,2023-06-13,7000,1389.64,EUR,CUST016
9576,2024-09-27,7000,4444.52,EUR,CUST013
9577,2020-01-02,7000,690.67,EUR,CUST019
9578,2021-11-09,7000,2804.14,EUR,CUST017
9579,2020-08-01,6000,2198.61,EUR,CUST019
9580,2022-06-04,6000,3068.57,EUR,CUST006
9581,2019-11-26,6000,3686.5,EUR,CUST004
9582,2023-06-12,7000,2748.5,EUR,CUST007
9583,2023-03-21,6000,4500.75,EUR,CUST008
9584,2023-05-10,6000,2531.94,EUR,CUST020
9585,2025-02-16,7000,3927.15,EUR,CUST017
9586,2024-08-31,6000,4351.14,EUR,CUST001
9587,2024-06-26,7000,2168.81,EUR,CUST017
9588,2024-11-28,6000,1366.36,EUR,CUST004
9589,2023-03-24,7000,2231.39,EUR,CUST017
9590,2021-09-19,6000,3248.06,EUR,CUST005
9591,2020-01-07,6000,123.78,EUR,CUST007
9592,2024-07-02,7000,2668.83,EUR,CUST002
9593,2020-02-17,7000,1546.01,EUR,CUST017
9594,2024-06-22,7000,917.14,EUR,CUST018
9595,2024-11-03,6000,4338.98,EUR,CUST005
9596,2024-06-09,6000,3445.08,EUR,CUST003
9597,2023-07-25,6000,565.96,EUR,CUST020
9598,2020-04-06,6000,2322.71,EUR,CUST014
9599,2023-03-05,7000,4743.08,EUR,CUST011
9600,2023-11-30,6000,4484.02,EUR,CUST009
9601,2024-03-20,7000,3696.35,EUR,CUST017
9602,2021-06-21,7000,4066.65,EUR,CUST011
9603,2025-09-19,6000,897.96,EUR,CUST020
9604,2024-05-26,7000,1612.25,EUR,CUST001
9605,2024-04-14,7000,1686.14,EUR,CUST009
9606,2025-08-15,7000,2496.48,EUR,CUST005
9607,2021-01-14,7000,2172.11,EUR,CUST013
9608,2021-10-11,6000,2517.86,EUR,CUST012
9609,2021-01-14,7000,2461.29,EUR,CUST010
9610,2024-07-12,6000,1366.66,EUR,CUST015
9611,2025-03-14,6000,1441.79,EUR,CUST013
9612,2020-02-04,7000,3672.77,EUR,CUST009
9613,2019-12-02,6000,2935.61,EUR,CUST001
9614,2023-05-26,6000,1275.8,EUR,CUST009
9615,2020-07-10,7000,4095.2,EUR,CUST007
9616,2023-02-21,6000,2261.6,EUR,CUST020
9617,2021-02-23,7000,2460.67,EUR,CUST018
9618,2025-02-05,7000,348.52,EUR,CUST002
9619,2020-02-16,7000,2027.93,EUR,CUST007
9620,2021-11-12,7000,3997.24,EUR,CUST011
9621,2021-10-17,7000,1903.38,EUR,CUST002
9622,2025-07-15,6000,4979.94,EUR,CUST009
9623,2021-11-22,7000,3972.66,EUR,CUST020
9624,2021-06-08,6000,2671.78,EUR,CUST009
9625,2025-01-10,6000,4633.31,EUR,CUST014
9626,2022-03-20,7000,823.17,EUR,CUST008
9627,2022-12-31,6000,1968.66,EUR,CUST009
9628,2021-03-06,6000,2085.13,EUR,CUST013
9629,2025-04-25,6000,3550.58,EUR,CUST020
9630,2020-02-21,6000,2230.29,EUR,CUST016
9631,2024-10-18,7000,1987.34,EUR,CUST014
9632,2020-02-10,6000,4520.89,EUR,CUST016
9633,2023-05-27,6000,1407.64,EUR,CUST010
9634,2023-06-09,7000,100.4,EUR,CUST013
9635,2020-05-04,7000,3347.56,EUR,CUST017
9636,2023-04-28,7000,3272.93,EUR,CUST006
9637,2023-11-28,6000,4615.09,EUR,CUST018
9638,2020-04-11,7000,4384.27,EUR,CUST017
9639,2021-02-16,6000,2355.55,EUR,CUST015
9640,2021-03-11,6000,148.87,EUR,CUST016
9641,2023-06-06,7000,4339.6,EUR,CUST011
9642,2021-09-06,6000,513.89,EUR,CUST015
9643,2022-11-12,6000,4451.5,EUR,CUST016
9644,2022-02-03,6000,4278.84,EUR,CUST012
9645,2023-06-05,7000,3651.12,EUR,CUST012
9646,2021-11-19,7000,913.95,EUR,CUST001
9647,2021-11-14,7000,3981.2,EUR,CUST008
9648,2024-09-25,7000,4704.01,EUR,CUST018
9649,2021-04-15,6000,1250.71,EUR,CUST012
9650,2020-07-29,6000,2056.52,EUR,CUST004
9651,2023-03-14,7000,3311.34,EUR,CUST017
9652,2021-06-24,6000,965.24,EUR,CUST007
9653,2024-09-04,7000,2950.16,EUR,CUST010
9654,2022-05-10,6000,4627.13,EUR,CUST005
9655,2021-04-28,6000,2534.59,EUR,CUST015
9656,2024-01-24,6000,112.71,EUR,CUST002
9657,2022-08-23,6000,4893.56,EUR,CUST018
9658,2024-08-10,7000,4061.63,EUR,CUST013
9659,2020-01-29,7000,2047.21,EUR,CUST020
9660,2022-10-16,7000,986.01,EUR,CUST017
9661,2023-07-04,6000,348.07,EUR,CUST010
9662,2023-03-21,6000,1822.91,EUR,CUST015
9663,2020-01-20,7000,1723.0,EUR,CUST011
9664,2024-07-20,7000,1032.42,EUR,CUST001
9665,2024-02-13,7000,4483.91,EUR,CUST007
9666,2022-12-28,6000,3017.45,EUR,CUST018
9667,2024-04-11,6000,2266.66,EUR,CUST010
9668,2022-10-30,6000,4535.3,EUR,CUST009
9669,2020-10-12,6000,4614.62,EUR,CUST010
9670,2021-03-13,6000,830.43,EUR,CUST019
9671,2021-05-25,7000,1900.05,EUR,CUST001
9672,2022-12-10,6000,2377.29,EUR,CUST013
9673,2020-07-16,6000,4122.8,EUR,CUST008
9674,2020-10-02,6000,1883.62,EUR,CUST016
9675,2025-04-25,7000,4136.48,EUR,CUST009
9676,2019-10-08,7000,1808.27,EUR,CUST002
9677,2024-03-21,6000,3907.28,EUR,CUST012
9678,2022-04-24,7000,1637.94,EUR,CUST001
9679,2025-08-16,6000,2085.53,EUR,CUST010
9680,2023-02-25,7000,2946.15,EUR,CUST003
9681,2022-06-30,6000,542.88,EUR,CUST004
9682,2023-08-15,6000,1355.99,EUR,CUST007
9683,2023-08-18,7000,4812.17,EUR,CUST005
9684,2021-11-19,6000,4150.54,EUR,CUST007
9685,2024-11-30,6000,753.53,EUR,CUST002
9686,2024-10-17,6000,137.67,EUR,CUST001
9687,2020-07-05,6000,1926.14,EUR,CUST010
9688,2023-07-24,6000,270.65,EUR,CUST005
9689,2025-04-10,6000,2092.03,EUR,CUST016
9690,2019-11-03,6000,1069.74,EUR,CUST009
9691,2025-05-31,7000,2368.04,EUR,CUST012
9692,2020-04-12,7000,1871.76,EUR,CUST019
9693,2024-10-29,6000,3279.45,EUR,CUST009
9694,2022-01-10,6000,4045.38,EUR,CUST007
9695,2021-10-13,6000,1761.17,EUR,CUST015
9696,2025-02-01,7000,4535.38,EUR,CUST019
9697,2023-09-24,6000,2605.92,EUR,CUST007
9698,2021-05-11,6000,3963.49,EUR,CUST003
9699,2022-09-08,7000,4371.61,EUR,CUST014
9700,2020-06-10,7000,3665.55,EUR,CUST007
9701,2020-06-25,7000,1354.3,EUR,CUST018
9702,2021-08-05,6000,3072.89,EUR,CUST016
9703,2020-08-29,7000,2955.59,EUR,CUST015
9704,2022-09-30,7000,3833.74,EUR,CUST006
9705,2025-03-26,6000,4990.88,EUR,CUST012
9706,2021-02-27,7000,639.78,EUR,CUST012
9707,2025-02-09,7000,1073.15,EUR,CUST015
9708,2021-11-26,7000,2218.18,EUR,CUST001
9709,2023-06-10,6000,3563.28,EUR,CUST017
9710,2020-06-02,6000,1268.18,EUR,CUST019
9711,2020-05-05,6000,343.1,EUR,CUST001
9712,2022-03-03,6000,4750.18,EUR,CUST003
9713,2024-04-15,6000,3040.44,EUR,CUST017
9714,2023-01-24,6000,1631.52,EUR,CUST017
9715,2023-11-11,7000,1741.42,EUR,CUST013
9716,2021-07-09,6000,1555.22,EUR,CUST011
9717,2024-06-24,7000,2350.04,EUR,CUST017
9718,2024-06-26,7000,2069.81,EUR,CUST017
9719,2024-10-31,6000,2106.47,EUR,CUST018
9720,2023-12-03,6000,1490.09,EUR,CUST013
9721,2021-08-16,6000,4814.65,EUR,CUST002
9722,2025-01-25,7000,2752.06,EUR,CUST004
9723,2024-10-14,6000,4014.87,EUR,CUST017
9724,2020-02-27,6000,4269.97,EUR,CUST012
9725,2022-02-03,6000,1384.97,EUR,CUST005
9726,2023-10-04,6000,4863.52,EUR,CUST006
9727,2025-06-04,6000,1169.1,EUR,CUST019
9728,2022-10-07,6000,981.66,EUR,CUST007
9729,2025-08-19,6000,568.24,EUR,CUST016
9730,2023-04-24,7000,1925.2,EUR,CUST016
9731,2025-06-06,6000,3777.22,EUR,CUST009
9732,2022-03-05,6000,4146.4,EUR,CUST001
9733,2022-08-03,6000,4704.46,EUR,CUST017
9734,2025-02-20,6000,4478.32,EUR,CUST014
9735,2023-11-04,6000,1815.46,EUR,CUST018
9736,2021-07-13,6000,2564.0,EUR,CUST018
9737,2021-06-13,6000,359.9,EUR,CUST006
9738,2022-12-07,7000,1818.48,EUR,CUST001
9739,2025-08-18,6000,2411.96,EUR,CUST004
9740,2023-05-26,7000,2976.32,EUR,CUST012
9741,2021-08-29,7000,4014.95,EUR,CUST015
9742,2019-12-25,7000,2346.45,EUR,CUST008
9743,2024-05-27,7000,2452.75,EUR,CUST002
9744,2020-05-31,6000,1885.61,EUR,CUST010
9745,2023-09-17,7000,3528.17,EUR,CUST006
9746,2023-05-26,6000,667.34,EUR,CUST013
9747,2021-01-06,7000,4632.83,EUR,CUST017
9748,2022-02-14,7000,238.1,EUR,CUST002
9749,2025-06-23,7000,2522.85,EUR,CUST009
9750,2024-02-22,6000,4189.68,EUR,CUST010
9751,2021-09-25,7000,3336.09,EUR,CUST007
9752,2024-07-28,7000,2466.74,EUR,CUST007
9753,2022-07-22,7000,1156.45,EUR,CUST006
9754,2022-09-12,7000,467.02,EUR,CUST006
9755,2020-10-13,7000,1508.21,EUR,CUST012
9756,2023-02-12,7000,1716.48,EUR,CUST013
9757,2020-08-05,7000,4343.84,EUR,CUST002
9758,2020-06-30,6000,3704.21,EUR,CUST010
9759,2020-09-06,6000,1433.63,EUR,CUST019
9760,2024-08-14,7000,1660.09,EUR,CUST018
9761,2020-09-15,6000,3466.69,EUR,CUST001
9762,2022-08-09,7000,198.75,EUR,CUST007
9763,2021-08-17,7000,2401.27,EUR,CUST002
9764,2021-09-18,6000,3230.64,EUR,CUST018
9765,2023-10-13,6000,2914.15,EUR,CUST001
9766,2019-12-09,7000,1251.66,EUR,CUST004
9767,2020-02-24,7000,1237.46,EUR,CUST004
9768,2025-05-28,7000,456.91,EUR,CUST013
9769,2025-01-11,6000,4598.81,EUR,CUST002
9770,2025-08-29,7000,461.0,EUR,CUST003
9771,2023-12-08,7000,4228.86,EUR,CUST019
9772,2024-08-22,7000,1834.67,EUR,CUST003
9773,2024-08-28,6000,2078.35,EUR,CUST016
9774,2025-02-05,7000,718.85,EUR,CUST008
9775,2024-02-08,6000,3461.73,EUR,CUST019
9776,2023-06-01,7000,1837.63,EUR,CUST014
9777,2024-11-29,7000,589.46,EUR,CUST009
9778,2020-07-04,7000,1219.36,EUR,CUST019
9779,2022-05-01,7000,3825.76,EUR,CUST015
9780,2023-07-13,6000,2526.22,EUR,CUST020
9781,2021-03-17,7000,1621.81,EUR,CUST005
9782,2025-02-28,7000,3548.46,EUR,CUST017
9783,2021-03-03,6000,2967.67,EUR,CUST013
9784,2021-06-06,6000,993.24,EUR,CUST012
9785,2023-09-03,6000,4634.88,EUR,CUST010
9786,2020-08-12,6000,2291.76,EUR,CUST010
9787,2023-10-12,6000,3881.71,EUR,CUST005
9788,2022-12-22,7000,4529.28,EUR,CUST004
9789,2022-06-01,6000,2730.96,EUR,CUST009
9790,2019-10-28,7000,4610.72,EUR,CUST010
9791,2022-09-14,6000,2139.36,EUR,CUST014
9792,2025-06-09,6000,1811.99,EUR,CUST010
9793,2023-10-21,6000,4859.52,EUR,CUST006
9794,2023-10-14,6000,950.91,EUR,CUST016
9795,2020-09-25,6000,2198.75,EUR,CUST001
9796,2023-06-12,7000,2052.6,EUR,CUST020
9797,2023-08-31,7000,206.23,EUR,CUST015
9798,2024-10-03,7000,1548.25,EUR,CUST012
9799,2022-04-30,7000,2312.9,EUR,CUST017
9800,2025-06-13,6000,3349.05,EUR,CUST010
9801,2024-01-06,6000,1823.27,EUR,CUST015
9802,2022-05-01,6000,814.33,EUR,CUST013
9803,2024-05-23,7000,1236.69,EUR,CUST009
9804,2020-08-19,7000,1854.55,EUR,CUST020
9805,2021-07-24,6000,3016.75,EUR,CUST009
9806,2024-09-30,6000,2691.79,EUR,CUST012
9807,2024-01-07,6000,2923.61,EUR,CUST016
9808,2020-01-10,7000,2045.97,EUR,CUST009
9809,2025-03-05,7000,1509.55,EUR,CUST007
9810,2023-08-03,7000,1887.57,EUR,CUST015
9811,2021-01-31,7000,1028.99,EUR,CUST006
9812,2019-12-13,6000,4497.06,EUR,CUST012
9813,2022-10-18,7000,1526.09,EUR,CUST004
9814,2024-03-24,6000,4824.41,EUR,CUST002
9815,2025-04-22,6000,2331.43,EUR,CUST003
9816,2025-05-13,6000,1815.74,EUR,CUST016
9817,2022-08-03,6000,1548.8,EUR,CUST009
9818,2022-11-30,7000,3633.71,EUR,CUST002
9819,2022-07-23,7000,1414.43,EUR,CUST003
9820,2022-10-31,6000,130.5,EUR,CUST014
9821,2022-06-28,6000,830.83,EUR,CUST017
9822,2019-12-16,7000,4576.82,EUR,CUST008
9823,2024-04-13,7000,1543.07,EUR,CUST007
9824,2023-01-15,7000,190.28,EUR,CUST015
9825,2024-02-26,7000,4390.1,EUR,CUST004
9826,2022-12-05,7000,3196.23,EUR,CUST003
9827,2024-11-10,6000,3491.16,EUR,CUST009
9828,2019-10-21,7000,3546.82,EUR,CUST012
9829,2021-06-25,6000,3790.93,EUR,CUST010
9830,2022-03-20,6000,1536.59,EUR,CUST009
9831,2023-05-31,6000,1348.65,EUR,CUST005
9832,2024-02-08,7000,3643.23,EUR,CUST010
9833,2023-02-12,7000,987.39,EUR,CUST006
9834,2025-08-04,6000,2520.32,EUR,CUST010
9835,2023-10-31,6000,2800.14,EUR,CUST012
9836,2025-09-11,6000,1075.91,EUR,CUST017
9837,2025-08-25,6000,3448.59,EUR,CUST018
9838,2020-12-27,7000,3699.36,EUR,CUST008
9839,2020-09-10,7000,4924.56,EUR,CUST003
9840,2020-12-18,6000,956.74,EUR,CUST005
9841,2020-06-29,6000,4658.1,EUR,CUST017
9842,2021-06-13,7000,4092.05,EUR,CUST015
9843,2020-12-03,6000,732.32,EUR,CUST009
9844,2023-03-12,7000,1209.11,EUR,CUST016
9845,2021-03-11,7000,3030.43,EUR,CUST002
9846,2021-02-26,7000,959.52,EUR,CUST018
9847,2020-11-17,7000,3087.49,EUR,CUST006
9848,2020-01-21,7000,1202.98,EUR,CUST014
9849,2023-09-19,7000,2998.32,EUR,CUST007
9850,2020-10-26,7000,3566.12,EUR,CUST019
9851,2024-05-31,6000,1803.63,EUR,CUST018
9852,2020-10-09,6000,4926.17,EUR,CUST006
9853,2024-09-20,7000,4365.68,EUR,CUST006
9854,2024-11-12,7000,1596.85,EUR,CUST008
9855,2020-12-14,7000,948.58,EUR,CUST014
9856,2025-08-14,6000,4201.97,EUR,CUST009
9857,2021-10-13,6000,2065.12,EUR,CUST012
9858,2022-12-30,6000,3615.27,EUR,CUST015
9859,2021-03-23,7000,4205.5,EUR,CUST019
9860,2022-12-11,6000,1583.98,EUR,CUST004
9861,2020-01-26,7000,2373.66,EUR,CUST012
9862,2025-05-30,7000,3418.59,EUR,CUST008
9863,2020-08-25,7000,2879.62,EUR,CUST018
9864,2022-09-20,6000,1702.84,EUR,CUST018
9865,2021-03-25,6000,3942.73,EUR,CUST007
9866,2023-12-11,6000,1942.32,EUR,CUST012
9867,2025-09-05,7000,3467.14,EUR,CUST013
9868,2024-04-30,6000,3039.51,EUR,CUST016
9869,2025-06-07,6000,2994.59,EUR,CUST010
9870,2022-04-29,6000,4159.81,EUR,CUST019
9871,2021-07-01,7000,2719.05,EUR,CUST002
9872,2023-04-07,6000,823.43,EUR,CUST003
9873,2023-07-26,7000,4032.75,EUR,CUST011
9874,2021-11-06,6000,4535.7,EUR,CUST019
9875,2019-11-28,7000,2957.87,EUR,CUST001
9876,2025-07-16,6000,4993.12,EUR,CUST011
9877,2021-11-02,7000,698.54,EUR,CUST003
9878,2023-08-25,7000,3472.54,EUR,CUST015
9879,2019-10-27,6000,1634.3,EUR,CUST016
9880,2025-04-23,7000,372.4,EUR,CUST001
9881,2022-01-13,7000,2679.91,EUR,CUST018
9882,2022-06-26,7000,3950.99,EUR,CUST019
9883,2021-02-18,7000,732.22,EUR,CUST010
9884,2021-05-02,7000,4405.71,EUR,CUST020
9885,2024-11-21,6000,3480.49,EUR,CUST007
9886,2021-12-29,7000,2821.32,EUR,CUST007
9887,2022-06-03,6000,3954.35,EUR,CUST001
9888,2025-08-05,6000,1139.09,EUR,CUST012
9889,2023-02-14,6000,4423.87,EUR,CUST003
9890,2022-10-01,7000,3151.19,EUR,CUST005
9891,2024-12-18,6000,2833.48,EUR,CUST012
9892,2023-09-09,7000,1802.22,EUR,CUST014
9893,2024-07-19,7000,3664.08,EUR,CUST009
9894,2024-11-24,6000,1343.76,EUR,CUST006
9895,2022-06-24,7000,3079.15,EUR,CUST013
9896,2025-05-20,6000,402.32,EUR,CUST015
9897,2024-02-12,7000,3150.51,EUR,CUST009
9898,2021-04-23,6000,4738.92,EUR,CUST001
9899,2024-03-05,7000,482.33,EUR,CUST009
9900,2021-07-27,6000,4596.72,EUR,CUST003
9901,2024-12-11,6000,2741.34,EUR,CUST002
9902,2021-04-10,6000,4122.85,EUR,CUST008
9903,2023-08-02,7000,2198.15,EUR,CUST013
9904,2020-03-15,7000,4348.16,EUR,CUST013
9905,2023-11-06,6000,275.08,EUR,CUST018
9906,2020-07-07,6000,3972.58,EUR,CUST017
9907,2022-12-08,7000,469.43,EUR,CUST007
9908,2020-03-08,6000,2152.78,EUR,CUST008
9909,2025-09-02,7000,622.86,EUR,CUST003
9910,2022-07-13,6000,648.51,EUR,CUST001
9911,2020-10-19,7000,491.75,EUR,CUST017
9912,2023-12-25,6000,2029.93,EUR,CUST008
9913,2020-07-18,7000,3474.73,EUR,CUST002
9914,2025-03-14,6000,2735.63,EUR,CUST013
9915,2021-07-04,6000,3995.87,EUR,CUST016
9916,2023-03-12,7000,2702.21,EUR,CUST005
9917,2023-11-13,7000,1614.72,EUR,CUST005
9918,2020-06-22,6000,1517.77,EUR,CUST013
9919,2019-11-14,7000,3814.21,EUR,CUST009
9920,2022-09-25,7000,1326.7,EUR,CUST002
9921,2024-06-30,7000,872.91,EUR,CUST010
9922,2023-12-25,7000,4769.11,EUR,CUST019
9923,2023-12-15,7000,1850.74,EUR,CUST004
9924,2020-01-17,7000,1319.84,EUR,CUST009
9925,2020-06-28,6000,1474.88,EUR,CUST018
9926,2020-07-30,7000,4772.12,EUR,CUST019
9927,2024-03-25,6000,3588.88,EUR,CUST019
9928,2020-09-28,7000,2406.88,EUR,CUST018
9929,2024-05-30,7000,1077.62,EUR,CUST012
9930,2024-05-16,7000,1134.88,EUR,CUST005
9931,2025-05-21,7000,4315.67,EUR,CUST001
9932,2025-09-29,6000,2550.61,EUR,CUST002
9933,2023-04-13,7000,4732.77,EUR,CUST017
9934,2020-12-07,6000,3506.9,EUR,CUST003
9935,2021-10-23,7000,1256.91,EUR,CUST009
9936,2025-07-22,6000,1304.34,EUR,CUST015
9937,2021-01-14,6000,4915.47,EUR,CUST016
9938,2021-05-09,6000,1465.32,EUR,CUST008
9939,2020-04-21,7000,2791.74,EUR,CUST017
9940,2020-06-27,6000,3610.01,EUR,CUST002
9941,2024-07-31,6000,2463.14,EUR,CUST001
9942,2020-07-02,7000,1405.57,EUR,CUST005
9943,2024-07-26,7000,104.38,EUR,CUST020
9944,2021-12-15,6000,2373.32,EUR,CUST001
9945,2024-06-01,7000,4721.8,EUR,CUST004
9946,2022-05-14,6000,1857.59,EUR,CUST017
9947,2020-01-31,7000,2212.17,EUR,CUST004
9948,2025-04-24,6000,1324.41,EUR,CUST015
9949,2020-11-13,7000,4964.74,EUR,CUST005
9950,2020-03-15,7000,3801.66,EUR,CUST018
9951,2022-08-09,6000,1372.11,EUR,CUST020
9952,2023-04-24,7000,4277.78,EUR,CUST012
9953,2021-01-21,7000,3433.36,EUR,CUST003
9954,2022-06-09,7000,103.72,EUR,CUST018
9955,2020-03-09,7000,2576.86,EUR,CUST005
9956,2019-12-05,6000,2680.93,EUR,CUST006
9957,2022-10-17,6000,3147.63,EUR,CUST020
9958,2024-10-03,6000,1131.83,EUR,CUST009
9959,2023-10-22,7000,3331.02,EUR,CUST016
9960,2025-07-28,6000,3929.74,EUR,CUST020
9961,2020-03-22,7000,4331.29,EUR,CUST015
9962,2023-02-05,7000,4568.64,EUR,CUST012
9963,2023-04-16,6000,4167.61,EUR,CUST004
9964,2021-08-06,7000,1198.33,EUR,CUST001
9965,2025-02-07,6000,1423.43,EUR,CUST011
9966,2022-12-30,6000,2995.86,EUR,CUST017
9967,2021-11-04,6000,1151.66,EUR,CUST009
9968,2024-03-18,6000,4314.06,EUR,CUST007
9969,2020-11-09,6000,2652.97,EUR,CUST013
9970,2023-05-07,6000,4918.84,EUR,CUST019
9971,2022-09-04,6000,2102.76,EUR,CUST006
9972,2023-11-01,7000,766.14,EUR,CUST019
9973,2021-06-23,6000,917.97,EUR,CUST020
9974,2019-11-30,6000,3776.89,EUR,CUST001
9975,2023-11-18,6000,4355.2,EUR,CUST020
9976,2023-09-02,6000,1036.93,EUR,CUST017
9977,2025-03-16,7000,4523.86,EUR,CUST014
9978,2025-01-31,6000,1144.19,EUR,CUST019
9979,2020-10-17,7000,3061.2,EUR,CUST004
9980,2022-12-16,6000,932.03,EUR,CUST015
9981,2024-07-04,6000,2089.35,EUR,CUST010
9982,2020-02-07,7000,2666.79,EUR,CUST004
9983,2023-01-06,7000,2913.84,EUR,CUST006
9984,2021-08-10,7000,1518.55,EUR,CUST006
9985,2023-04-24,7000,3884.68,EUR,CUST017
9986,2019-10-16,6000,4306.63,EUR,CUST014
9987,2022-04-06,6000,2227.16,EUR,CUST009
9988,2022-08-02,7000,4700.62,EUR,CUST004
9989,2025-09-18,7000,4470.11,EUR,CUST017
9990,2025-09-16,7000,348.84,EUR,CUST007
9991,2020-07-29,6000,1131.46,EUR,CUST003
9992,2019-12-25,6000,1905.78,EUR,CUST003
9993,2023-07-09,6000,3296.1,EUR,CUST019
9994,2022-02-28,7000,341.61,EUR,CUST011
9995,2024-07-28,7000,984.63,EUR,CUST008
9996,2022-06-23,7000,768.91,EUR,CUST010
9997,2022-07-15,6000,2582.4,EUR,CUST013
9998,2025-09-17,7000,975.07,EUR,CUST010
9999,2020-10-06,7000,2108.98,EUR,CUST018
10000,2021-08-04,6000,4348.6,EUR,CUST012
