OpportunityID,CustomerID,OpportunityName,Stage,ExpectedCloseDate,ExpectedRevenue,Owner,Probability
OPP001,CUST008,Incubate Ubiquitous Info-Mediaries,Negotiation,2025-09-05,1870.62,Megan,10
OPP002,CUST010,Strategize 24/7 Info-Mediaries,Qualified,2025-07-30,3562.83,Ryan,90
OPP003,CUST017,Deploy B2C Models,Qualified,2025-11-21,15896.27,Jason,30
OPP004,CUST009,Aggregate E-Business Roi,Closed Won,2025-10-08,11196.1,Tammy,10
OPP005,CUST005,Redefine Efficient Convergence,Proposal,2025-11-25,5400.33,Christopher,90
OPP006,CUST016,Repurpose Next-Generation Interfaces,Negotiation,2025-08-06,12229.85,Samantha,70
OPP007,CUST010,Disintermediate Strategic Content,Closed Lost,2025-11-20,18007.4,Ann,30
OPP008,CUST017,Aggregate Extensible Solutions,Proposal,2025-07-24,2614.74,Christine,10
OPP009,CUST017,Transform Front-End Channels,Qualified,2025-10-11,8115.81,Kimberly,30
OPP010,CUST011,Scale B2C Channels,Closed Lost,2025-12-04,17469.58,Gina,10
OPP011,CUST017,Maximize Cross-Platform Architectures,Qualified,2025-12-28,17948.67,Cheryl,50
OPP012,CUST013,Scale Frictionless Bandwidth,Closed Won,2025-10-30,15186.49,Michael,30
OPP013,CUST013,Integrate Robust Platforms,Closed Lost,2025-12-20,17103.09,Erin,70
OPP014,CUST016,Scale Dot-Com Portals,Closed Lost,2025-11-10,9002.75,John,90
OPP015,CUST005,Strategize Intuitive Systems,Closed Won,2025-12-04,18468.96,Laura,30
OPP016,CUST017,Implement Collaborative Deliverables,Closed Won,2025-12-23,14015.81,Cesar,10
OPP017,CUST019,Aggregate Killer Networks,Proposal,2025-11-04,9223.2,Daniel,50
OPP018,CUST005,Innovate World-Class Methodologies,Negotiation,2025-09-19,19435.02,Joshua,10
OPP019,CUST009,Innovate Granular Portals,Closed Lost,2025-09-30,6196.63,Kevin,30
OPP020,CUST013,Iterate Frictionless Mindshare,Proposal,2025-10-05,2750.76,Mark,10
OPP021,CUST014,Leverage Revolutionary Schemas,Lead,2025-12-08,1527.2,Theresa,50
OPP022,CUST009,Engineer Bricks-And-Clicks Technologies,Closed Lost,2025-09-21,18669.5,Jonathan,30
OPP023,CUST010,Brand Revolutionary Content,Closed Lost,2025-12-15,6863.54,Selena,30
OPP024,CUST020,Expedite Clicks-And-Mortar Networks,Lead,2025-10-27,16500.81,Thomas,90
OPP025,CUST005,Leverage Bricks-And-Clicks Users,Closed Won,2025-07-15,2152.11,Tina,10
OPP026,CUST012,Strategize Granular E-Tailers,Lead,2025-10-03,10124.22,Dustin,50
OPP027,CUST015,Implement Synergistic E-Tailers,Lead,2025-07-28,4492.98,Hector,10
OPP028,CUST007,Integrate Granular Relationships,Closed Won,2025-10-11,5405.49,Sarah,10
OPP029,CUST010,Re-Intermediate Ubiquitous Initiatives,Qualified,2025-12-27,561.41,Clinton,50
OPP030,CUST004,Redefine User-Centric Eyeballs,Closed Lost,2025-08-28,9131.04,Melanie,70
OPP031,CUST018,Innovate Cutting-Edge Applications,Closed Won,2025-08-06,10936.35,Mark,10
OPP032,CUST008,Extend Rich Info-Mediaries,Closed Lost,2025-07-17,15516.84,Nicholas,50
OPP033,CUST010,Seize Virtual E-Services,Closed Lost,2025-09-25,2453.5,Wesley,70
OPP034,CUST011,Syndicate Clicks-And-Mortar Markets,Negotiation,2025-07-24,12918.18,Kristin,50
OPP035,CUST002,Mesh Visionary Networks,Negotiation,2025-10-13,12688.61,Ronnie,90
OPP036,CUST020,Seize Scalable Web-Readiness,Lead,2025-11-13,3081.78,Christopher,50
OPP037,CUST011,Disintermediate Ubiquitous Channels,Qualified,2025-10-11,19335.11,Christopher,10
OPP038,CUST009,Aggregate Web-Enabled Channels,Closed Won,2025-12-22,17475.3,Lisa,90
OPP039,CUST020,Syndicate Seamless Models,Closed Won,2025-07-16,8306.33,Yolanda,50
OPP040,CUST019,Syndicate Real-Time Vortals,Closed Won,2025-12-28,19587.5,Michelle,10
OPP041,CUST012,Integrate Killer Supply-Chains,Closed Won,2025-09-01,14406.33,Michelle,10
OPP042,CUST019,Leverage E-Business Infrastructures,Qualified,2025-10-05,7866.97,Tabitha,70
OPP043,CUST011,Scale Scalable Deliverables,Proposal,2025-11-17,16467.56,Stephanie,10
OPP044,CUST010,E-Enable Frictionless Supply-Chains,Closed Won,2025-12-16,7721.62,Amber,30
OPP045,CUST019,Reinvent Seamless E-Markets,Qualified,2025-09-08,10964.49,David,10
OPP046,CUST001,Strategize World-Class Solutions,Lead,2025-12-07,2127.07,John,30
OPP047,CUST007,Envisioneer Back-End Bandwidth,Closed Won,2025-11-30,11132.6,Richard,10
OPP048,CUST007,Leverage Cross-Platform Bandwidth,Negotiation,2025-09-10,19419.84,Ronald,10
OPP049,CUST017,Redefine Dot-Com Communities,Lead,2025-12-16,10762.21,Kristina,30
OPP050,CUST007,Unleash Synergistic Solutions,Proposal,2025-10-28,9724.4,Chris,50
OPP051,CUST008,Synthesize Viral Bandwidth,Lead,2025-10-15,12637.65,Kimberly,90
OPP052,CUST013,Facilitate Plug-And-Play Markets,Negotiation,2025-12-08,12435.54,Kayla,30
OPP053,CUST012,Mesh Dot-Com Interfaces,Negotiation,2025-09-28,15322.85,Stacey,10
OPP054,CUST014,Harness Virtual Content,Lead,2025-08-11,5047.23,Morgan,50
OPP055,CUST009,Incubate End-To-End E-Tailers,Qualified,2025-07-21,7966.84,Virginia,70
OPP056,CUST016,Productize Holistic Portals,Closed Won,2025-08-03,8015.75,Jennifer,30
OPP057,CUST006,Synthesize Mission-Critical Deliverables,Proposal,2025-11-03,18304.68,Mary,30
OPP058,CUST012,Orchestrate Killer E-Markets,Lead,2025-12-26,8980.86,Valerie,50
OPP059,CUST014,Unleash Virtual Eyeballs,Closed Won,2025-11-18,16105.55,Tanya,70
OPP060,CUST003,Generate Interactive Info-Mediaries,Lead,2025-08-03,15843.88,Tina,70
OPP061,CUST010,Streamline Web-Enabled Systems,Lead,2025-09-11,2030.11,Diana,10
OPP062,CUST018,Optimize Compelling Metrics,Closed Won,2025-10-05,14782.44,Tracey,70
OPP063,CUST002,Iterate Intuitive Schemas,Lead,2025-09-28,9705.56,Monique,30
OPP064,CUST003,Monetize Leading-Edge Vortals,Qualified,2025-09-12,9085.79,Ricky,30
OPP065,CUST017,Orchestrate Bleeding-Edge Users,Closed Won,2025-12-14,12074.97,William,30
OPP066,CUST014,Architect Synergistic Eyeballs,Closed Lost,2025-11-25,16334.71,Sarah,50
OPP067,CUST002,Syndicate Dynamic Web-Readiness,Proposal,2025-11-22,18219.33,Robert,70
OPP068,CUST007,Optimize Proactive Initiatives,Lead,2025-07-26,15725.13,Donald,90
OPP069,CUST002,Aggregate Cross-Media Metrics,Qualified,2025-09-15,14471.18,Johnny,30
OPP070,CUST002,Incubate Mission-Critical Experiences,Closed Lost,2025-07-26,9520.09,Linda,30
OPP071,CUST012,Incubate Compelling Niches,Qualified,2025-08-25,18241.15,Julia,10
OPP072,CUST004,Revolutionize World-Class Schemas,Closed Lost,2025-12-19,7277.91,Jenny,90
OPP073,CUST006,Disintermediate Cross-Platform Architectures,Lead,2025-11-05,19828.54,David,10
OPP074,CUST009,Generate Integrated Content,Closed Lost,2025-09-11,1931.44,Todd,70
OPP075,CUST004,Deliver Impactful Models,Closed Lost,2025-12-01,9669.9,Jessica,70
OPP076,CUST002,Synthesize Real-Time Roi,Negotiation,2025-10-07,18616.63,Julie,70
OPP077,CUST019,Optimize Holistic Relationships,Proposal,2025-10-11,2239.12,Katelyn,10
OPP078,CUST003,Maximize Web-Enabled Users,Closed Lost,2025-08-16,9550.07,Jacob,50
OPP079,CUST018,Leverage Viral Web-Readiness,Closed Won,2025-10-16,17506.63,Susan,70
OPP080,CUST002,Morph Plug-And-Play Markets,Closed Won,2025-12-08,13019.92,Scott,10
OPP081,CUST016,Whiteboard Interactive Platforms,Negotiation,2025-08-27,19059.26,Jeffrey,50
OPP082,CUST008,Aggregate 24/365 Models,Proposal,2025-09-11,7882.41,Holly,70
OPP083,CUST019,Repurpose Killer Relationships,Closed Won,2025-10-27,12270.26,Kaitlyn,70
OPP084,CUST009,Repurpose Killer Platforms,Closed Lost,2025-07-02,13069.62,Donald,90
OPP085,CUST007,Aggregate World-Class Paradigms,Closed Lost,2025-07-20,8312.97,Jose,70
OPP086,CUST018,Streamline Innovative E-Business,Closed Lost,2025-09-05,18862.31,Jamie,70
OPP087,CUST019,Repurpose Collaborative E-Tailers,Negotiation,2025-11-23,2296.96,Melissa,10
OPP088,CUST013,Enhance Killer Technologies,Closed Lost,2025-11-18,19092.47,Amanda,50
OPP089,CUST011,Incubate Impactful Niches,Negotiation,2025-06-30,5240.52,Megan,30
OPP090,CUST001,Engage Plug-And-Play Platforms,Closed Lost,2025-08-02,17200.5,Jacqueline,70
OPP091,CUST003,Matrix 24/365 Deliverables,Lead,2025-10-04,2740.03,Kathryn,10
OPP092,CUST005,Engage Real-Time Systems,Closed Won,2025-12-15,1738.17,Stephanie,50
OPP093,CUST016,Enable Wireless E-Tailers,Qualified,2025-11-09,9760.3,John,10
OPP094,CUST009,Mesh Dynamic Architectures,Qualified,2025-09-06,7157.65,Stacey,70
OPP095,CUST012,Harness Out-Of-The-Box E-Business,Proposal,2025-07-08,12771.88,Benjamin,50
OPP096,CUST020,Envisioneer Ubiquitous Partnerships,Closed Won,2025-10-24,16249.31,Amanda,50
OPP097,CUST007,Harness Turn-Key Markets,Closed Lost,2025-08-16,8819.7,Christopher,10
OPP098,CUST020,Leverage Clicks-And-Mortar Technologies,Closed Lost,2025-12-05,17449.34,Mary,50
OPP099,CUST013,Engineer Real-Time Web Services,Qualified,2025-12-03,17233.45,Phillip,10
OPP100,CUST020,Harness B2C Paradigms,Qualified,2025-07-17,7835.29,Alexandra,70
OPP101,CUST007,Embrace E-Business Solutions,Closed Won,2025-09-06,13603.45,Jennifer,30
OPP102,CUST016,Deploy Strategic Partnerships,Lead,2025-12-02,5627.74,Molly,90
OPP103,CUST006,Drive Transparent Interfaces,Closed Lost,2025-10-08,3897.93,Justin,50
OPP104,CUST015,Innovate Plug-And-Play Niches,Closed Lost,2025-12-13,19338.74,Jessica,30
OPP105,CUST002,Grow Best-Of-Breed E-Services,Negotiation,2025-12-29,14439.19,Richard,30
OPP106,CUST009,Generate Real-Time Convergence,Closed Won,2025-10-10,5393.59,Stephen,30
OPP107,CUST006,Whiteboard User-Centric Roi,Negotiation,2025-09-21,1120.36,Erika,10
OPP108,CUST016,Facilitate Scalable Schemas,Closed Won,2025-08-07,18828.24,Gary,70
OPP109,CUST014,Enhance Integrated E-Markets,Closed Lost,2025-11-15,16199.36,Michael,70
OPP110,CUST020,Synthesize Compelling E-Business,Lead,2025-07-21,7087.19,Reginald,90
OPP111,CUST007,Synergize Dynamic E-Services,Closed Won,2025-11-22,1660.57,Catherine,30
OPP112,CUST019,Facilitate Seamless Bandwidth,Proposal,2025-08-11,11434.21,David,70
OPP113,CUST007,Scale Next-Generation Portals,Negotiation,2025-12-06,1197.94,John,10
OPP114,CUST018,Implement Distributed Convergence,Closed Won,2025-09-21,8547.15,Paul,30
OPP115,CUST016,Iterate Enterprise Architectures,Qualified,2025-11-17,3225.51,Brandon,30
OPP116,CUST003,Disintermediate Distributed E-Markets,Negotiation,2025-10-06,16753.42,Troy,50
OPP117,CUST011,Streamline End-To-End Vortals,Proposal,2025-10-04,5869.68,Tara,30
OPP118,CUST013,Scale Bricks-And-Clicks E-Business,Closed Lost,2025-10-04,4032.59,Colleen,70
OPP119,CUST001,Empower Leading-Edge Eyeballs,Proposal,2025-09-17,17948.23,Matthew,90
OPP120,CUST020,Drive Wireless E-Services,Closed Lost,2025-09-13,12190.35,Lori,10
OPP121,CUST012,Deploy Robust Communities,Negotiation,2025-09-04,13349.41,David,30
OPP122,CUST007,Grow Strategic Applications,Closed Lost,2025-09-01,9818.1,Megan,90
OPP123,CUST010,Transform Enterprise Synergies,Proposal,2025-10-07,5532.36,Sarah,50
OPP124,CUST015,Innovate Plug-And-Play Interfaces,Lead,2025-08-19,5758.97,Ricky,50
OPP125,CUST007,Implement 24/7 Synergies,Closed Lost,2025-11-10,18822.7,Stephen,70
OPP126,CUST013,Envisioneer Integrated Synergies,Qualified,2025-10-28,17143.53,Timothy,10
OPP127,CUST015,Transition Interactive Action-Items,Lead,2025-08-30,14132.07,Kyle,50
OPP128,CUST008,Embrace Innovative Relationships,Closed Lost,2025-08-02,15750.96,Gabriela,70
OPP129,CUST005,Implement Ubiquitous E-Services,Closed Lost,2025-08-31,5080.83,William,30
OPP130,CUST016,Visualize 24/7 Models,Qualified,2025-10-02,18015.26,Elizabeth,90
OPP131,CUST002,Integrate Cutting-Edge Eyeballs,Qualified,2025-12-15,2933.62,Rhonda,10
OPP132,CUST009,Redefine Holistic Content,Closed Won,2025-09-29,5193.93,Brittany,10
OPP133,CUST012,Target 24/7 Systems,Lead,2025-07-21,7096.36,Raymond,70
OPP134,CUST001,Grow Holistic Info-Mediaries,Proposal,2025-11-17,16627.62,Wyatt,30
OPP135,CUST012,Syndicate Front-End Applications,Closed Lost,2025-08-26,2757.99,Matthew,10
OPP136,CUST010,Grow Viral Roi,Lead,2025-10-02,11671.08,Pamela,90
OPP137,CUST008,Embrace Scalable Technologies,Lead,2025-11-06,8473.27,Amanda,90
OPP138,CUST017,Deploy Synergistic Solutions,Lead,2025-07-19,14820.89,Dawn,50
OPP139,CUST015,Target World-Class Mindshare,Closed Won,2025-10-02,16438.66,Christina,10
OPP140,CUST018,Expedite Vertical Initiatives,Proposal,2025-11-07,16938.5,Toni,70
OPP141,CUST005,Streamline Front-End Web-Readiness,Closed Lost,2025-10-08,5646.69,Carrie,10
OPP142,CUST015,Innovate Visionary Partnerships,Proposal,2025-12-13,4647.28,Michelle,10
OPP143,CUST004,Enhance Wireless Platforms,Closed Won,2025-11-16,3287.6,Wendy,90
OPP144,CUST012,Engineer Killer Web-Readiness,Qualified,2025-11-02,18319.68,Brenda,90
OPP145,CUST012,Reinvent Best-Of-Breed Solutions,Closed Won,2025-10-15,13045.21,David,90
OPP146,CUST006,Engage Dot-Com Experiences,Lead,2025-08-10,13944.84,Raymond,30
OPP147,CUST006,Evolve B2B Synergies,Lead,2025-11-04,13667.69,Jamie,10
OPP148,CUST020,Re-Contextualize Ubiquitous E-Markets,Closed Lost,2025-12-25,13806.3,Ronnie,70
OPP149,CUST007,Revolutionize Ubiquitous E-Business,Proposal,2025-12-03,19098.0,Ryan,10
OPP150,CUST013,Maximize Efficient Mindshare,Negotiation,2025-09-03,17778.08,Beth,10
OPP151,CUST002,Engage Robust Partnerships,Closed Lost,2025-12-11,13719.55,Amanda,10
OPP152,CUST009,Utilize Scalable Architectures,Proposal,2025-09-24,11424.02,Danny,30
OPP153,CUST001,Re-Contextualize Collaborative Communities,Qualified,2025-12-12,13206.83,Richard,10
OPP154,CUST012,Innovate User-Centric E-Business,Qualified,2025-07-31,18932.55,Cameron,90
OPP155,CUST020,Envisioneer Value-Added Networks,Proposal,2025-11-09,3581.06,Raymond,90
OPP156,CUST006,Visualize Front-End E-Markets,Qualified,2025-12-29,12301.89,Stephen,70
OPP157,CUST007,Redefine Vertical Communities,Closed Lost,2025-09-21,17084.88,Adam,10
OPP158,CUST001,Drive Cross-Media Channels,Closed Won,2025-11-25,18477.89,Thomas,70
OPP159,CUST001,Matrix Scalable Relationships,Lead,2025-10-07,17849.57,Gregory,50
OPP160,CUST005,Syndicate Strategic Supply-Chains,Qualified,2025-08-15,14203.76,Nicole,10
OPP161,CUST004,Expedite World-Class Mindshare,Proposal,2025-07-23,12439.9,Brett,50
OPP162,CUST017,Strategize Web-Enabled Communities,Closed Won,2025-11-20,17955.69,Zachary,10
OPP163,CUST016,Enhance Best-Of-Breed E-Business,Negotiation,2025-08-01,11689.91,Thomas,90
OPP164,CUST015,Morph Customized Action-Items,Closed Lost,2025-08-16,10166.57,John,70
OPP165,CUST001,Brand End-To-End Web Services,Closed Lost,2025-09-29,16823.29,Rebekah,70
OPP166,CUST011,Facilitate Intuitive Convergence,Closed Lost,2025-12-09,18534.87,Jonathan,10
OPP167,CUST004,Unleash Holistic Mindshare,Qualified,2025-12-17,10192.02,Anthony,10
OPP168,CUST015,Embrace B2B Supply-Chains,Closed Won,2025-11-10,12492.65,Sara,90
OPP169,CUST001,Utilize Frictionless Metrics,Negotiation,2025-10-07,16514.46,John,30
OPP170,CUST003,Iterate Bricks-And-Clicks Action-Items,Negotiation,2025-11-11,2148.88,Michael,90
OPP171,CUST011,Enhance Turn-Key Roi,Qualified,2025-11-16,10712.4,Angelica,30
OPP172,CUST018,Monetize Interactive Users,Closed Won,2025-08-31,3945.75,Jared,50
OPP173,CUST004,Orchestrate Distributed Mindshare,Closed Won,2025-07-17,9110.32,Jonathan,70
OPP174,CUST011,Redefine Compelling E-Business,Proposal,2025-08-07,2952.18,Barbara,30
OPP175,CUST015,Implement Revolutionary Markets,Proposal,2025-12-21,7576.22,Randy,90
OPP176,CUST016,Harness Robust E-Markets,Closed Lost,2025-11-17,2875.43,Joanna,30
OPP177,CUST018,Brand Viral Niches,Qualified,2025-08-22,14995.26,Paige,70
OPP178,CUST004,Iterate Revolutionary Technologies,Closed Lost,2025-11-28,17183.86,Reginald,70
OPP179,CUST010,Harness 24/365 Platforms,Qualified,2025-08-25,18646.49,Samuel,90
OPP180,CUST010,Whiteboard Holistic Paradigms,Proposal,2025-08-18,5445.83,Erin,30
OPP181,CUST004,Transform Frictionless Web Services,Lead,2025-12-21,12806.6,Michael,90
OPP182,CUST003,Unleash Robust Platforms,Proposal,2025-10-02,14841.24,Tanner,90
OPP183,CUST004,Matrix Cross-Platform Portals,Qualified,2025-10-24,7979.18,Zoe,90
OPP184,CUST010,Whiteboard End-To-End Platforms,Lead,2025-12-24,15015.61,David,90
OPP185,CUST007,Syndicate Clicks-And-Mortar Applications,Proposal,2025-11-12,9314.76,Julian,10
OPP186,CUST003,Re-Intermediate Virtual Initiatives,Proposal,2025-11-24,15419.5,Brandon,90
OPP187,CUST018,Revolutionize Integrated Mindshare,Qualified,2025-12-01,10410.13,Amber,90
OPP188,CUST017,Mesh Revolutionary Interfaces,Qualified,2025-11-17,1267.21,Alyssa,10
OPP189,CUST019,Engage Real-Time Supply-Chains,Closed Won,2025-09-30,19639.77,Robert,30
OPP190,CUST011,Envisioneer Sticky Applications,Proposal,2025-07-17,11981.33,Russell,70
OPP191,CUST015,Maximize Next-Generation Info-Mediaries,Lead,2025-12-25,17747.48,Christopher,70
OPP192,CUST006,Seize Clicks-And-Mortar Roi,Lead,2025-09-13,6767.68,Joseph,10
OPP193,CUST004,Deliver Visionary Web-Readiness,Qualified,2025-07-06,18654.74,Luke,50
OPP194,CUST006,Scale Proactive Paradigms,Lead,2025-12-06,16130.56,Christopher,70
OPP195,CUST012,Iterate Sticky Roi,Lead,2025-09-19,17770.87,Jennifer,10
OPP196,CUST008,Unleash Plug-And-Play E-Markets,Qualified,2025-12-29,3162.02,Chase,90
OPP197,CUST007,Monetize Dot-Com Interfaces,Negotiation,2025-07-12,14569.94,Melissa,30
OPP198,CUST008,Empower Bleeding-Edge Eyeballs,Closed Lost,2025-09-18,8916.34,Patricia,30
OPP199,CUST016,Engineer B2C Web Services,Proposal,2025-11-10,19079.28,Cynthia,10
OPP200,CUST007,Orchestrate Ubiquitous Niches,Qualified,2025-07-04,16922.89,Jonathan,90
OPP201,CUST012,Mesh Front-End Users,Qualified,2025-09-19,8415.83,Timothy,70
OPP202,CUST020,Aggregate Sticky Models,Negotiation,2025-09-07,12322.54,Sara,50
OPP203,CUST008,Mesh Next-Generation Markets,Lead,2025-10-05,10033.3,Amanda,50
OPP204,CUST014,Re-Intermediate Granular Partnerships,Qualified,2025-11-27,2972.39,Matthew,30
OPP205,CUST017,Enhance Revolutionary Supply-Chains,Closed Won,2025-06-30,14652.49,Jesse,90
OPP206,CUST015,Evolve 24/7 Partnerships,Proposal,2025-10-23,5856.14,Monica,10
OPP207,CUST011,Deploy Compelling Architectures,Lead,2025-12-01,13162.01,Rebecca,10
OPP208,CUST008,Expedite Interactive Action-Items,Lead,2025-11-30,2688.28,Emily,90
OPP209,CUST015,Deploy Rich Methodologies,Negotiation,2025-11-13,3977.52,Jill,50
OPP210,CUST018,Maximize Collaborative Communities,Proposal,2025-11-28,5491.83,Tiffany,10
OPP211,CUST002,Brand Next-Generation Technologies,Qualified,2025-09-06,7478.28,Makayla,30
OPP212,CUST012,Transition Bleeding-Edge Mindshare,Closed Won,2025-11-09,8516.35,Alex,90
OPP213,CUST010,Enable B2B Solutions,Qualified,2025-07-03,7825.07,Rachel,30
OPP214,CUST020,Embrace Killer Technologies,Qualified,2025-08-25,19687.37,Alexandra,70
OPP215,CUST003,Whiteboard 24/365 E-Services,Lead,2025-12-27,9669.14,Brittany,90
OPP216,CUST010,Disintermediate Plug-And-Play Partnerships,Closed Lost,2025-08-31,3138.34,Derek,50
OPP217,CUST011,Syndicate 24/365 Systems,Qualified,2025-08-06,14550.25,Nathan,90
OPP218,CUST010,Innovate End-To-End Content,Qualified,2025-07-24,15750.08,Michael,90
OPP219,CUST007,Engineer Cross-Media Platforms,Qualified,2025-08-14,3464.03,Jacqueline,90
OPP220,CUST017,Engineer Interactive Supply-Chains,Qualified,2025-09-18,1704.19,Brittney,50
OPP221,CUST012,Enhance Interactive E-Business,Lead,2025-07-14,13443.85,Dale,50
OPP222,CUST018,Scale Customized E-Commerce,Closed Lost,2025-08-17,1186.82,Timothy,10
OPP223,CUST006,Productize Cross-Media Schemas,Closed Lost,2025-12-12,9231.1,Chris,90
OPP224,CUST006,Envisioneer Extensible Partnerships,Negotiation,2025-07-10,2181.4,Christian,90
OPP225,CUST003,Architect Distributed Functionalities,Closed Lost,2025-09-19,10716.58,Jill,30
OPP226,CUST006,Deliver Revolutionary Paradigms,Closed Lost,2025-08-07,12978.18,Jonathan,50
OPP227,CUST018,Envisioneer Plug-And-Play Niches,Lead,2025-09-23,15750.01,Robert,70
OPP228,CUST020,Whiteboard Killer Solutions,Lead,2025-12-10,2030.62,Robert,30
OPP229,CUST016,Empower Robust Models,Negotiation,2025-07-03,19920.64,Scott,50
OPP230,CUST007,Re-Intermediate Magnetic Infrastructures,Qualified,2025-09-06,8428.33,Francisco,10
OPP231,CUST005,Harness Open-Source Schemas,Closed Lost,2025-10-07,4083.01,William,30
OPP232,CUST006,Enable Turn-Key Mindshare,Closed Lost,2025-10-21,2935.51,Thomas,70
OPP233,CUST020,Expedite World-Class Supply-Chains,Closed Won,2025-12-27,5094.06,Karen,90
OPP234,CUST013,Visualize 24/365 Synergies,Qualified,2025-12-27,18094.34,Joseph,90
OPP235,CUST017,Reinvent Clicks-And-Mortar E-Business,Closed Lost,2025-07-12,5297.28,Denise,30
OPP236,CUST002,Facilitate Proactive Infrastructures,Qualified,2025-08-25,12511.31,Monique,50
OPP237,CUST012,Scale Magnetic Channels,Lead,2025-09-01,12254.68,Chelsea,70
OPP238,CUST001,Disintermediate World-Class E-Tailers,Closed Won,2025-10-13,11162.4,Daniel,90
OPP239,CUST020,Transition Back-End Supply-Chains,Closed Lost,2025-07-19,11368.01,Vanessa,50
OPP240,CUST014,Facilitate Extensible Eyeballs,Proposal,2025-10-08,13644.35,Samantha,30
OPP241,CUST007,Target End-To-End Models,Lead,2025-09-06,3678.77,John,30
OPP242,CUST009,Envisioneer Back-End Methodologies,Closed Lost,2025-12-09,15736.43,David,90
OPP243,CUST004,Re-Intermediate Customized Initiatives,Negotiation,2025-07-29,4554.31,Alicia,30
OPP244,CUST001,Incubate World-Class Applications,Closed Lost,2025-08-18,17067.74,Martha,90
OPP245,CUST006,Leverage One-To-One E-Business,Qualified,2025-11-06,16345.04,Robin,50
OPP246,CUST010,Cultivate Holistic Markets,Proposal,2025-07-13,7379.28,Kimberly,30
OPP247,CUST002,Synergize Customized Partnerships,Closed Won,2025-07-04,5457.52,William,30
OPP248,CUST008,Harness Visionary Experiences,Proposal,2025-07-17,14370.78,Mindy,30
OPP249,CUST013,Cultivate Robust E-Commerce,Qualified,2025-09-21,5635.94,Christopher,70
OPP250,CUST013,Re-Contextualize Cross-Media Action-Items,Closed Won,2025-09-06,2832.74,Abigail,90
OPP251,CUST015,Leverage Mission-Critical Convergence,Proposal,2025-08-30,19065.47,Vicki,90
OPP252,CUST015,Optimize 24/365 Info-Mediaries,Closed Won,2025-09-23,2770.03,Robert,90
OPP253,CUST018,Seize Best-Of-Breed Roi,Closed Lost,2025-11-12,15172.85,Ashley,70
OPP254,CUST006,Implement Out-Of-The-Box Web-Readiness,Closed Won,2025-09-27,15351.39,Bryan,90
OPP255,CUST015,Extend E-Business Eyeballs,Qualified,2025-10-02,13056.55,Susan,90
OPP256,CUST018,Benchmark Cross-Platform Methodologies,Negotiation,2025-12-04,9042.37,Brandon,30
OPP257,CUST017,Matrix Compelling Applications,Negotiation,2025-09-18,9473.11,Patricia,70
OPP258,CUST002,Syndicate Turn-Key Methodologies,Closed Won,2025-07-15,15395.07,Raven,90
OPP259,CUST010,Productize Leading-Edge Systems,Proposal,2025-10-28,11157.8,Rachel,30
OPP260,CUST017,Exploit Cutting-Edge E-Services,Closed Lost,2025-08-17,3084.2,Richard,10
OPP261,CUST011,Re-Contextualize Distributed E-Commerce,Proposal,2025-10-28,833.1,Nicole,50
OPP262,CUST001,Embrace Rich E-Tailers,Closed Lost,2025-11-25,3046.64,Kyle,10
OPP263,CUST016,Repurpose User-Centric E-Commerce,Qualified,2025-11-13,8087.02,Jason,70
OPP264,CUST009,E-Enable Next-Generation Vortals,Lead,2025-07-18,2821.88,Daniel,90
OPP265,CUST012,Maximize Global Mindshare,Lead,2025-08-15,5892.15,Lisa,50
OPP266,CUST013,Morph Customized E-Markets,Closed Lost,2025-08-21,17513.56,Jeffrey,70
OPP267,CUST001,Enhance Front-End Applications,Lead,2025-09-11,725.97,Jessica,30
OPP268,CUST007,Deliver Holistic Models,Negotiation,2025-10-06,10952.66,Rebecca,10
OPP269,CUST010,Monetize Collaborative Portals,Qualified,2025-10-25,17748.44,Kelly,50
OPP270,CUST001,Extend Sticky Applications,Closed Won,2025-10-05,17309.93,Christine,30
OPP271,CUST005,Deliver Magnetic Applications,Proposal,2025-07-17,10874.15,Justin,10
OPP272,CUST014,Orchestrate Real-Time Technologies,Lead,2025-10-30,16449.62,Jose,50
OPP273,CUST011,Seize Distributed Info-Mediaries,Closed Lost,2025-09-18,11729.89,Laura,10
OPP274,CUST013,Empower Rich Users,Proposal,2025-08-26,13106.57,Jose,30
OPP275,CUST006,Re-Contextualize Real-Time Web-Readiness,Negotiation,2025-09-21,10649.88,Tracy,70
OPP276,CUST020,Visualize Turn-Key Web-Readiness,Qualified,2025-07-06,7942.58,Christine,30
OPP277,CUST001,Seize Visionary Solutions,Lead,2025-08-30,784.23,Mary,70
OPP278,CUST003,Leverage Mission-Critical Users,Negotiation,2025-09-08,3074.51,Sarah,10
OPP279,CUST006,Exploit Synergistic Applications,Qualified,2025-11-20,3229.76,Blake,90
OPP280,CUST001,Seize Mission-Critical Models,Lead,2025-07-26,10873.89,Andrew,30
OPP281,CUST013,Enhance Open-Source Schemas,Negotiation,2025-08-11,6694.46,Charles,30
OPP282,CUST017,Innovate 24/365 Architectures,Negotiation,2025-08-27,19939.38,Bryan,10
OPP283,CUST014,Architect Magnetic E-Commerce,Proposal,2025-12-10,7250.09,Michael,50
OPP284,CUST019,Drive Distributed Technologies,Closed Won,2025-09-16,7299.4,Anthony,10
OPP285,CUST012,Envisioneer 24/365 Applications,Closed Won,2025-08-06,6841.65,Eric,90
OPP286,CUST012,Morph Rich Functionalities,Closed Lost,2025-11-22,16913.82,Andrew,10
OPP287,CUST020,Re-Intermediate Plug-And-Play Niches,Qualified,2025-09-26,1563.06,Alicia,10
OPP288,CUST010,Transform Integrated Models,Closed Won,2025-10-14,13411.34,Rachel,70
OPP289,CUST006,Envisioneer Dynamic Networks,Proposal,2025-09-18,6694.98,David,50
OPP290,CUST010,Incubate Revolutionary Interfaces,Lead,2025-12-02,15420.47,Kelsey,70
OPP291,CUST019,Architect Next-Generation E-Services,Qualified,2025-07-28,6467.69,Michelle,10
OPP292,CUST009,Engineer Turn-Key E-Commerce,Closed Won,2025-11-05,590.96,Oscar,30
OPP293,CUST009,Cultivate Front-End Vortals,Closed Lost,2025-08-31,7079.84,Steven,90
OPP294,CUST006,Strategize Next-Generation Metrics,Closed Won,2025-12-19,2970.04,Brian,90
OPP295,CUST020,Mesh Wireless Users,Negotiation,2025-10-13,6530.51,Carl,70
OPP296,CUST020,Optimize Magnetic Vortals,Closed Lost,2025-12-22,3922.74,Dawn,70
OPP297,CUST013,Maximize Frictionless Niches,Closed Won,2025-12-24,13300.46,Patrick,50
OPP298,CUST001,Harness Cross-Platform E-Commerce,Qualified,2025-07-19,4159.87,Christopher,50
OPP299,CUST004,Benchmark Holistic Supply-Chains,Lead,2025-09-28,18062.58,Darren,10
OPP300,CUST008,Transform Innovative Markets,Qualified,2025-07-14,3405.87,Christina,30
OPP301,CUST014,Incubate Granular Action-Items,Lead,2025-10-01,14448.44,Madison,30
OPP302,CUST015,Integrate E-Business E-Markets,Negotiation,2025-08-06,17040.85,Kelsey,30
OPP303,CUST014,Productize Bleeding-Edge Users,Closed Lost,2025-07-01,17103.48,Elijah,30
OPP304,CUST009,Synthesize Turn-Key Metrics,Closed Won,2025-08-16,16304.89,Alexandra,70
OPP305,CUST013,Leverage Vertical Web Services,Closed Lost,2025-07-08,19616.42,Nicholas,70
OPP306,CUST002,Generate 24/365 Architectures,Closed Lost,2025-10-02,12645.23,Kevin,50
OPP307,CUST020,Morph Impactful Solutions,Closed Lost,2025-12-18,9821.67,William,30
OPP308,CUST017,Monetize Visionary Initiatives,Proposal,2025-11-22,6575.62,Krista,50
OPP309,CUST014,Envisioneer 24/7 Deliverables,Proposal,2025-10-27,8291.22,Timothy,90
OPP310,CUST015,Mesh Viral Roi,Negotiation,2025-11-29,6853.77,Margaret,50
OPP311,CUST020,Architect Plug-And-Play Roi,Qualified,2025-09-23,7875.88,Alex,30
OPP312,CUST020,Disintermediate B2B Synergies,Negotiation,2025-08-22,6263.09,Elizabeth,70
OPP313,CUST008,Reinvent One-To-One Bandwidth,Closed Won,2025-10-06,17571.44,Stephen,90
OPP314,CUST020,Streamline Real-Time E-Business,Closed Lost,2025-12-16,19180.63,Amy,30
OPP315,CUST004,Enable Granular Bandwidth,Negotiation,2025-10-08,9757.27,Brandi,50
OPP316,CUST015,Enable Open-Source Methodologies,Negotiation,2025-11-09,10274.04,Philip,10
OPP317,CUST006,Mesh Intuitive Relationships,Closed Lost,2025-12-05,14300.6,David,50
OPP318,CUST007,Integrate Cross-Platform E-Commerce,Proposal,2025-10-30,15523.29,Joseph,10
OPP319,CUST010,Embrace Dynamic Web-Readiness,Closed Won,2025-10-26,4075.13,Charles,10
OPP320,CUST015,Harness E-Business Users,Lead,2025-09-21,12204.15,Carmen,70
OPP321,CUST011,Seize Dot-Com Supply-Chains,Lead,2025-08-06,9143.52,Michael,90
OPP322,CUST003,Target World-Class Experiences,Proposal,2025-11-05,13255.58,Crystal,30
OPP323,CUST020,Brand Dot-Com Functionalities,Proposal,2025-12-18,14560.6,Loretta,50
OPP324,CUST011,Extend Bricks-And-Clicks Synergies,Lead,2025-10-24,5378.89,Vanessa,90
OPP325,CUST001,Engage Plug-And-Play E-Commerce,Negotiation,2025-11-18,13302.89,Barry,70
OPP326,CUST006,Grow Turn-Key Relationships,Closed Lost,2025-10-26,9862.4,Steven,70
OPP327,CUST006,Scale Compelling Functionalities,Lead,2025-06-30,4909.57,Leroy,70
OPP328,CUST003,Engage Vertical E-Services,Proposal,2025-08-30,17889.44,Russell,10
OPP329,CUST018,Engineer Distributed Interfaces,Qualified,2025-12-08,13010.22,Vanessa,90
OPP330,CUST020,Brand Open-Source E-Services,Closed Won,2025-09-04,1238.01,Keith,50
OPP331,CUST011,Architect Distributed Content,Qualified,2025-12-10,19927.2,Timothy,30
OPP332,CUST015,Innovate Wireless Models,Closed Won,2025-11-16,15121.73,Elizabeth,90
OPP333,CUST017,Matrix Integrated Action-Items,Lead,2025-09-02,10636.86,Valerie,10
OPP334,CUST014,Utilize B2C Deliverables,Qualified,2025-07-29,3425.37,Anthony,10
OPP335,CUST015,Facilitate Bleeding-Edge Platforms,Closed Won,2025-09-19,9045.52,James,10
OPP336,CUST011,Utilize Vertical Eyeballs,Lead,2025-08-06,808.22,Matthew,30
OPP337,CUST005,Seize Efficient Experiences,Closed Won,2025-11-13,14620.07,Jonathan,30
OPP338,CUST013,Incubate Front-End Niches,Proposal,2025-09-18,3032.69,Eric,30
OPP339,CUST006,Drive Ubiquitous Web Services,Closed Won,2025-08-23,8290.81,Jared,30
OPP340,CUST010,Utilize Magnetic Schemas,Negotiation,2025-12-24,15262.76,Daniel,30
OPP341,CUST006,Optimize Holistic E-Business,Negotiation,2025-08-22,11839.04,Justin,90
OPP342,CUST006,Redefine Distributed Niches,Closed Won,2025-08-02,15811.09,Daniel,90
OPP343,CUST009,Envisioneer Wireless Mindshare,Negotiation,2025-11-17,2133.08,Kyle,10
OPP344,CUST012,Syndicate Holistic Supply-Chains,Closed Won,2025-12-01,4065.42,Elizabeth,10
OPP345,CUST004,Embrace 24/365 E-Commerce,Closed Won,2025-11-18,19092.67,Olivia,90
OPP346,CUST005,Cultivate 24/7 Functionalities,Lead,2025-10-06,11875.78,Laura,10
OPP347,CUST010,Morph Turn-Key Roi,Closed Won,2025-10-27,8318.31,April,90
OPP348,CUST004,Re-Intermediate Dynamic Models,Negotiation,2025-10-21,14882.14,Jonathan,90
OPP349,CUST006,Target E-Business Metrics,Proposal,2025-10-15,15100.26,Corey,50
OPP350,CUST016,Deploy Dynamic Eyeballs,Closed Won,2025-09-30,2937.94,Eric,50
OPP351,CUST012,E-Enable One-To-One Paradigms,Closed Lost,2025-11-26,11779.91,Julie,50
OPP352,CUST014,Mesh Turn-Key Channels,Lead,2025-08-03,18370.6,Robert,10
OPP353,CUST009,Exploit Turn-Key E-Services,Closed Won,2025-10-12,4740.26,Rose,30
OPP354,CUST020,Whiteboard B2C Infrastructures,Qualified,2025-08-17,18774.9,Austin,90
OPP355,CUST002,Visualize Ubiquitous Content,Lead,2025-09-19,10446.34,Darryl,50
OPP356,CUST014,Harness Dynamic E-Commerce,Negotiation,2025-11-10,9970.87,Jonathan,90
OPP357,CUST017,Extend World-Class Convergence,Qualified,2025-10-20,14758.07,Charles,10
OPP358,CUST020,Whiteboard Holistic Markets,Closed Won,2025-12-08,15693.64,April,90
OPP359,CUST016,Utilize Holistic Applications,Negotiation,2025-09-28,12749.46,Tonya,10
OPP360,CUST014,Envisioneer Transparent Metrics,Qualified,2025-09-25,15276.57,Morgan,50
OPP361,CUST002,Re-Contextualize Interactive Networks,Closed Won,2025-12-03,15658.34,Sabrina,50
OPP362,CUST002,Visualize Integrated Networks,Closed Lost,2025-10-03,2101.23,Kimberly,30
OPP363,CUST019,Aggregate Intuitive E-Commerce,Negotiation,2025-08-24,4906.94,Ashley,50
OPP364,CUST020,Re-Contextualize Transparent Methodologies,Closed Won,2025-08-24,17092.0,Zachary,50
OPP365,CUST019,Maximize Value-Added Markets,Closed Lost,2025-09-05,10894.39,Michelle,30
OPP366,CUST002,Transform 24/365 Info-Mediaries,Lead,2025-12-03,9532.48,Chad,30
OPP367,CUST017,Seize Next-Generation Partnerships,Proposal,2025-08-24,8931.16,Grant,30
OPP368,CUST001,Whiteboard Intuitive Vortals,Negotiation,2025-07-27,6811.8,Sarah,90
OPP369,CUST007,Brand Mission-Critical E-Commerce,Closed Won,2025-07-14,831.95,Jack,90
OPP370,CUST013,Generate Synergistic Metrics,Negotiation,2025-08-22,19770.03,Christy,10
OPP371,CUST014,Brand Front-End E-Commerce,Qualified,2025-08-05,18964.66,Steven,30
OPP372,CUST009,Facilitate Sticky Models,Qualified,2025-07-25,8066.46,Jillian,70
OPP373,CUST014,Redefine Proactive Users,Negotiation,2025-07-26,6450.7,Jerry,30
OPP374,CUST019,Visualize Next-Generation Roi,Proposal,2025-11-14,7124.35,Jaime,90
OPP375,CUST018,Drive Cutting-Edge Methodologies,Closed Won,2025-09-08,4176.24,Kathryn,90
OPP376,CUST004,Cultivate Holistic Initiatives,Lead,2025-09-24,4684.66,David,50
OPP377,CUST016,Brand Best-Of-Breed Portals,Qualified,2025-10-05,4121.54,Misty,90
OPP378,CUST011,Enable Next-Generation Supply-Chains,Closed Won,2025-07-25,3017.23,Brandon,70
OPP379,CUST020,Utilize One-To-One Systems,Negotiation,2025-08-27,10013.98,Brittany,10
OPP380,CUST014,Deliver Front-End Methodologies,Qualified,2025-09-14,17571.38,Emily,90
OPP381,CUST011,Iterate Extensible Users,Closed Won,2025-11-02,1159.28,Virginia,70
OPP382,CUST012,Exploit 24/365 Networks,Closed Won,2025-08-13,1023.02,Tamara,10
OPP383,CUST019,Drive Extensible Roi,Closed Won,2025-07-12,10823.28,Hannah,10
OPP384,CUST005,Matrix Interactive E-Business,Closed Lost,2025-09-26,15999.27,Beverly,90
OPP385,CUST005,Disintermediate Revolutionary Vortals,Proposal,2025-12-27,9177.55,Alexa,10
OPP386,CUST005,Scale Rich Synergies,Closed Won,2025-09-17,14045.58,Stephanie,70
OPP387,CUST004,Mesh Wireless Networks,Proposal,2025-07-16,16626.05,Christian,10
OPP388,CUST005,Re-Contextualize Bricks-And-Clicks Action-Items,Negotiation,2025-12-12,17766.48,Dana,10
OPP389,CUST012,Optimize Open-Source Deliverables,Closed Won,2025-09-11,5100.95,John,70
OPP390,CUST003,Enhance Front-End Paradigms,Closed Lost,2025-12-23,17666.8,Heather,90
OPP391,CUST008,Seize Mission-Critical Communities,Proposal,2025-08-06,4066.08,Jeremy,10
OPP392,CUST007,Extend Virtual Initiatives,Closed Won,2025-08-20,17802.49,Jessica,10
OPP393,CUST003,Drive Value-Added Supply-Chains,Proposal,2025-09-04,665.64,Edward,10
OPP394,CUST002,Incentivize Bricks-And-Clicks Initiatives,Closed Won,2025-12-29,14554.94,Julie,70
OPP395,CUST018,Unleash 24/365 E-Business,Lead,2025-09-23,7279.96,Lacey,50
OPP396,CUST003,Benchmark Dynamic E-Commerce,Closed Lost,2025-08-08,9899.48,David,10
OPP397,CUST006,Implement One-To-One Infrastructures,Closed Won,2025-11-03,9712.94,Timothy,30
OPP398,CUST007,Facilitate Dot-Com E-Markets,Lead,2025-08-02,1972.71,Pam,50
OPP399,CUST002,Benchmark Magnetic Models,Closed Lost,2025-09-24,10102.94,Kyle,70
OPP400,CUST004,Implement Front-End Paradigms,Qualified,2025-10-31,18366.2,Luis,90
OPP401,CUST006,Productize Strategic Supply-Chains,Lead,2025-10-12,6385.05,Jermaine,30
OPP402,CUST009,Envisioneer Open-Source Architectures,Negotiation,2025-11-26,16906.07,Anna,50
OPP403,CUST015,Maximize Bricks-And-Clicks Info-Mediaries,Negotiation,2025-07-05,14364.35,Andre,30
OPP404,CUST002,Innovate Bricks-And-Clicks Portals,Closed Won,2025-07-23,11049.86,Tracy,50
OPP405,CUST016,Transform Turn-Key E-Services,Closed Won,2025-10-10,9747.04,Justin,50
OPP406,CUST019,Repurpose Best-Of-Breed Synergies,Closed Won,2025-10-22,6027.35,Mary,50
OPP407,CUST004,Reinvent Sticky Channels,Negotiation,2025-07-06,10267.66,Robert,30
OPP408,CUST002,Extend Back-End Methodologies,Qualified,2025-06-30,18607.88,Jasmine,70
OPP409,CUST014,Engineer Collaborative E-Services,Qualified,2025-09-29,13258.65,Melissa,10
OPP410,CUST010,Seize Distributed Partnerships,Closed Won,2025-08-14,11932.96,Destiny,30
OPP411,CUST010,Redefine Bricks-And-Clicks Interfaces,Lead,2025-08-22,17816.85,Cynthia,10
OPP412,CUST012,Synergize Extensible Solutions,Lead,2025-07-28,3736.71,Dennis,10
OPP413,CUST004,Innovate Dynamic Networks,Closed Won,2025-12-12,8366.67,Perry,90
OPP414,CUST012,Morph One-To-One E-Commerce,Closed Won,2025-10-28,14287.3,Jessica,10
OPP415,CUST011,Enhance B2C Mindshare,Negotiation,2025-12-24,16115.03,Heather,90
OPP416,CUST008,Cultivate Holistic Architectures,Qualified,2025-11-23,14175.59,Erin,50
OPP417,CUST004,Engineer B2B Paradigms,Proposal,2025-08-26,5498.76,Jerry,10
OPP418,CUST007,Mesh Cutting-Edge Infrastructures,Proposal,2025-11-13,12367.52,Joseph,50
OPP419,CUST017,Embrace Open-Source Convergence,Qualified,2025-10-20,13066.13,Lindsay,30
OPP420,CUST014,Re-Intermediate Next-Generation Models,Lead,2025-07-17,2429.22,Angel,10
OPP421,CUST008,Enhance Vertical Platforms,Lead,2025-09-14,3667.1,Laura,30
OPP422,CUST010,Maximize Frictionless Roi,Lead,2025-09-23,5528.67,Samuel,70
OPP423,CUST009,Extend Dynamic Technologies,Negotiation,2025-07-27,14960.0,Benjamin,50
OPP424,CUST007,Strategize World-Class Niches,Qualified,2025-08-23,11161.25,Kelly,90
OPP425,CUST012,Integrate 24/7 Convergence,Qualified,2025-07-29,4519.0,Jessica,90
OPP426,CUST010,Maximize Bleeding-Edge Networks,Qualified,2025-12-05,5533.54,Kenneth,10
OPP427,CUST015,Utilize Open-Source Models,Qualified,2025-07-25,17267.34,Michelle,90
OPP428,CUST008,Grow Efficient Bandwidth,Qualified,2025-11-06,5883.45,Cassandra,30
OPP429,CUST006,Synthesize Holistic Platforms,Qualified,2025-11-21,8579.12,Rhonda,70
OPP430,CUST010,Cultivate Back-End Web-Readiness,Closed Lost,2025-11-30,14752.92,Gregory,30
OPP431,CUST017,Embrace Scalable Roi,Qualified,2025-07-22,14443.65,Tabitha,70
OPP432,CUST010,Deliver Vertical Partnerships,Lead,2025-10-10,7317.32,Russell,90
OPP433,CUST006,Unleash Proactive E-Markets,Lead,2025-11-12,19242.4,Katherine,30
OPP434,CUST007,Scale Next-Generation E-Tailers,Qualified,2025-12-23,5690.48,David,50
OPP435,CUST008,Incubate Value-Added Convergence,Qualified,2025-10-14,16283.02,Katherine,50
OPP436,CUST002,Mesh Customized Paradigms,Negotiation,2025-07-20,7263.12,Jason,50
OPP437,CUST004,Seize Innovative Eyeballs,Lead,2025-12-19,12055.94,Robin,50
OPP438,CUST013,Iterate Seamless Models,Lead,2025-10-10,10822.8,Andrew,70
OPP439,CUST019,Reinvent Compelling Action-Items,Qualified,2025-07-11,11650.55,Mary,30
OPP440,CUST012,Matrix Frictionless E-Tailers,Closed Lost,2025-11-15,19404.54,Pamela,10
OPP441,CUST003,Transition Dot-Com Roi,Proposal,2025-12-17,10806.86,Debbie,70
OPP442,CUST015,Extend End-To-End Content,Proposal,2025-10-12,11311.45,Alexis,10
OPP443,CUST003,Redefine Front-End Channels,Proposal,2025-09-28,13966.38,Sydney,50
OPP444,CUST018,Optimize Intuitive Mindshare,Lead,2025-09-15,565.75,Teresa,50
OPP445,CUST019,Grow Strategic Channels,Closed Won,2025-11-17,1382.18,Alexis,10
OPP446,CUST004,Disintermediate Visionary E-Tailers,Lead,2025-11-13,19570.48,Melissa,50
OPP447,CUST007,Aggregate Scalable Web-Readiness,Negotiation,2025-07-06,3696.78,Connie,70
OPP448,CUST018,Leverage Innovative Convergence,Closed Lost,2025-09-23,19360.6,John,10
OPP449,CUST005,Deliver Value-Added Metrics,Closed Won,2025-11-28,14842.91,Michael,30
OPP450,CUST001,Evolve Plug-And-Play E-Commerce,Qualified,2025-08-15,7096.28,Kenneth,90
OPP451,CUST007,Maximize Robust Supply-Chains,Proposal,2025-07-10,9075.24,Nicholas,10
OPP452,CUST018,Optimize Global Web-Readiness,Lead,2025-09-27,2477.37,Evan,70
OPP453,CUST013,E-Enable Efficient Functionalities,Qualified,2025-11-06,13366.97,Brian,10
OPP454,CUST003,Innovate Visionary Convergence,Closed Won,2025-11-12,14252.11,Lawrence,70
OPP455,CUST010,Re-Contextualize Back-End Convergence,Proposal,2025-09-27,15247.9,David,70
OPP456,CUST017,Repurpose Granular Partnerships,Proposal,2025-10-25,11044.29,Blake,90
OPP457,CUST014,Architect Bleeding-Edge Convergence,Proposal,2025-07-25,1371.89,Bill,30
OPP458,CUST003,Engineer Seamless Communities,Closed Won,2025-11-09,2685.8,Sharon,70
OPP459,CUST004,Empower Open-Source Solutions,Closed Lost,2025-08-19,4728.71,Anthony,70
OPP460,CUST005,Reinvent Collaborative Technologies,Closed Won,2025-09-29,883.38,Jeffrey,30
OPP461,CUST013,Whiteboard Proactive Convergence,Lead,2025-08-30,19922.61,Brandy,50
OPP462,CUST011,Facilitate Synergistic E-Tailers,Proposal,2025-08-18,2403.19,Jacob,30
OPP463,CUST015,Matrix Magnetic Architectures,Proposal,2025-07-03,2491.03,Alexandra,50
OPP464,CUST013,Reinvent Bricks-And-Clicks Niches,Lead,2025-11-10,8474.9,Tiffany,30
OPP465,CUST013,Deliver Leading-Edge Paradigms,Negotiation,2025-08-21,14673.25,Julie,10
OPP466,CUST007,Drive Seamless E-Markets,Closed Won,2025-10-25,9998.5,Philip,70
OPP467,CUST005,Monetize Killer Mindshare,Closed Lost,2025-11-19,5588.14,Lisa,50
OPP468,CUST008,Expedite Proactive Networks,Negotiation,2025-10-07,7193.44,Stanley,90
OPP469,CUST019,Expedite Leading-Edge Content,Closed Won,2025-11-21,14544.39,Janet,90
OPP470,CUST007,Reinvent B2B Markets,Negotiation,2025-09-16,12603.03,Sara,10
OPP471,CUST017,Productize Strategic Vortals,Lead,2025-08-09,676.93,Kevin,50
OPP472,CUST003,Scale Back-End Channels,Negotiation,2025-11-03,10334.08,Devin,10
OPP473,CUST006,Orchestrate Seamless Networks,Negotiation,2025-07-25,10329.9,Melissa,30
OPP474,CUST009,Syndicate Front-End Metrics,Lead,2025-11-27,15414.08,Jonathan,90
OPP475,CUST012,Transition Cutting-Edge E-Business,Lead,2025-10-31,4474.56,Scott,50
OPP476,CUST010,Seize Distributed Networks,Proposal,2025-10-27,8853.13,Summer,70
OPP477,CUST005,Utilize End-To-End Niches,Closed Won,2025-07-08,2126.21,Crystal,30
OPP478,CUST019,Generate Magnetic Web-Readiness,Closed Won,2025-07-23,16675.32,Patrick,10
OPP479,CUST013,Whiteboard One-To-One E-Commerce,Proposal,2025-07-20,18271.6,Christopher,30
OPP480,CUST012,Whiteboard Cross-Platform Methodologies,Lead,2025-10-31,19023.67,Anna,70
OPP481,CUST009,Deliver Cross-Media Synergies,Closed Lost,2025-10-17,2112.22,Alicia,90
OPP482,CUST006,Deliver B2C Niches,Proposal,2025-09-09,12169.38,Christopher,50
OPP483,CUST020,Brand World-Class Infrastructures,Closed Lost,2025-07-11,1196.08,Diane,10
OPP484,CUST020,E-Enable E-Business Paradigms,Lead,2025-07-30,4148.84,Brandi,10
OPP485,CUST004,Iterate Real-Time Experiences,Qualified,2025-09-28,9185.6,Frederick,50
OPP486,CUST003,Incubate Compelling Niches,Closed Won,2025-07-13,4246.14,Wayne,70
OPP487,CUST010,Cultivate Best-Of-Breed E-Services,Qualified,2025-07-17,16113.53,Connie,30
OPP488,CUST010,Transition Web-Enabled Eyeballs,Negotiation,2025-12-11,3543.0,Louis,50
OPP489,CUST013,Whiteboard Global Paradigms,Qualified,2025-09-30,19910.22,Timothy,90
OPP490,CUST014,Repurpose Dynamic Solutions,Qualified,2025-12-03,11513.9,John,50
OPP491,CUST004,Mesh Vertical Niches,Proposal,2025-11-06,4829.63,Mary,50
OPP492,CUST002,Engineer Mission-Critical Initiatives,Closed Lost,2025-10-29,12962.91,Anthony,70
OPP493,CUST002,Aggregate Robust Networks,Closed Lost,2025-11-27,16905.77,William,30
OPP494,CUST014,Benchmark Back-End Communities,Closed Lost,2025-09-20,8391.44,Cassandra,30
OPP495,CUST001,Leverage Web-Enabled Portals,Proposal,2025-10-05,13642.46,Kimberly,70
OPP496,CUST013,Reinvent Back-End Interfaces,Qualified,2025-12-01,17674.99,Jeremy,70
OPP497,CUST013,Orchestrate Cross-Platform Schemas,Lead,2025-12-11,17999.8,Robert,50
OPP498,CUST001,Drive Global Action-Items,Negotiation,2025-10-27,3349.22,Tyler,30
OPP499,CUST020,Monetize User-Centric Architectures,Closed Lost,2025-11-08,13348.24,Sue,50
OPP500,CUST001,Incentivize Real-Time Systems,Qualified,2025-09-16,7544.97,Susan,50
OPP501,CUST007,Seize Revolutionary Deliverables,Negotiation,2025-07-27,2420.1,Ashley,30
OPP502,CUST008,Strategize Integrated Action-Items,Proposal,2025-12-02,10953.63,James,90
OPP503,CUST001,Synergize Turn-Key Technologies,Lead,2025-09-24,18160.62,Veronica,50
OPP504,CUST017,Incubate Bleeding-Edge E-Services,Proposal,2025-12-27,13022.81,Brian,50
OPP505,CUST009,Engage Rich Deliverables,Closed Lost,2025-11-27,13920.13,Charlotte,50
OPP506,CUST009,Synergize Frictionless Systems,Closed Won,2025-09-07,3661.0,Douglas,50
OPP507,CUST016,Repurpose Synergistic Systems,Proposal,2025-08-22,9040.28,Alexis,30
OPP508,CUST011,Envisioneer Innovative Action-Items,Proposal,2025-08-21,16156.18,Amanda,50
OPP509,CUST005,Reinvent Robust E-Markets,Closed Lost,2025-10-23,12315.53,Cody,30
OPP510,CUST017,Matrix Enterprise Partnerships,Closed Won,2025-09-12,3422.46,Matthew,30
OPP511,CUST006,Repurpose Dot-Com Supply-Chains,Closed Won,2025-12-20,844.33,James,10
OPP512,CUST013,Strategize Holistic Synergies,Lead,2025-10-31,15263.06,Monica,50
OPP513,CUST020,Implement Seamless Niches,Closed Won,2025-09-03,5874.12,Timothy,30
OPP514,CUST019,Benchmark Granular Synergies,Negotiation,2025-11-08,13823.37,Jordan,10
OPP515,CUST009,Incentivize Value-Added Schemas,Closed Lost,2025-08-27,2723.87,Virginia,50
OPP516,CUST007,Whiteboard Revolutionary Models,Lead,2025-07-22,9815.04,Jessica,30
OPP517,CUST012,Incubate Open-Source Systems,Qualified,2025-12-02,17769.39,Carlos,30
OPP518,CUST005,Seize Cutting-Edge Functionalities,Qualified,2025-10-20,10902.61,Brittany,50
OPP519,CUST008,Deliver Revolutionary Eyeballs,Closed Won,2025-07-28,13587.63,James,90
OPP520,CUST006,Matrix Synergistic Relationships,Closed Won,2025-10-17,15806.81,Ann,90
OPP521,CUST001,Enable Real-Time E-Markets,Closed Won,2025-10-31,3644.45,Rachel,10
OPP522,CUST003,Streamline Wireless Web-Readiness,Negotiation,2025-07-12,3448.2,Jerry,30
OPP523,CUST019,Implement Holistic Metrics,Lead,2025-08-03,2503.75,Cynthia,50
OPP524,CUST004,Unleash Out-Of-The-Box E-Business,Proposal,2025-10-19,15480.04,Samantha,10
OPP525,CUST003,Enhance Strategic Web Services,Qualified,2025-07-13,13033.64,Kayla,50
OPP526,CUST009,Extend Impactful Infrastructures,Lead,2025-12-05,12039.93,Alexis,90
OPP527,CUST019,Monetize Front-End Supply-Chains,Proposal,2025-07-27,6143.63,Richard,90
OPP528,CUST006,Repurpose Clicks-And-Mortar Infrastructures,Lead,2025-11-06,4479.97,Ashley,30
OPP529,CUST007,Enhance Cross-Platform Markets,Qualified,2025-08-11,6094.92,Jaclyn,50
OPP530,CUST019,Target User-Centric Portals,Lead,2025-12-24,17496.82,Stephanie,10
OPP531,CUST018,Engage Sticky Deliverables,Proposal,2025-08-10,17856.41,Dustin,50
OPP532,CUST013,Maximize Virtual Deliverables,Lead,2025-09-26,13276.61,Bailey,70
OPP533,CUST013,Aggregate 24/365 Paradigms,Proposal,2025-12-19,19021.44,Gina,90
OPP534,CUST009,Evolve Best-Of-Breed E-Tailers,Lead,2025-08-12,14302.34,Carlos,30
OPP535,CUST003,Engineer B2B Technologies,Closed Won,2025-11-25,9656.5,Dylan,50
OPP536,CUST009,Benchmark B2B E-Business,Qualified,2025-08-19,14797.59,Kimberly,50
OPP537,CUST004,Facilitate Extensible Deliverables,Negotiation,2025-08-03,11900.07,Michael,10
OPP538,CUST012,Envisioneer 24/365 Schemas,Qualified,2025-08-26,2086.94,Vanessa,30
OPP539,CUST002,Whiteboard E-Business E-Markets,Lead,2025-08-11,11544.61,Kristin,10
OPP540,CUST005,Orchestrate Granular Communities,Closed Lost,2025-10-12,6881.36,Robert,30
OPP541,CUST017,Synergize Clicks-And-Mortar Portals,Qualified,2025-09-06,10266.26,Kaitlyn,90
OPP542,CUST006,Target Interactive Initiatives,Lead,2025-10-14,14237.2,Mary,70
OPP543,CUST012,Innovate Cross-Media Initiatives,Lead,2025-09-29,5864.97,Shannon,30
OPP544,CUST020,Strategize Rich Web-Readiness,Qualified,2025-10-17,7861.44,Jonathan,30
OPP545,CUST011,Implement 24/365 Content,Lead,2025-08-31,12695.39,Renee,10
OPP546,CUST014,Morph Bricks-And-Clicks Users,Qualified,2025-08-17,10806.1,Brett,70
OPP547,CUST013,Syndicate Enterprise Niches,Closed Won,2025-12-28,7592.55,Samuel,90
OPP548,CUST020,Leverage Clicks-And-Mortar Action-Items,Qualified,2025-09-13,13520.98,Timothy,50
OPP549,CUST015,Drive World-Class Niches,Lead,2025-07-13,5623.27,Nicole,30
OPP550,CUST003,Re-Contextualize Efficient Models,Negotiation,2025-10-20,7096.06,Hector,30
OPP551,CUST008,Revolutionize Vertical Users,Lead,2025-07-27,3085.44,Timothy,50
OPP552,CUST010,Scale Killer Schemas,Closed Lost,2025-12-06,6681.58,Rebekah,70
OPP553,CUST009,Synthesize Enterprise Networks,Negotiation,2025-09-18,16335.33,Kaitlyn,70
OPP554,CUST010,Unleash Synergistic E-Services,Negotiation,2025-11-02,6368.81,Philip,30
OPP555,CUST018,Leverage World-Class Systems,Proposal,2025-11-05,13938.55,Andrea,50
OPP556,CUST020,Enable Wireless E-Business,Proposal,2025-09-29,15515.11,Veronica,70
OPP557,CUST019,Empower Scalable Initiatives,Lead,2025-07-09,5774.37,Tiffany,50
OPP558,CUST004,Deploy E-Business Communities,Negotiation,2025-12-08,5750.28,Angela,50
OPP559,CUST015,Matrix Interactive Networks,Proposal,2025-10-05,18905.69,Andrea,90
OPP560,CUST004,Expedite 24/365 Markets,Lead,2025-08-22,16114.9,Michael,10
OPP561,CUST004,Utilize 24/7 Niches,Lead,2025-11-15,19963.05,Austin,90
OPP562,CUST012,Extend B2B Web-Readiness,Closed Won,2025-10-28,7073.9,Erika,70
OPP563,CUST006,Repurpose Cross-Platform E-Commerce,Closed Won,2025-07-19,13634.66,Lucas,10
OPP564,CUST006,Extend 24/365 E-Tailers,Negotiation,2025-11-09,616.91,Anna,30
OPP565,CUST003,Benchmark Rich E-Business,Closed Lost,2025-07-01,18024.34,Jesse,70
OPP566,CUST004,Brand Synergistic Solutions,Qualified,2025-12-29,13199.16,Sylvia,30
OPP567,CUST014,Harness B2B Web-Readiness,Closed Lost,2025-11-10,19510.54,Beth,10
OPP568,CUST010,Deploy Extensible Systems,Closed Won,2025-09-03,5684.25,Charles,10
OPP569,CUST011,Matrix Strategic Schemas,Closed Lost,2025-11-09,14267.71,Kevin,10
OPP570,CUST006,Extend Web-Enabled Architectures,Closed Won,2025-11-25,9097.12,Christy,70
OPP571,CUST011,Matrix Frictionless Bandwidth,Negotiation,2025-10-04,5052.48,Daniel,10
OPP572,CUST011,Mesh Clicks-And-Mortar Platforms,Closed Won,2025-11-19,3773.15,Maureen,10
OPP573,CUST010,Target Sticky Vortals,Negotiation,2025-10-05,6880.06,Jacob,90
OPP574,CUST012,Unleash Distributed Infrastructures,Lead,2025-11-07,1869.16,Chase,90
OPP575,CUST012,Embrace Frictionless E-Business,Closed Lost,2025-08-16,516.12,Robert,90
OPP576,CUST010,Benchmark Distributed Initiatives,Proposal,2025-08-25,4797.68,Donald,50
OPP577,CUST006,Extend Wireless Synergies,Closed Lost,2025-08-23,10975.55,Shane,30
OPP578,CUST008,Implement Efficient Schemas,Proposal,2025-06-30,2081.48,Nathan,70
OPP579,CUST016,Reinvent Real-Time Experiences,Negotiation,2025-12-24,3426.82,Troy,90
OPP580,CUST011,Re-Contextualize Mission-Critical Convergence,Closed Lost,2025-10-31,5156.68,Charles,30
OPP581,CUST011,Benchmark Efficient Initiatives,Closed Lost,2025-12-14,17746.37,Jeremy,50
OPP582,CUST008,Integrate Clicks-And-Mortar Methodologies,Closed Won,2025-11-09,19006.34,William,30
OPP583,CUST015,Expedite Distributed Eyeballs,Negotiation,2025-07-15,758.25,Timothy,30
OPP584,CUST009,Generate Bricks-And-Clicks Action-Items,Lead,2025-10-04,1514.14,Jay,90
OPP585,CUST013,Whiteboard Efficient Partnerships,Negotiation,2025-08-12,11254.45,David,30
OPP586,CUST013,Disintermediate Transparent Convergence,Proposal,2025-11-08,18236.44,Curtis,70
OPP587,CUST015,Engage Interactive Infrastructures,Proposal,2025-09-27,9083.1,Ashley,90
OPP588,CUST009,Reinvent Dynamic Mindshare,Closed Lost,2025-09-14,11307.92,Andrew,70
OPP589,CUST004,Strategize Best-Of-Breed Roi,Proposal,2025-07-09,14501.9,Shane,70
OPP590,CUST002,Disintermediate Customized E-Tailers,Qualified,2025-12-09,14285.8,Sheila,70
OPP591,CUST005,Engage Cross-Platform Applications,Closed Won,2025-12-26,16719.87,Jennifer,10
OPP592,CUST016,Mesh Leading-Edge Deliverables,Negotiation,2025-10-22,6102.11,Christine,30
OPP593,CUST018,Redefine Integrated Networks,Lead,2025-08-28,12335.56,Darren,70
OPP594,CUST010,Cultivate Global Infrastructures,Closed Lost,2025-12-24,17672.05,Thomas,30
OPP595,CUST010,Maximize Visionary Applications,Closed Won,2025-09-26,19785.84,Lori,90
OPP596,CUST018,Redefine Robust Niches,Qualified,2025-12-12,6494.74,Edward,70
OPP597,CUST003,Harness Cutting-Edge E-Tailers,Qualified,2025-09-23,12991.46,Gabriel,10
OPP598,CUST018,Synthesize Web-Enabled E-Markets,Negotiation,2025-10-28,11839.91,Melissa,10
OPP599,CUST014,Empower User-Centric Systems,Negotiation,2025-10-28,2782.89,Adam,30
OPP600,CUST006,Productize B2C E-Commerce,Closed Lost,2025-07-30,17535.14,Sharon,70
OPP601,CUST011,Transform Extensible Web Services,Closed Lost,2025-11-26,9331.91,Amber,30
OPP602,CUST010,Cultivate Value-Added Convergence,Closed Won,2025-09-27,15613.94,Brett,90
OPP603,CUST016,Embrace Real-Time Portals,Negotiation,2025-09-06,12025.79,Alicia,70
OPP604,CUST006,Redefine Leading-Edge Niches,Lead,2025-10-24,16313.57,Janet,70
OPP605,CUST020,Exploit Killer Vortals,Negotiation,2025-12-23,9033.25,Lisa,30
OPP606,CUST020,Streamline Sticky Functionalities,Proposal,2025-11-28,3572.19,Christine,30
OPP607,CUST007,Incubate Seamless Methodologies,Closed Won,2025-12-01,13037.46,Kellie,30
OPP608,CUST001,Redefine Web-Enabled Metrics,Closed Won,2025-11-02,10779.38,Nicole,70
OPP609,CUST018,Evolve Back-End E-Business,Proposal,2025-11-07,19916.65,Caitlyn,50
OPP610,CUST004,Envisioneer Revolutionary Relationships,Lead,2025-12-27,6667.43,Melissa,90
OPP611,CUST006,Syndicate Killer Systems,Closed Won,2025-11-09,12910.58,Holly,70
OPP612,CUST014,Cultivate Open-Source Niches,Closed Won,2025-11-09,14852.8,Alyssa,70
OPP613,CUST005,Drive Sticky E-Business,Lead,2025-12-16,14141.02,Rebecca,30
OPP614,CUST013,Expedite E-Business Convergence,Lead,2025-10-22,3566.16,James,30
OPP615,CUST018,Embrace Proactive Solutions,Qualified,2025-08-23,8322.78,Catherine,70
OPP616,CUST020,Cultivate Impactful Communities,Qualified,2025-09-16,3367.38,Donald,70
OPP617,CUST008,Iterate Transparent Models,Negotiation,2025-10-19,12298.75,Jordan,50
OPP618,CUST004,Embrace Front-End Users,Negotiation,2025-08-05,11487.55,Jeffrey,10
OPP619,CUST008,Architect Real-Time Platforms,Lead,2025-07-10,1347.55,Catherine,30
OPP620,CUST020,Harness Enterprise Action-Items,Negotiation,2025-07-26,6380.36,Carolyn,70
OPP621,CUST014,Integrate End-To-End Platforms,Closed Won,2025-07-26,12530.11,Corey,30
OPP622,CUST017,E-Enable Strategic E-Tailers,Proposal,2025-06-30,4902.11,Darrell,70
OPP623,CUST020,Harness Bleeding-Edge Web Services,Lead,2025-07-12,9601.79,Darren,70
OPP624,CUST010,Innovate Rich Models,Qualified,2025-07-31,6679.9,James,10
OPP625,CUST011,Scale Proactive Architectures,Closed Won,2025-12-27,9139.35,Jose,50
OPP626,CUST001,Grow Seamless Action-Items,Lead,2025-11-05,5052.28,Jennifer,90
OPP627,CUST001,Drive Plug-And-Play Networks,Qualified,2025-11-19,6749.76,Phyllis,90
OPP628,CUST007,Drive Innovative Paradigms,Negotiation,2025-09-19,12925.85,Olivia,10
OPP629,CUST017,Engineer Strategic Networks,Lead,2025-07-16,8010.27,Michael,70
OPP630,CUST001,Generate Virtual Communities,Qualified,2025-09-21,15357.84,Jonathan,90
OPP631,CUST015,Envisioneer 24/365 Action-Items,Qualified,2025-08-15,18033.5,Daniel,90
OPP632,CUST002,Drive 24/7 Architectures,Closed Lost,2025-11-27,14192.58,Rachel,70
OPP633,CUST014,Disintermediate Virtual Metrics,Qualified,2025-07-25,11965.23,Jonathan,70
OPP634,CUST011,Orchestrate Cutting-Edge E-Services,Proposal,2025-11-15,11296.9,Mark,10
OPP635,CUST015,Architect Cross-Media Users,Qualified,2025-08-16,7991.75,Craig,90
OPP636,CUST001,Incubate Turn-Key E-Commerce,Closed Won,2025-09-25,18699.51,Virginia,30
OPP637,CUST008,Drive Robust Info-Mediaries,Closed Lost,2025-08-21,6163.27,Andrew,50
OPP638,CUST002,Disintermediate Extensible Content,Lead,2025-11-06,1245.85,Danielle,50
OPP639,CUST012,Embrace Viral Markets,Closed Lost,2025-07-05,1338.69,Sarah,30
OPP640,CUST019,Exploit Frictionless Partnerships,Negotiation,2025-07-28,8093.64,William,70
OPP641,CUST001,Drive 24/365 Info-Mediaries,Negotiation,2025-09-22,6648.69,Richard,90
OPP642,CUST007,Architect Compelling E-Business,Closed Won,2025-12-20,3209.34,Brian,30
OPP643,CUST019,Exploit Next-Generation Interfaces,Negotiation,2025-07-28,6919.96,Laura,30
OPP644,CUST015,Strategize Seamless Supply-Chains,Proposal,2025-08-28,4823.38,Mary,10
OPP645,CUST008,Enhance Customized Technologies,Closed Won,2025-08-02,3059.49,Brett,50
OPP646,CUST004,Disintermediate Distributed Interfaces,Proposal,2025-11-25,1673.87,Breanna,70
OPP647,CUST007,Incubate Revolutionary Relationships,Closed Lost,2025-10-19,14570.65,Walter,90
OPP648,CUST012,Utilize Bricks-And-Clicks Vortals,Proposal,2025-08-16,18391.8,Steven,90
OPP649,CUST011,Utilize One-To-One Technologies,Qualified,2025-08-11,2794.2,Hector,90
OPP650,CUST013,Reinvent Extensible Channels,Lead,2025-12-16,7301.64,James,30
OPP651,CUST018,Enhance Visionary Schemas,Negotiation,2025-08-20,4326.53,Donna,90
OPP652,CUST016,Disintermediate Bleeding-Edge Convergence,Qualified,2025-11-02,16378.83,Jeremiah,90
OPP653,CUST011,Grow One-To-One Applications,Closed Won,2025-07-15,3363.14,Lori,30
OPP654,CUST003,Matrix Transparent Schemas,Negotiation,2025-10-23,990.43,Dustin,70
OPP655,CUST003,Mesh B2B E-Business,Qualified,2025-10-11,4189.91,Kristy,10
OPP656,CUST008,Mesh Out-Of-The-Box Solutions,Closed Won,2025-08-31,18650.16,William,90
OPP657,CUST012,Unleash Distributed Markets,Qualified,2025-12-20,17996.28,Joshua,30
OPP658,CUST007,Productize Virtual Networks,Closed Lost,2025-07-07,8782.55,Rhonda,70
OPP659,CUST009,Engage User-Centric Experiences,Proposal,2025-09-15,11750.82,Laurie,30
OPP660,CUST010,Target Extensible Deliverables,Lead,2025-11-12,904.82,Amanda,90
OPP661,CUST016,Transform Distributed Niches,Lead,2025-12-17,13708.4,Travis,90
OPP662,CUST007,Re-Contextualize Scalable Metrics,Closed Lost,2025-12-13,5531.73,Megan,70
OPP663,CUST014,Facilitate Collaborative Web Services,Closed Won,2025-10-01,12059.71,Christopher,10
OPP664,CUST020,Leverage World-Class Platforms,Lead,2025-08-07,10106.15,Lori,90
OPP665,CUST001,Engage Out-Of-The-Box Niches,Negotiation,2025-07-04,18164.99,Brian,70
OPP666,CUST020,Redefine Turn-Key Content,Closed Lost,2025-08-11,1053.63,Thomas,10
OPP667,CUST005,Incubate Efficient Models,Closed Won,2025-12-17,15396.41,Stephanie,70
OPP668,CUST005,Unleash Dot-Com Applications,Qualified,2025-11-04,6242.02,Megan,30
OPP669,CUST002,Re-Intermediate Robust Applications,Negotiation,2025-08-29,893.26,John,30
OPP670,CUST010,Synthesize One-To-One Models,Closed Lost,2025-11-27,7197.06,Susan,50
OPP671,CUST007,Synthesize Viral Convergence,Closed Lost,2025-11-11,5133.83,Dominique,70
OPP672,CUST009,Generate Value-Added Interfaces,Lead,2025-10-28,17119.39,Allen,70
OPP673,CUST018,Generate Visionary Supply-Chains,Qualified,2025-12-18,9929.39,Adam,50
OPP674,CUST003,Enhance Next-Generation Applications,Closed Won,2025-11-06,11567.66,Sean,30
OPP675,CUST002,Re-Intermediate Clicks-And-Mortar Platforms,Lead,2025-10-17,10594.09,Joseph,30
OPP676,CUST018,Strategize Leading-Edge Relationships,Qualified,2025-09-16,13028.71,Gary,90
OPP677,CUST017,Repurpose Dynamic Channels,Lead,2025-08-27,5477.21,David,90
OPP678,CUST002,Drive Magnetic Synergies,Lead,2025-08-10,6408.92,William,30
OPP679,CUST016,Implement World-Class Models,Qualified,2025-08-13,5486.92,Tyler,30
OPP680,CUST012,Synergize Impactful Experiences,Negotiation,2025-07-29,19974.49,Shari,90
OPP681,CUST018,Mesh Real-Time Mindshare,Negotiation,2025-07-01,19320.14,Jennifer,70
OPP682,CUST009,Revolutionize Collaborative Info-Mediaries,Qualified,2025-08-25,9492.54,Rebecca,90
OPP683,CUST018,Repurpose Open-Source Networks,Negotiation,2025-12-26,8915.21,Barbara,90
OPP684,CUST019,Incentivize 24/365 E-Services,Negotiation,2025-11-04,8356.08,Justin,50
OPP685,CUST017,Harness Seamless Architectures,Closed Lost,2025-11-08,11657.82,Megan,50
OPP686,CUST002,Repurpose Robust E-Business,Negotiation,2025-10-24,1559.71,Amanda,10
OPP687,CUST004,Re-Contextualize Open-Source Communities,Lead,2025-10-02,11534.65,Alexander,10
OPP688,CUST003,Transform Best-Of-Breed Platforms,Qualified,2025-12-08,10874.08,Joshua,50
OPP689,CUST003,Exploit 24/7 Architectures,Qualified,2025-11-29,13154.79,Dale,70
OPP690,CUST011,Reinvent One-To-One E-Markets,Negotiation,2025-12-07,9445.11,Laura,10
OPP691,CUST009,Generate Next-Generation Methodologies,Qualified,2025-11-25,11194.73,Lori,30
OPP692,CUST006,Benchmark One-To-One Users,Negotiation,2025-08-22,8853.87,Connie,70
OPP693,CUST015,Scale Out-Of-The-Box Partnerships,Closed Won,2025-11-05,18897.67,Emily,30
OPP694,CUST005,Cultivate Best-Of-Breed Applications,Closed Lost,2025-08-02,15678.45,Ashley,10
OPP695,CUST015,Maximize Next-Generation Markets,Negotiation,2025-09-26,12355.59,Robert,50
OPP696,CUST020,Visualize Robust Metrics,Negotiation,2025-12-23,5941.3,Alicia,50
OPP697,CUST016,Target Frictionless Experiences,Closed Won,2025-10-13,2526.57,Kathy,50
OPP698,CUST019,Iterate Cutting-Edge Networks,Lead,2025-10-28,10022.99,Jacob,30
OPP699,CUST003,Architect Next-Generation Applications,Lead,2025-11-24,10789.74,Amy,30
OPP700,CUST010,Utilize Wireless Metrics,Lead,2025-08-04,5624.46,Jason,10
OPP701,CUST018,Deploy Cross-Media E-Services,Closed Won,2025-09-14,2730.09,Samantha,50
OPP702,CUST002,Syndicate Revolutionary Initiatives,Closed Lost,2025-09-06,3503.47,Andrew,50
OPP703,CUST011,Repurpose Seamless E-Commerce,Proposal,2025-07-15,10270.92,Candice,50
OPP704,CUST006,Engage Dynamic Niches,Proposal,2025-08-10,2281.56,Tom,70
OPP705,CUST019,Morph Real-Time Deliverables,Lead,2025-12-09,15208.02,John,70
OPP706,CUST010,Strategize Clicks-And-Mortar Relationships,Negotiation,2025-09-20,6196.56,Samantha,10
OPP707,CUST001,Facilitate Revolutionary Solutions,Negotiation,2025-11-22,4707.98,James,30
OPP708,CUST011,Transition Best-Of-Breed E-Tailers,Lead,2025-10-04,19577.53,Victoria,10
OPP709,CUST018,Architect Holistic Roi,Qualified,2025-12-01,5427.21,Wesley,70
OPP710,CUST018,Enable Robust E-Business,Lead,2025-09-04,1504.21,Tim,50
OPP711,CUST019,Disintermediate Cross-Media Communities,Closed Won,2025-08-04,5197.61,Brandon,30
OPP712,CUST002,Visualize Compelling Models,Qualified,2025-07-28,4204.11,Brianna,70
OPP713,CUST016,Visualize Bricks-And-Clicks Interfaces,Qualified,2025-12-19,12880.04,Matthew,30
OPP714,CUST008,Innovate 24/7 Info-Mediaries,Qualified,2025-07-28,2757.73,Matthew,30
OPP715,CUST002,Whiteboard Killer Vortals,Negotiation,2025-10-05,6953.83,Robert,90
OPP716,CUST015,Matrix Granular Applications,Negotiation,2025-08-10,7048.82,Glenn,50
OPP717,CUST003,Synergize Innovative Roi,Negotiation,2025-11-26,6232.49,Stephen,90
OPP718,CUST007,Transition Bricks-And-Clicks Metrics,Qualified,2025-11-23,15077.7,Brian,90
OPP719,CUST010,Benchmark Seamless E-Services,Negotiation,2025-07-21,7833.99,Jennifer,70
OPP720,CUST008,Embrace Open-Source Roi,Proposal,2025-09-17,591.85,Jacob,90
OPP721,CUST020,Redefine Ubiquitous Relationships,Closed Lost,2025-12-24,15285.83,Juan,10
OPP722,CUST015,Mesh Frictionless Roi,Negotiation,2025-09-27,7550.18,Lawrence,90
OPP723,CUST008,Whiteboard One-To-One Applications,Closed Won,2025-10-08,770.56,Christopher,90
OPP724,CUST002,Repurpose Strategic Portals,Qualified,2025-08-20,1065.4,David,10
OPP725,CUST007,Deploy Sticky Synergies,Lead,2025-11-18,1776.76,Tina,90
OPP726,CUST003,Generate Value-Added Mindshare,Proposal,2025-10-02,5692.74,Charles,10
OPP727,CUST002,Deploy Customized Channels,Lead,2025-07-17,5787.52,Jeffrey,50
OPP728,CUST010,Enable Compelling E-Tailers,Qualified,2025-07-11,4725.06,Sandra,30
OPP729,CUST001,Aggregate Robust Models,Qualified,2025-09-05,9135.27,Michelle,30
OPP730,CUST001,Scale Best-Of-Breed Users,Lead,2025-08-07,19317.99,Lisa,90
OPP731,CUST004,Deploy Cross-Platform Convergence,Negotiation,2025-09-25,9935.97,Michael,90
OPP732,CUST001,Extend Enterprise Portals,Proposal,2025-08-02,2101.49,Anthony,30
OPP733,CUST003,Synergize Bricks-And-Clicks Web Services,Lead,2025-12-08,7635.9,Jacob,30
OPP734,CUST014,Iterate Bleeding-Edge Infrastructures,Lead,2025-08-26,11529.5,Rick,70
OPP735,CUST019,Cultivate Robust Web-Readiness,Negotiation,2025-07-25,11051.32,Michael,50
OPP736,CUST007,Orchestrate Value-Added Content,Proposal,2025-07-19,6889.61,Jason,70
OPP737,CUST017,Repurpose Next-Generation Bandwidth,Negotiation,2025-12-04,9279.39,Henry,70
OPP738,CUST004,Scale Ubiquitous Interfaces,Qualified,2025-12-02,7606.02,Amanda,90
OPP739,CUST012,Whiteboard Scalable Action-Items,Proposal,2025-07-19,8058.24,Lisa,50
OPP740,CUST020,Scale Enterprise Architectures,Closed Won,2025-12-08,10286.15,Paul,70
OPP741,CUST005,Matrix Plug-And-Play Applications,Negotiation,2025-11-02,13245.57,William,70
OPP742,CUST016,Utilize Cross-Media Initiatives,Lead,2025-12-18,12055.08,Brenda,30
OPP743,CUST019,Whiteboard Open-Source Schemas,Negotiation,2025-08-05,4408.3,Billy,50
OPP744,CUST011,Generate Clicks-And-Mortar Portals,Closed Won,2025-12-08,8908.62,Sharon,30
OPP745,CUST006,Syndicate 24/7 Paradigms,Proposal,2025-12-08,7430.22,Colleen,30
OPP746,CUST016,Whiteboard End-To-End Platforms,Closed Won,2025-09-09,12082.06,Kelly,10
OPP747,CUST020,Evolve Cutting-Edge E-Markets,Negotiation,2025-11-24,2948.37,Ricky,50
OPP748,CUST004,Deploy Plug-And-Play Vortals,Closed Won,2025-10-06,19049.86,Isabella,30
OPP749,CUST020,Empower Granular Convergence,Negotiation,2025-10-16,9836.09,Maria,50
OPP750,CUST004,Cultivate Transparent Communities,Qualified,2025-10-28,6717.71,Elizabeth,30
OPP751,CUST008,Transform Extensible Architectures,Negotiation,2025-11-14,4434.36,Reginald,90
OPP752,CUST020,Incentivize Granular Solutions,Proposal,2025-12-19,8673.14,Thomas,70
OPP753,CUST018,E-Enable Vertical E-Markets,Negotiation,2025-12-12,3595.27,Alex,70
OPP754,CUST013,Evolve Extensible Infrastructures,Lead,2025-07-03,5472.45,Crystal,10
OPP755,CUST008,Seize User-Centric Applications,Qualified,2025-07-09,18765.55,Wayne,50
OPP756,CUST009,Enable Bricks-And-Clicks Markets,Lead,2025-12-14,1780.68,Alison,90
OPP757,CUST003,Re-Contextualize Cross-Media Markets,Proposal,2025-07-16,12126.92,Katherine,30
OPP758,CUST012,Transform Bricks-And-Clicks Partnerships,Qualified,2025-11-22,18176.69,Brian,90
OPP759,CUST017,Re-Contextualize Robust Mindshare,Qualified,2025-12-20,6520.05,Rachel,10
OPP760,CUST002,Visualize Frictionless Methodologies,Closed Lost,2025-10-31,17473.72,Carla,10
OPP761,CUST016,Optimize Distributed Applications,Lead,2025-09-19,16226.23,Maxwell,70
OPP762,CUST008,Disintermediate Cross-Media Schemas,Closed Won,2025-08-13,5715.05,Cassandra,70
OPP763,CUST014,E-Enable Global E-Business,Negotiation,2025-09-22,9035.61,Jennifer,70
OPP764,CUST014,Embrace Dynamic E-Markets,Closed Lost,2025-08-02,9471.34,Sarah,10
OPP765,CUST017,Repurpose User-Centric Info-Mediaries,Lead,2025-06-30,8018.25,John,30
OPP766,CUST002,Embrace Seamless Applications,Qualified,2025-09-26,15414.79,Jessica,70
OPP767,CUST009,Re-Contextualize Cross-Media Metrics,Proposal,2025-07-16,1466.11,Amanda,70
OPP768,CUST017,Leverage Bleeding-Edge Mindshare,Lead,2025-10-14,11294.04,Patricia,10
OPP769,CUST004,Streamline Proactive Metrics,Lead,2025-10-26,15912.65,Harold,70
OPP770,CUST020,Envisioneer Clicks-And-Mortar Metrics,Qualified,2025-11-12,2706.25,Catherine,50
OPP771,CUST016,Whiteboard Magnetic Niches,Negotiation,2025-07-12,2010.91,Karen,30
OPP772,CUST010,Extend Vertical Networks,Qualified,2025-10-11,12040.77,Nathan,70
OPP773,CUST008,Target Innovative Web-Readiness,Closed Lost,2025-11-02,12976.39,Elizabeth,10
OPP774,CUST006,Disintermediate Interactive Technologies,Closed Won,2025-11-22,16885.4,Colleen,30
OPP775,CUST003,Orchestrate Dot-Com Platforms,Closed Lost,2025-08-06,7700.8,Sarah,50
OPP776,CUST020,Brand Visionary Metrics,Qualified,2025-08-18,8483.4,Jessica,70
OPP777,CUST002,Utilize Front-End Bandwidth,Closed Won,2025-08-29,14512.28,Sarah,90
OPP778,CUST017,Implement Innovative Roi,Qualified,2025-11-09,2568.08,Stephanie,10
OPP779,CUST018,Cultivate Magnetic Content,Proposal,2025-11-03,19351.06,Erin,90
OPP780,CUST006,Engineer Cross-Platform E-Commerce,Lead,2025-09-11,6477.07,Linda,10
OPP781,CUST003,Deploy Viral Users,Closed Lost,2025-12-23,11612.63,Angelica,70
OPP782,CUST018,Redefine Seamless Communities,Closed Lost,2025-06-30,7851.43,Michael,10
OPP783,CUST018,Revolutionize Killer Architectures,Lead,2025-07-13,11746.08,James,90
OPP784,CUST009,Unleash Global Eyeballs,Closed Lost,2025-07-22,9978.02,Maria,50
OPP785,CUST007,Monetize Transparent Communities,Closed Lost,2025-11-15,19381.73,Jennifer,50
OPP786,CUST012,Enhance Impactful Markets,Closed Lost,2025-11-30,13817.22,Dustin,50
OPP787,CUST017,Optimize Synergistic Users,Closed Won,2025-09-10,19656.17,Elizabeth,10
OPP788,CUST015,Evolve Collaborative Eyeballs,Closed Lost,2025-10-04,9317.84,Debra,50
OPP789,CUST018,Visualize Bleeding-Edge Eyeballs,Lead,2025-11-05,5023.93,Rachel,90
OPP790,CUST006,Evolve World-Class Eyeballs,Lead,2025-07-22,15825.24,Joseph,10
OPP791,CUST006,Repurpose 24/7 Channels,Qualified,2025-12-19,4547.57,Monique,10
OPP792,CUST006,Implement Sticky Markets,Closed Lost,2025-12-07,19793.2,Audrey,10
OPP793,CUST016,Maximize Global E-Tailers,Closed Lost,2025-10-07,8585.88,Deanna,70
OPP794,CUST003,Target Sticky Web Services,Negotiation,2025-11-12,1169.22,Shannon,90
OPP795,CUST016,Drive Value-Added Schemas,Proposal,2025-08-30,16182.32,Misty,90
OPP796,CUST003,Deploy Next-Generation Architectures,Qualified,2025-08-21,5592.7,Stephen,50
OPP797,CUST017,Architect Wireless Vortals,Closed Won,2025-12-24,10429.82,David,70
OPP798,CUST018,Empower Vertical Architectures,Negotiation,2025-10-01,15626.95,Stephen,30
OPP799,CUST019,Harness Distributed Systems,Closed Lost,2025-11-06,6344.37,Jonathan,90
OPP800,CUST011,Streamline Innovative Metrics,Negotiation,2025-10-18,14977.08,Angel,10
OPP801,CUST007,Streamline Customized Communities,Lead,2025-08-17,19717.99,Kyle,70
OPP802,CUST018,Target E-Business Portals,Negotiation,2025-11-16,4909.2,James,90
OPP803,CUST003,Incubate Bleeding-Edge Web-Readiness,Closed Won,2025-12-19,991.23,Sergio,10
OPP804,CUST007,Leverage Front-End Paradigms,Negotiation,2025-09-11,2718.63,William,50
OPP805,CUST001,Architect Turn-Key Markets,Closed Lost,2025-12-25,2653.22,Jennifer,10
OPP806,CUST014,Cultivate Leading-Edge Architectures,Proposal,2025-09-05,4981.15,Matthew,30
OPP807,CUST018,Morph End-To-End Action-Items,Closed Won,2025-08-09,13676.78,Leslie,30
OPP808,CUST020,Envisioneer E-Business Platforms,Closed Won,2025-10-12,10745.99,Vicki,70
OPP809,CUST003,Synthesize Innovative Partnerships,Lead,2025-12-19,17155.15,Lori,30
OPP810,CUST003,Integrate Plug-And-Play Web Services,Negotiation,2025-08-22,11826.79,Michelle,50
OPP811,CUST015,Unleash Dot-Com Models,Proposal,2025-12-22,13567.57,Jonathan,70
OPP812,CUST013,Cultivate Granular Methodologies,Proposal,2025-07-05,6548.76,Lori,30
OPP813,CUST005,Visualize Collaborative Content,Closed Lost,2025-12-12,1185.24,Heather,10
OPP814,CUST005,Scale Cutting-Edge Functionalities,Negotiation,2025-10-11,2000.11,Cynthia,70
OPP815,CUST013,Drive Dynamic E-Business,Lead,2025-12-24,719.7,Brian,70
OPP816,CUST011,Unleash Scalable Infrastructures,Closed Lost,2025-08-25,7668.84,Christopher,10
OPP817,CUST001,Empower World-Class Platforms,Lead,2025-09-21,9183.02,Rebecca,70
OPP818,CUST007,Transform One-To-One Content,Closed Lost,2025-10-18,2855.06,Jessica,30
OPP819,CUST015,Maximize User-Centric Communities,Closed Lost,2025-08-26,12984.43,Daniel,10
OPP820,CUST018,Streamline Ubiquitous E-Commerce,Qualified,2025-10-29,4608.06,Dana,90
OPP821,CUST011,Syndicate Frictionless Markets,Closed Won,2025-07-31,1596.86,Joshua,50
OPP822,CUST010,Engineer Granular Interfaces,Qualified,2025-12-05,6277.68,Chad,50
OPP823,CUST016,Synthesize Best-Of-Breed Applications,Negotiation,2025-08-30,5997.4,Jasmine,30
OPP824,CUST020,Streamline 24/365 Technologies,Proposal,2025-11-04,5809.08,Melissa,30
OPP825,CUST007,Engage Bricks-And-Clicks Channels,Proposal,2025-10-13,5074.83,Brenda,30
OPP826,CUST008,Implement Global Action-Items,Closed Lost,2025-10-21,9545.1,Lynn,90
OPP827,CUST009,Scale Transparent Solutions,Proposal,2025-07-30,5591.34,Adam,50
OPP828,CUST014,Transform Mission-Critical Content,Proposal,2025-08-22,17903.89,Gary,70
OPP829,CUST001,Brand Best-Of-Breed Mindshare,Closed Won,2025-11-26,18313.55,Larry,70
OPP830,CUST007,Embrace Dynamic Interfaces,Closed Lost,2025-07-08,15552.16,Linda,30
OPP831,CUST020,Drive Wireless Functionalities,Proposal,2025-09-11,15649.59,Matthew,30
OPP832,CUST002,Implement Best-Of-Breed Interfaces,Closed Lost,2025-07-06,7567.85,Michael,70
OPP833,CUST009,Disintermediate Clicks-And-Mortar Systems,Negotiation,2025-07-15,7797.97,Matthew,90
OPP834,CUST016,Visualize 24/7 Vortals,Negotiation,2025-11-28,11539.55,George,90
OPP835,CUST005,Cultivate User-Centric Technologies,Lead,2025-11-13,12023.77,Tara,30
OPP836,CUST017,Repurpose Cross-Platform Methodologies,Closed Won,2025-12-23,11096.39,Cynthia,70
OPP837,CUST010,Integrate Best-Of-Breed Systems,Lead,2025-09-02,19071.61,Christopher,10
OPP838,CUST008,Expedite Virtual Vortals,Proposal,2025-10-27,2330.69,Randy,90
OPP839,CUST004,Enable Vertical Communities,Closed Lost,2025-09-05,3172.45,Jason,90
OPP840,CUST010,Engineer Ubiquitous Content,Qualified,2025-10-03,17917.06,James,30
OPP841,CUST013,Architect 24/7 Supply-Chains,Lead,2025-08-26,8324.57,Savannah,70
OPP842,CUST007,Redefine E-Business Niches,Negotiation,2025-08-04,16893.13,Jennifer,30
OPP843,CUST018,Revolutionize Wireless Niches,Lead,2025-08-20,4360.46,Matthew,70
OPP844,CUST011,Generate Seamless E-Tailers,Qualified,2025-10-29,6021.62,Brittney,30
OPP845,CUST009,Syndicate Leading-Edge Technologies,Closed Lost,2025-08-07,6384.83,Ryan,70
OPP846,CUST006,Repurpose Cutting-Edge Architectures,Closed Won,2025-08-02,17925.54,Matthew,70
OPP847,CUST012,Implement User-Centric Portals,Negotiation,2025-09-01,3435.98,Shannon,90
OPP848,CUST016,Re-Contextualize Rich Experiences,Lead,2025-10-16,16125.85,Kim,50
OPP849,CUST005,Iterate Integrated E-Business,Closed Won,2025-10-13,18874.95,David,90
OPP850,CUST008,Architect Rich Methodologies,Proposal,2025-12-23,19224.04,Christine,30
OPP851,CUST002,Re-Contextualize Frictionless Metrics,Negotiation,2025-09-14,7535.58,Mark,30
OPP852,CUST017,Repurpose Intuitive Schemas,Negotiation,2025-09-25,14198.27,Christine,90
OPP853,CUST004,Productize Turn-Key E-Services,Proposal,2025-12-02,16253.84,Tiffany,30
OPP854,CUST003,Mesh Front-End E-Markets,Lead,2025-07-26,5905.85,Justin,90
OPP855,CUST007,Re-Contextualize World-Class Metrics,Closed Lost,2025-12-16,17185.16,Katherine,70
OPP856,CUST018,Optimize Web-Enabled Technologies,Closed Lost,2025-09-23,16910.59,Bryan,70
OPP857,CUST003,Embrace Compelling E-Tailers,Qualified,2025-12-17,13077.72,Adam,10
OPP858,CUST013,Maximize Open-Source E-Markets,Lead,2025-08-09,3284.84,Terri,30
OPP859,CUST015,Architect Frictionless Networks,Negotiation,2025-12-06,16114.83,Nicholas,10
OPP860,CUST016,Syndicate Seamless Web-Readiness,Lead,2025-12-20,14749.66,Carolyn,50
OPP861,CUST013,E-Enable Revolutionary E-Services,Closed Won,2025-11-30,6030.33,Joshua,70
OPP862,CUST003,Engineer Dynamic Architectures,Negotiation,2025-09-27,17695.56,Tasha,90
OPP863,CUST019,Seize Sticky Communities,Closed Lost,2025-08-05,1639.65,Cassandra,90
OPP864,CUST007,Syndicate Proactive Web Services,Proposal,2025-12-29,16236.85,Michelle,50
OPP865,CUST014,Orchestrate Mission-Critical Schemas,Closed Lost,2025-08-28,2327.99,Jennifer,10
OPP866,CUST012,Expedite Cutting-Edge E-Markets,Negotiation,2025-12-13,4778.66,Pamela,90
OPP867,CUST008,Target E-Business Action-Items,Proposal,2025-09-13,9273.57,Carmen,90
OPP868,CUST018,Embrace Seamless Infrastructures,Closed Lost,2025-11-04,3044.19,Wesley,70
OPP869,CUST013,Integrate Enterprise Interfaces,Qualified,2025-07-25,13899.49,Angela,70
OPP870,CUST013,Utilize Next-Generation E-Services,Closed Lost,2025-11-16,3927.62,Zachary,50
OPP871,CUST001,Optimize Extensible E-Commerce,Negotiation,2025-09-23,18790.78,Ashley,50
OPP872,CUST018,Innovate One-To-One Vortals,Proposal,2025-11-06,11395.01,Susan,30
OPP873,CUST007,Visualize Efficient Info-Mediaries,Closed Won,2025-07-06,11103.61,Chloe,70
OPP874,CUST007,Matrix Mission-Critical E-Tailers,Negotiation,2025-07-12,18973.98,Jeremy,90
OPP875,CUST010,Target Intuitive Initiatives,Qualified,2025-11-03,3884.26,Kimberly,30
OPP876,CUST013,Transition Open-Source Paradigms,Closed Won,2025-11-18,19004.83,Brian,70
OPP877,CUST017,Synergize B2C Relationships,Lead,2025-07-06,16212.63,Kerri,30
OPP878,CUST005,Transform Impactful Platforms,Proposal,2025-07-04,6046.95,Angela,10
OPP879,CUST011,Envisioneer Front-End E-Markets,Proposal,2025-08-22,15897.9,Corey,30
OPP880,CUST006,Matrix Best-Of-Breed Experiences,Qualified,2025-09-30,4384.6,Jeffrey,70
OPP881,CUST001,Deliver Ubiquitous Markets,Proposal,2025-08-07,12816.53,Chad,50
OPP882,CUST003,Evolve Open-Source Supply-Chains,Proposal,2025-11-11,15976.31,Robert,10
OPP883,CUST007,Redefine Best-Of-Breed Convergence,Negotiation,2025-10-08,18980.77,John,70
OPP884,CUST017,Deploy Web-Enabled Interfaces,Closed Won,2025-07-02,19631.62,Stanley,30
OPP885,CUST010,Whiteboard Enterprise Infrastructures,Lead,2025-11-04,3137.28,Alexandra,70
OPP886,CUST019,Brand World-Class Action-Items,Qualified,2025-09-23,16536.78,Heidi,90
OPP887,CUST001,Drive Ubiquitous Paradigms,Closed Won,2025-07-03,9026.75,Laura,70
OPP888,CUST016,Whiteboard Value-Added Initiatives,Qualified,2025-09-29,18552.5,Samantha,90
OPP889,CUST019,Cultivate Enterprise Models,Closed Lost,2025-10-17,6047.35,Kristina,70
OPP890,CUST010,Redefine Leading-Edge Infrastructures,Closed Won,2025-07-06,13033.82,Allison,50
OPP891,CUST007,Drive Best-Of-Breed Networks,Proposal,2025-12-13,16246.47,Samuel,10
OPP892,CUST004,Facilitate Value-Added Markets,Qualified,2025-08-25,1307.82,Nicholas,50
OPP893,CUST007,Syndicate Dot-Com Interfaces,Closed Won,2025-10-12,7528.71,Anthony,70
OPP894,CUST016,Facilitate Magnetic Mindshare,Negotiation,2025-07-08,4562.23,Karen,30
OPP895,CUST013,Syndicate Virtual Content,Negotiation,2025-11-08,16562.83,Dylan,70
OPP896,CUST014,Target B2C Vortals,Negotiation,2025-09-02,9034.55,Janet,30
OPP897,CUST008,Target Real-Time Convergence,Closed Won,2025-11-11,4686.0,Laura,90
OPP898,CUST012,Re-Intermediate Dot-Com Applications,Lead,2025-08-31,791.59,Kathleen,70
OPP899,CUST009,Architect Bricks-And-Clicks Models,Closed Lost,2025-08-06,12861.42,Christopher,30
OPP900,CUST009,Synthesize Efficient Solutions,Negotiation,2025-09-03,14272.77,Jerry,30
OPP901,CUST004,Implement Intuitive E-Commerce,Closed Lost,2025-10-18,3115.39,Patrick,70
OPP902,CUST017,Re-Intermediate Seamless Platforms,Proposal,2025-09-12,16792.81,Nancy,50
OPP903,CUST001,Implement Robust Vortals,Closed Lost,2025-11-13,17743.8,Eric,90
OPP904,CUST003,Drive Granular Methodologies,Qualified,2025-07-03,11116.56,Stephen,30
OPP905,CUST004,Strategize Mission-Critical Technologies,Closed Lost,2025-11-30,10101.94,Megan,30
OPP906,CUST009,Integrate Best-Of-Breed Communities,Lead,2025-11-30,8073.76,Chad,10
OPP907,CUST017,Facilitate Viral E-Services,Lead,2025-10-16,19498.4,Benjamin,70
OPP908,CUST003,Re-Intermediate Mission-Critical Channels,Lead,2025-12-04,5282.05,Catherine,70
OPP909,CUST014,Transform Integrated Metrics,Qualified,2025-12-02,6573.95,Rebecca,30
OPP910,CUST004,Expedite B2B Niches,Closed Lost,2025-11-25,3576.63,Suzanne,10
OPP911,CUST013,Engage Back-End Models,Proposal,2025-07-29,5027.02,Mark,10
OPP912,CUST005,Embrace Vertical Architectures,Lead,2025-08-15,12667.75,Teresa,30
OPP913,CUST005,Enhance 24/365 Functionalities,Closed Lost,2025-09-28,14898.6,Christopher,90
OPP914,CUST006,Facilitate Integrated Vortals,Proposal,2025-07-14,14869.57,Thomas,30
OPP915,CUST006,Repurpose Seamless Content,Qualified,2025-10-10,16883.32,Robin,50
OPP916,CUST016,Engage Granular Mindshare,Lead,2025-08-22,8491.77,Tyrone,70
OPP917,CUST014,Incubate Dynamic Channels,Qualified,2025-09-10,6128.08,Laurie,10
OPP918,CUST006,Reinvent Extensible Networks,Negotiation,2025-09-22,3608.68,Sherri,10
OPP919,CUST003,Generate Extensible E-Services,Closed Lost,2025-08-01,5741.98,Theresa,50
OPP920,CUST011,Envisioneer Enterprise Partnerships,Lead,2025-08-10,19109.82,Melissa,30
OPP921,CUST016,Utilize Virtual Content,Lead,2025-08-26,12032.65,Kathleen,90
OPP922,CUST016,Matrix Global Initiatives,Closed Lost,2025-08-30,10987.67,Andrew,70
OPP923,CUST002,Transition Enterprise Models,Proposal,2025-09-09,5656.94,Rachel,50
OPP924,CUST018,Enable Scalable Interfaces,Closed Lost,2025-09-14,2895.58,Holly,70
OPP925,CUST011,Harness Innovative Mindshare,Closed Lost,2025-10-29,17560.82,Tami,10
OPP926,CUST017,Redefine Innovative Web Services,Qualified,2025-07-06,14130.3,Danielle,50
OPP927,CUST007,Cultivate Synergistic Models,Qualified,2025-11-08,11706.59,Jessica,70
OPP928,CUST005,Deploy Web-Enabled Mindshare,Qualified,2025-08-15,19445.73,Brent,10
OPP929,CUST011,Monetize Turn-Key Info-Mediaries,Lead,2025-11-07,12621.53,Nicole,70
OPP930,CUST012,Productize Vertical Metrics,Qualified,2025-08-19,10493.56,John,10
OPP931,CUST018,Revolutionize Frictionless Technologies,Closed Lost,2025-09-23,15757.66,Brian,90
OPP932,CUST013,Redefine Cross-Platform Bandwidth,Qualified,2025-10-04,653.02,Stephen,70
OPP933,CUST009,Expedite World-Class Roi,Closed Won,2025-08-11,7175.04,Anthony,10
OPP934,CUST006,Incubate Magnetic Portals,Negotiation,2025-09-04,18378.15,Gary,90
OPP935,CUST018,Architect Cross-Media E-Tailers,Proposal,2025-10-04,6770.89,Amber,90
OPP936,CUST017,Facilitate Compelling Schemas,Closed Won,2025-10-23,1214.0,Xavier,70
OPP937,CUST017,Architect B2C Solutions,Closed Lost,2025-12-11,1857.91,Robert,50
OPP938,CUST012,Unleash Innovative Web Services,Negotiation,2025-08-24,8460.82,William,50
OPP939,CUST008,Incubate Collaborative Initiatives,Negotiation,2025-07-17,2500.04,Stephen,10
OPP940,CUST013,E-Enable E-Business Channels,Closed Lost,2025-11-29,4697.95,Nicole,50
OPP941,CUST005,Redefine Killer Synergies,Closed Lost,2025-07-05,1580.62,Joseph,90
OPP942,CUST003,Expedite Rich Infrastructures,Proposal,2025-09-20,14100.09,Hunter,50
OPP943,CUST002,Scale Extensible E-Services,Negotiation,2025-08-11,13639.89,Jeanne,10
OPP944,CUST005,Orchestrate Global Architectures,Closed Lost,2025-12-19,6327.3,Deborah,30
OPP945,CUST020,Engage Strategic Applications,Closed Won,2025-10-17,15477.98,Diane,10
OPP946,CUST015,Matrix Bleeding-Edge Initiatives,Closed Lost,2025-07-12,17163.74,Mackenzie,50
OPP947,CUST010,Redefine Value-Added Web-Readiness,Negotiation,2025-10-31,19810.8,Kerry,50
OPP948,CUST016,Engineer Ubiquitous Action-Items,Closed Lost,2025-09-29,10331.72,Marcus,30
OPP949,CUST013,Embrace Intuitive E-Markets,Closed Lost,2025-10-09,10496.76,Janet,70
OPP950,CUST009,Drive Revolutionary Experiences,Proposal,2025-09-26,4392.59,Stephanie,90
OPP951,CUST010,Expedite Killer Synergies,Closed Lost,2025-08-03,7293.58,Mike,70
OPP952,CUST010,Incentivize Ubiquitous Models,Closed Won,2025-11-30,18947.19,William,50
OPP953,CUST007,Productize Bleeding-Edge E-Markets,Proposal,2025-07-09,7386.18,Kelsey,90
OPP954,CUST016,E-Enable Bricks-And-Clicks E-Tailers,Proposal,2025-12-07,9442.08,Catherine,70
OPP955,CUST001,Empower Compelling Bandwidth,Proposal,2025-09-18,7409.02,Garrett,90
OPP956,CUST004,Reinvent Granular Users,Qualified,2025-09-12,16212.97,Shawn,70
OPP957,CUST019,Target Global Initiatives,Closed Lost,2025-10-06,3210.82,Stephanie,30
OPP958,CUST014,Repurpose Customized Action-Items,Lead,2025-11-22,8735.77,Sean,30
OPP959,CUST007,Transition Rich Users,Qualified,2025-08-23,6742.65,Lauren,90
OPP960,CUST015,Iterate Visionary Bandwidth,Closed Lost,2025-12-27,19305.59,Ellen,50
OPP961,CUST018,Streamline Strategic Methodologies,Qualified,2025-07-17,10786.41,John,70
OPP962,CUST014,Redefine Interactive E-Commerce,Closed Lost,2025-07-16,12570.65,Julie,50
OPP963,CUST015,Harness Magnetic Initiatives,Proposal,2025-11-26,1993.72,Patricia,10
OPP964,CUST010,Benchmark B2B Schemas,Closed Won,2025-07-16,18462.14,Jeffrey,70
OPP965,CUST007,Facilitate Seamless Models,Closed Won,2025-11-29,12990.18,Kelly,30
OPP966,CUST013,Engineer Visionary Content,Negotiation,2025-07-12,3625.05,Daniel,50
OPP967,CUST005,Mesh Viral Content,Negotiation,2025-10-23,10051.94,Jennifer,30
OPP968,CUST009,Incubate World-Class Bandwidth,Negotiation,2025-10-13,8057.69,Benjamin,90
OPP969,CUST001,Productize Open-Source Systems,Proposal,2025-11-05,4914.16,Shawn,10
OPP970,CUST004,Whiteboard Rich E-Business,Qualified,2025-09-14,16357.92,Jessica,30
OPP971,CUST009,Scale B2B Niches,Lead,2025-08-30,14752.08,Jonathan,70
OPP972,CUST017,Re-Intermediate Intuitive Relationships,Qualified,2025-10-18,7149.37,Richard,10
OPP973,CUST014,Maximize Ubiquitous Communities,Proposal,2025-08-05,10853.96,Laura,30
OPP974,CUST017,Deliver B2C Architectures,Negotiation,2025-11-07,17356.2,Amber,50
OPP975,CUST014,Exploit Dot-Com Vortals,Qualified,2025-07-17,8986.49,Brett,70
OPP976,CUST009,Re-Contextualize End-To-End Portals,Closed Won,2025-10-05,4363.71,Carlos,50
OPP977,CUST006,Brand Global Mindshare,Closed Lost,2025-11-06,4689.77,Angela,50
OPP978,CUST017,Visualize Cross-Media Platforms,Qualified,2025-09-09,14079.47,Taylor,50
OPP979,CUST005,Grow Killer Platforms,Negotiation,2025-12-10,12282.66,Brittany,10
OPP980,CUST014,Drive Vertical Networks,Lead,2025-09-16,958.64,Shawn,50
OPP981,CUST012,Incentivize Distributed Users,Closed Won,2025-08-04,4717.69,Derek,90
OPP982,CUST005,Harness Dot-Com Applications,Negotiation,2025-07-29,1052.41,Julie,10
OPP983,CUST020,Matrix Viral Convergence,Qualified,2025-09-16,15196.24,Jessica,50
OPP984,CUST002,Benchmark Cutting-Edge Networks,Closed Lost,2025-07-18,7910.72,Sara,70
OPP985,CUST002,Mesh End-To-End Paradigms,Proposal,2025-10-10,8556.41,Pamela,50
OPP986,CUST001,Whiteboard Holistic Technologies,Lead,2025-08-14,6718.28,Elizabeth,50
OPP987,CUST015,Brand Scalable E-Services,Qualified,2025-09-23,10605.19,Rachael,90
OPP988,CUST020,Monetize Proactive Infrastructures,Lead,2025-11-01,6009.13,Andrew,30
OPP989,CUST011,Utilize Transparent Users,Negotiation,2025-11-17,2133.8,Gregory,90
OPP990,CUST015,Leverage Vertical Initiatives,Qualified,2025-12-01,13819.6,Steven,30
OPP991,CUST002,Disintermediate Open-Source Functionalities,Proposal,2025-07-15,1520.74,Elizabeth,10
OPP992,CUST009,Re-Contextualize Sticky Initiatives,Closed Won,2025-08-03,12761.73,Emily,70
OPP993,CUST019,Optimize Web-Enabled Content,Qualified,2025-09-11,11594.31,Alexandra,90
OPP994,CUST011,Embrace Cutting-Edge Partnerships,Closed Lost,2025-08-13,3176.26,Theresa,90
OPP995,CUST005,Brand Integrated Markets,Qualified,2025-08-13,4600.73,Benjamin,70
OPP996,CUST017,Transform Viral Platforms,Qualified,2025-08-29,11157.72,Stephen,70
OPP997,CUST003,Deliver 24/365 Convergence,Qualified,2025-11-26,6916.47,Patrick,50
OPP998,CUST019,Deliver Killer Convergence,Qualified,2025-11-16,2142.36,Jamie,50
OPP999,CUST009,Maximize Innovative Convergence,Qualified,2025-08-13,19840.14,Thomas,10
OPP1000,CUST013,Productize Turn-Key Technologies,Closed Lost,2025-10-04,18268.22,James,10
OPP1001,CUST002,Mesh World-Class Experiences,Qualified,2025-07-12,13230.08,Daniel,70
OPP1002,CUST015,Cultivate Interactive Portals,Closed Won,2025-09-20,557.89,Jessica,30
OPP1003,CUST016,Streamline Robust Deliverables,Lead,2025-09-15,5848.23,Daniel,90
OPP1004,CUST016,Cultivate Innovative Solutions,Lead,2025-11-23,14278.15,James,50
OPP1005,CUST005,Re-Contextualize Scalable Action-Items,Proposal,2025-10-24,19091.98,Frank,50
OPP1006,CUST020,Architect Front-End Methodologies,Lead,2025-07-29,4317.61,Carrie,30
OPP1007,CUST018,Synthesize End-To-End Eyeballs,Lead,2025-08-20,13365.7,Chris,50
OPP1008,CUST002,Strategize Cross-Media Technologies,Qualified,2025-08-25,9555.92,James,70
OPP1009,CUST004,Benchmark Holistic Models,Closed Won,2025-11-13,17322.43,Andrew,30
OPP1010,CUST019,Transition Mission-Critical Synergies,Proposal,2025-12-12,16262.4,Eric,30
OPP1011,CUST011,Brand Revolutionary Markets,Closed Lost,2025-11-25,17662.16,Lisa,50
OPP1012,CUST011,Implement B2B Technologies,Lead,2025-08-09,14466.05,Kimberly,30
OPP1013,CUST019,Synthesize Clicks-And-Mortar Vortals,Qualified,2025-10-07,4629.15,Elizabeth,70
OPP1014,CUST010,Benchmark Granular Supply-Chains,Negotiation,2025-11-09,19902.66,Jennifer,90
OPP1015,CUST007,Synergize B2C Vortals,Lead,2025-07-31,19466.95,Elizabeth,50
OPP1016,CUST006,Maximize Dynamic Markets,Lead,2025-11-21,17008.28,Julie,30
OPP1017,CUST004,Aggregate Mission-Critical Infrastructures,Negotiation,2025-08-28,7901.3,Amanda,10
OPP1018,CUST019,Scale Seamless E-Business,Qualified,2025-08-27,17733.28,James,90
OPP1019,CUST020,Drive Seamless E-Commerce,Closed Lost,2025-12-18,9386.5,Andrew,70
OPP1020,CUST005,Synergize Global Metrics,Closed Lost,2025-09-06,11404.77,Linda,70
OPP1021,CUST011,Transition Open-Source Solutions,Proposal,2025-10-09,18750.39,Brian,30
OPP1022,CUST005,Scale Extensible Architectures,Closed Won,2025-08-14,2858.73,Andrea,10
OPP1023,CUST011,Transform Impactful Models,Closed Lost,2025-10-31,8653.23,Stacy,90
OPP1024,CUST017,Repurpose Dynamic Convergence,Closed Won,2025-10-15,4267.0,Nicholas,10
OPP1025,CUST007,E-Enable Web-Enabled Technologies,Closed Won,2025-10-05,13094.79,Jack,90
OPP1026,CUST005,Incentivize Granular Web-Readiness,Closed Lost,2025-11-17,12910.37,Ryan,90
OPP1027,CUST012,Extend Cross-Media Methodologies,Lead,2025-09-24,7825.77,John,90
OPP1028,CUST019,Morph Real-Time Architectures,Negotiation,2025-09-21,8174.13,Brittany,30
OPP1029,CUST004,Strategize Customized E-Business,Negotiation,2025-12-12,866.68,Jerry,90
OPP1030,CUST016,Utilize B2B Interfaces,Proposal,2025-08-15,3804.32,Anna,90
OPP1031,CUST005,Productize Viral Interfaces,Closed Lost,2025-09-18,9268.73,David,10
OPP1032,CUST010,Seize B2C Web Services,Qualified,2025-09-09,1003.17,Jenna,70
OPP1033,CUST020,Seize Ubiquitous Portals,Proposal,2025-11-24,13384.61,Kurt,30
OPP1034,CUST018,Evolve Revolutionary E-Markets,Closed Lost,2025-07-19,13795.33,Joseph,10
OPP1035,CUST018,Re-Contextualize Cross-Platform Applications,Closed Lost,2025-11-07,2044.65,Ashley,30
OPP1036,CUST003,Reinvent Cross-Platform Relationships,Proposal,2025-10-20,7664.9,Matthew,50
OPP1037,CUST009,Matrix Revolutionary Bandwidth,Proposal,2025-09-22,7628.65,Mary,70
OPP1038,CUST019,Morph Seamless Systems,Negotiation,2025-12-25,18720.09,Elizabeth,30
OPP1039,CUST012,Architect Distributed Users,Lead,2025-07-28,1299.9,Lisa,10
OPP1040,CUST007,Mesh Dynamic E-Services,Proposal,2025-12-14,19572.65,Jessica,90
OPP1041,CUST003,Deploy Real-Time Models,Proposal,2025-09-14,12302.6,Frank,10
OPP1042,CUST013,Re-Intermediate Real-Time E-Markets,Negotiation,2025-07-01,16462.35,Daniel,10
OPP1043,CUST009,Empower Virtual E-Services,Qualified,2025-12-05,10565.57,Manuel,10
OPP1044,CUST010,Synergize Sticky Initiatives,Proposal,2025-09-15,5205.41,Brent,90
OPP1045,CUST003,Visualize Bleeding-Edge Bandwidth,Lead,2025-08-15,19072.19,Katherine,50
OPP1046,CUST011,Repurpose User-Centric Portals,Closed Lost,2025-11-26,16593.08,Ricky,70
OPP1047,CUST009,Productize User-Centric Supply-Chains,Lead,2025-07-18,4693.86,Stephen,50
OPP1048,CUST019,Redefine Open-Source Markets,Qualified,2025-08-23,14643.83,Andrea,90
OPP1049,CUST018,Architect Visionary Applications,Negotiation,2025-12-22,12295.35,Kimberly,10
OPP1050,CUST019,Aggregate Enterprise Synergies,Negotiation,2025-08-15,2041.47,Laura,70
OPP1051,CUST006,Grow Revolutionary Convergence,Qualified,2025-11-21,11623.29,Suzanne,30
OPP1052,CUST005,Brand Dot-Com Applications,Closed Lost,2025-09-06,6769.52,Erin,50
OPP1053,CUST013,E-Enable Plug-And-Play Users,Negotiation,2025-10-02,17778.47,Molly,50
OPP1054,CUST013,Generate Sticky Networks,Closed Lost,2025-11-15,4048.63,Devin,30
OPP1055,CUST002,E-Enable Innovative Experiences,Qualified,2025-10-26,5535.89,Jared,50
OPP1056,CUST003,Deliver Interactive Solutions,Proposal,2025-12-08,4621.85,Tiffany,70
OPP1057,CUST010,Syndicate Dynamic Infrastructures,Proposal,2025-11-25,15424.29,Lisa,10
OPP1058,CUST003,Benchmark Rich E-Commerce,Lead,2025-09-04,19551.45,Brendan,10
OPP1059,CUST003,Revolutionize Robust Bandwidth,Lead,2025-12-03,16578.4,Kevin,10
OPP1060,CUST006,Repurpose Real-Time Schemas,Lead,2025-10-18,7837.2,Nicholas,30
OPP1061,CUST007,Drive Leading-Edge Roi,Negotiation,2025-10-12,7855.12,George,70
OPP1062,CUST018,Exploit Value-Added Communities,Negotiation,2025-11-14,19328.9,Hannah,90
OPP1063,CUST001,Re-Intermediate Bricks-And-Clicks E-Business,Closed Won,2025-11-06,2927.88,Angela,30
OPP1064,CUST016,Transform Customized Partnerships,Qualified,2025-11-21,6524.18,Kenneth,90
OPP1065,CUST016,Engineer Granular Networks,Lead,2025-09-10,11233.38,Joan,30
OPP1066,CUST006,Deliver Interactive Initiatives,Lead,2025-09-11,15196.04,Julie,70
OPP1067,CUST008,Maximize Dot-Com Web Services,Proposal,2025-07-18,6342.69,Wendy,30
OPP1068,CUST019,Deploy Front-End E-Business,Negotiation,2025-09-08,14992.71,Stacey,70
OPP1069,CUST001,Iterate Enterprise Systems,Closed Won,2025-10-26,2184.63,Xavier,50
OPP1070,CUST009,Re-Intermediate Out-Of-The-Box Markets,Proposal,2025-08-19,15857.32,Vanessa,50
OPP1071,CUST008,Deploy Web-Enabled Initiatives,Qualified,2025-08-16,3578.88,Teresa,90
OPP1072,CUST017,Deliver Customized Web-Readiness,Closed Won,2025-11-22,16032.88,Latasha,50
OPP1073,CUST005,Re-Contextualize Magnetic Schemas,Proposal,2025-08-14,16826.18,Derrick,90
OPP1074,CUST019,Iterate Revolutionary Users,Negotiation,2025-12-13,11353.46,Eric,50
OPP1075,CUST002,Revolutionize Back-End Communities,Closed Won,2025-08-28,10666.47,William,70
OPP1076,CUST010,Scale Synergistic Portals,Closed Won,2025-11-01,11824.43,Joseph,70
OPP1077,CUST012,Transform Best-Of-Breed Roi,Proposal,2025-10-31,14952.08,Matthew,50
OPP1078,CUST006,Re-Intermediate Cutting-Edge Models,Closed Won,2025-08-07,2185.74,Javier,10
OPP1079,CUST018,Morph E-Business E-Tailers,Proposal,2025-11-03,18363.0,Samantha,70
OPP1080,CUST017,Evolve Cross-Media Methodologies,Qualified,2025-07-14,16679.73,Veronica,10
OPP1081,CUST010,Synthesize Collaborative Paradigms,Lead,2025-11-23,18973.45,Angela,70
OPP1082,CUST009,Strategize Compelling Portals,Proposal,2025-12-05,18029.99,Jerry,50
OPP1083,CUST004,Exploit Web-Enabled Paradigms,Negotiation,2025-10-12,10885.88,Tonya,10
OPP1084,CUST017,Synergize Value-Added Architectures,Negotiation,2025-12-17,1215.98,Michele,70
OPP1085,CUST020,Benchmark Best-Of-Breed Technologies,Lead,2025-10-20,15164.65,Tony,10
OPP1086,CUST004,Engineer Distributed Mindshare,Closed Lost,2025-08-12,8762.32,Michael,10
OPP1087,CUST007,Evolve Virtual E-Commerce,Negotiation,2025-12-02,2343.73,Catherine,70
OPP1088,CUST005,Evolve B2C Eyeballs,Qualified,2025-07-10,12009.87,Shannon,90
OPP1089,CUST002,Whiteboard Customized Systems,Qualified,2025-09-08,1880.55,Gregory,70
OPP1090,CUST017,Innovate Revolutionary Schemas,Lead,2025-08-13,15832.53,Joseph,70
OPP1091,CUST019,Enable Visionary Platforms,Lead,2025-09-16,10675.53,Robert,90
OPP1092,CUST017,Synergize Scalable E-Services,Negotiation,2025-10-09,4964.32,Eugene,70
OPP1093,CUST008,Facilitate Efficient Convergence,Proposal,2025-07-14,19048.64,Scott,30
OPP1094,CUST005,Optimize Back-End Markets,Negotiation,2025-12-09,3515.78,Colin,70
OPP1095,CUST008,Aggregate Virtual Roi,Negotiation,2025-10-29,19867.23,Jacob,90
OPP1096,CUST019,Benchmark Holistic Functionalities,Closed Lost,2025-08-27,14881.79,Cynthia,30
OPP1097,CUST018,Leverage Cross-Media Systems,Negotiation,2025-08-06,18686.7,Joseph,10
OPP1098,CUST016,Repurpose Turn-Key Functionalities,Negotiation,2025-07-29,12805.87,Benjamin,90
OPP1099,CUST005,Re-Intermediate Plug-And-Play E-Commerce,Closed Won,2025-12-06,10226.22,Andrea,30
OPP1100,CUST007,Architect Mission-Critical Relationships,Qualified,2025-12-27,11716.35,Tina,30
OPP1101,CUST001,Incubate End-To-End Solutions,Negotiation,2025-07-31,16846.22,Joshua,10
OPP1102,CUST009,Seize Killer E-Business,Proposal,2025-10-21,17175.42,Jason,90
OPP1103,CUST009,Engage Strategic Systems,Lead,2025-12-03,9024.58,Anna,10
OPP1104,CUST006,Embrace Open-Source Solutions,Proposal,2025-10-16,16761.98,Megan,90
OPP1105,CUST010,Disintermediate Impactful Convergence,Negotiation,2025-09-29,19960.61,Diane,90
OPP1106,CUST004,Leverage Impactful E-Business,Negotiation,2025-08-06,9356.67,Julie,30
OPP1107,CUST019,Implement Web-Enabled Action-Items,Qualified,2025-10-28,13728.09,Elizabeth,90
OPP1108,CUST020,Exploit Leading-Edge Interfaces,Closed Lost,2025-07-17,5113.14,Dalton,90
OPP1109,CUST003,Deploy Turn-Key Deliverables,Lead,2025-11-30,7276.19,Marcus,90
OPP1110,CUST009,Morph 24/7 Architectures,Lead,2025-07-09,17112.88,Lisa,30
OPP1111,CUST004,Implement Innovative Initiatives,Proposal,2025-08-22,15030.35,Katie,10
OPP1112,CUST019,Target Distributed Partnerships,Lead,2025-11-24,12662.82,Angelica,90
OPP1113,CUST011,Synergize Collaborative Eyeballs,Closed Lost,2025-10-23,13577.6,Billy,70
OPP1114,CUST012,Enhance Killer Content,Closed Won,2025-12-20,4062.84,Mary,70
OPP1115,CUST010,Mesh Transparent Mindshare,Lead,2025-10-16,5638.09,Mason,70
OPP1116,CUST020,Re-Contextualize Distributed E-Business,Closed Lost,2025-09-07,18867.09,John,50
OPP1117,CUST006,Redefine User-Centric Bandwidth,Lead,2025-07-14,8730.37,Courtney,90
OPP1118,CUST008,Envisioneer Scalable Models,Closed Lost,2025-08-05,13660.54,Timothy,70
OPP1119,CUST020,Incubate Open-Source Infrastructures,Closed Won,2025-11-15,1152.39,Joseph,50
OPP1120,CUST007,Generate Bleeding-Edge Platforms,Negotiation,2025-12-25,11014.05,Hannah,50
OPP1121,CUST003,Embrace Bricks-And-Clicks Functionalities,Qualified,2025-08-10,1284.62,Patrick,30
OPP1122,CUST004,Synthesize Web-Enabled Platforms,Qualified,2025-07-18,17795.2,Lynn,10
OPP1123,CUST015,Strategize Robust Supply-Chains,Proposal,2025-12-13,14927.98,Thomas,70
OPP1124,CUST020,Extend Enterprise Web Services,Negotiation,2025-10-02,18363.86,Angela,70
OPP1125,CUST001,Morph Granular Markets,Lead,2025-08-06,7637.83,Jennifer,70
OPP1126,CUST011,Evolve Back-End Synergies,Proposal,2025-08-18,9298.86,Bethany,90
OPP1127,CUST003,Exploit Strategic Methodologies,Closed Won,2025-11-12,3768.45,David,90
OPP1128,CUST006,Scale Granular Architectures,Lead,2025-12-16,18885.66,James,70
OPP1129,CUST020,Implement Vertical Applications,Negotiation,2025-11-16,2924.87,Raymond,70
OPP1130,CUST017,Morph Dot-Com Architectures,Lead,2025-07-23,6316.56,Jason,70
OPP1131,CUST017,Innovate Vertical Mindshare,Proposal,2025-11-20,1075.62,Jill,70
OPP1132,CUST005,Utilize Magnetic Initiatives,Lead,2025-11-06,1393.93,Shannon,50
OPP1133,CUST004,Syndicate Open-Source Solutions,Closed Lost,2025-07-27,16553.25,Mary,10
OPP1134,CUST014,Deliver Proactive Synergies,Negotiation,2025-09-07,5617.68,Douglas,90
OPP1135,CUST018,Aggregate Vertical Metrics,Qualified,2025-08-16,1918.96,William,30
OPP1136,CUST001,Mesh Enterprise Methodologies,Qualified,2025-12-22,19896.84,Phillip,10
OPP1137,CUST008,Visualize Sticky Architectures,Qualified,2025-12-01,12490.19,Steven,50
OPP1138,CUST011,Transition Extensible Partnerships,Negotiation,2025-08-09,7575.03,Tara,10
OPP1139,CUST009,Engage Best-Of-Breed Mindshare,Negotiation,2025-12-04,9936.14,Melanie,90
OPP1140,CUST017,Matrix Compelling Synergies,Negotiation,2025-07-22,15895.3,Megan,70
OPP1141,CUST004,Iterate Enterprise Partnerships,Lead,2025-12-21,10932.05,Amanda,70
OPP1142,CUST006,Re-Intermediate Dynamic E-Tailers,Lead,2025-11-06,14668.77,Anthony,10
OPP1143,CUST001,E-Enable End-To-End Interfaces,Closed Won,2025-09-05,12734.62,Kyle,30
OPP1144,CUST012,Seize Sticky Models,Closed Lost,2025-07-31,9919.51,Victoria,90
OPP1145,CUST012,Mesh Next-Generation Relationships,Negotiation,2025-10-31,15891.83,Crystal,30
OPP1146,CUST002,Brand Extensible E-Business,Qualified,2025-12-13,16079.42,Michael,30
OPP1147,CUST013,Maximize Dot-Com Experiences,Lead,2025-10-03,17632.52,Nicole,90
OPP1148,CUST018,Enhance Virtual Methodologies,Lead,2025-07-07,18989.12,Eric,30
OPP1149,CUST020,Engineer Vertical Architectures,Qualified,2025-08-29,15003.3,Robert,10
OPP1150,CUST019,Iterate Interactive Functionalities,Proposal,2025-12-23,5317.44,Adam,90
OPP1151,CUST007,Transition E-Business E-Business,Closed Lost,2025-10-09,9714.95,Samuel,30
OPP1152,CUST017,Transform Sticky Portals,Lead,2025-07-22,8380.13,Emily,90
OPP1153,CUST009,Redefine Proactive Web-Readiness,Closed Won,2025-11-20,14970.55,Erica,70
OPP1154,CUST002,Deliver Customized Systems,Closed Lost,2025-09-30,12019.7,Jenna,10
OPP1155,CUST005,Synthesize Clicks-And-Mortar Web-Readiness,Qualified,2025-10-20,11755.13,Felicia,90
OPP1156,CUST006,Seize Front-End Systems,Qualified,2025-11-26,17960.76,Julie,90
OPP1157,CUST019,Utilize Open-Source E-Services,Closed Lost,2025-11-15,5191.46,Tara,70
OPP1158,CUST011,Matrix Intuitive Infrastructures,Lead,2025-10-06,14911.4,Anna,30
OPP1159,CUST003,Revolutionize Open-Source Convergence,Lead,2025-11-21,17080.96,Kylie,70
OPP1160,CUST012,Matrix Holistic Solutions,Qualified,2025-08-16,5962.04,Kristin,30
OPP1161,CUST010,Transform Enterprise Synergies,Qualified,2025-11-14,4354.91,Monica,90
OPP1162,CUST015,Innovate Innovative E-Services,Negotiation,2025-10-10,4295.64,April,30
OPP1163,CUST004,Envisioneer Ubiquitous Web Services,Closed Lost,2025-11-19,8693.43,Tricia,70
OPP1164,CUST014,Transition Intuitive Interfaces,Proposal,2025-07-23,4761.64,Roberto,90
OPP1165,CUST008,Incentivize 24/365 Portals,Closed Lost,2025-08-07,18194.1,Manuel,90
OPP1166,CUST004,Harness Cross-Media Web-Readiness,Closed Lost,2025-08-03,16040.08,Joseph,10
OPP1167,CUST001,Harness Scalable Networks,Closed Won,2025-07-23,8007.35,Michael,70
OPP1168,CUST011,Incentivize World-Class E-Tailers,Proposal,2025-11-13,4292.86,Adam,50
OPP1169,CUST019,E-Enable 24/7 Supply-Chains,Qualified,2025-07-18,4271.01,Nicole,70
OPP1170,CUST001,Strategize 24/365 Communities,Lead,2025-07-01,5098.04,Andrew,10
OPP1171,CUST008,Empower Dot-Com Paradigms,Negotiation,2025-10-27,13620.95,Christopher,50
OPP1172,CUST005,Engineer Virtual Convergence,Qualified,2025-11-26,17586.86,Alan,50
OPP1173,CUST004,Enable Bleeding-Edge Applications,Closed Won,2025-09-13,19858.49,Albert,30
OPP1174,CUST010,Innovate Extensible Platforms,Negotiation,2025-08-28,10897.14,Ralph,10
OPP1175,CUST011,Syndicate Extensible Relationships,Proposal,2025-12-05,7339.9,Douglas,90
OPP1176,CUST012,Expedite Best-Of-Breed Models,Closed Won,2025-09-13,7117.52,Matthew,30
OPP1177,CUST011,Whiteboard Out-Of-The-Box E-Tailers,Closed Lost,2025-11-10,16604.56,Kenneth,50
OPP1178,CUST005,Optimize Best-Of-Breed Synergies,Closed Won,2025-09-09,696.72,Steven,30
OPP1179,CUST002,Whiteboard Back-End Architectures,Lead,2025-12-04,14461.43,Emma,70
OPP1180,CUST019,Seize Virtual E-Business,Negotiation,2025-07-18,543.94,Amanda,50
OPP1181,CUST002,Visualize Magnetic Methodologies,Lead,2025-10-10,13307.49,Rachel,90
OPP1182,CUST012,Implement Dot-Com Portals,Proposal,2025-07-20,11971.01,David,70
OPP1183,CUST019,Revolutionize Holistic Experiences,Closed Lost,2025-07-20,5065.55,Katherine,90
OPP1184,CUST010,Aggregate Collaborative Deliverables,Negotiation,2025-10-09,13787.85,Gloria,50
OPP1185,CUST002,Transform Extensible Roi,Closed Lost,2025-07-23,11026.85,Darrell,30
OPP1186,CUST008,Deploy Bleeding-Edge Experiences,Closed Won,2025-10-25,13689.1,Robert,50
OPP1187,CUST009,Facilitate Cross-Media Partnerships,Closed Won,2025-12-06,1287.22,Mark,70
OPP1188,CUST011,E-Enable World-Class Interfaces,Closed Lost,2025-08-10,8917.53,Melanie,70
OPP1189,CUST003,Optimize Impactful Infrastructures,Negotiation,2025-10-09,15506.99,Christopher,70
OPP1190,CUST008,Empower Visionary Systems,Proposal,2025-11-17,15604.95,Larry,30
OPP1191,CUST002,Harness Killer Models,Lead,2025-12-07,11095.1,Joshua,10
OPP1192,CUST004,Facilitate Plug-And-Play Supply-Chains,Negotiation,2025-09-14,1815.48,Edward,10
OPP1193,CUST015,Strategize Vertical Paradigms,Proposal,2025-10-29,8534.53,Tina,30
OPP1194,CUST004,Strategize Impactful Experiences,Lead,2025-07-09,2926.85,Samantha,70
OPP1195,CUST008,E-Enable World-Class Schemas,Proposal,2025-07-09,6576.62,Rachel,70
OPP1196,CUST020,Extend Rich E-Tailers,Closed Won,2025-12-26,2454.55,Brandon,50
OPP1197,CUST002,Strategize User-Centric Portals,Lead,2025-08-20,1178.3,Elizabeth,10
OPP1198,CUST014,Orchestrate E-Business E-Tailers,Proposal,2025-07-02,1803.91,Matthew,70
OPP1199,CUST015,Maximize Viral Mindshare,Closed Lost,2025-07-28,3287.55,Crystal,50
OPP1200,CUST005,Engage Web-Enabled Web-Readiness,Closed Lost,2025-09-20,13972.94,Antonio,70
OPP1201,CUST010,Productize Cutting-Edge Applications,Closed Lost,2025-08-19,2969.07,David,50
OPP1202,CUST008,Redefine Seamless Applications,Closed Lost,2025-10-20,1924.34,Julia,70
OPP1203,CUST002,Leverage Enterprise Info-Mediaries,Lead,2025-09-28,18507.64,Erik,10
OPP1204,CUST002,Expedite Customized Niches,Closed Won,2025-07-13,1394.53,Amanda,70
OPP1205,CUST001,Synthesize Enterprise E-Business,Closed Lost,2025-09-11,18456.4,Edward,10
OPP1206,CUST004,Iterate Compelling Networks,Proposal,2025-08-02,15898.96,Anna,50
OPP1207,CUST015,Visualize Cutting-Edge Users,Qualified,2025-09-09,18822.11,Dwayne,30
OPP1208,CUST002,Transition Next-Generation Networks,Lead,2025-08-07,17803.59,Chad,10
OPP1209,CUST014,Streamline Mission-Critical Deliverables,Closed Lost,2025-09-26,2694.19,Erik,30
OPP1210,CUST008,Envisioneer Integrated Interfaces,Negotiation,2025-07-22,804.62,Katrina,90
OPP1211,CUST016,Brand Front-End Synergies,Negotiation,2025-09-20,3928.67,Michael,50
OPP1212,CUST006,Drive Cross-Media Schemas,Closed Lost,2025-10-24,10510.39,Peter,50
OPP1213,CUST002,Disintermediate 24/365 Solutions,Lead,2025-08-15,17385.04,Robert,30
OPP1214,CUST017,Re-Intermediate User-Centric Deliverables,Negotiation,2025-09-27,9025.73,Nicholas,90
OPP1215,CUST003,Implement Robust Channels,Lead,2025-08-22,11009.42,Nathan,70
OPP1216,CUST018,Reinvent Viral Applications,Qualified,2025-08-15,6415.65,Douglas,10
OPP1217,CUST005,Iterate E-Business Metrics,Closed Won,2025-09-02,8263.45,Ellen,10
OPP1218,CUST020,Incubate Holistic Users,Closed Won,2025-12-16,13762.78,Elizabeth,10
OPP1219,CUST014,Visualize Transparent Action-Items,Closed Won,2025-12-15,15256.26,Antonio,30
OPP1220,CUST011,Seize Cross-Platform Functionalities,Qualified,2025-07-26,19983.28,Kimberly,30
OPP1221,CUST005,Architect Mission-Critical Niches,Negotiation,2025-08-14,16725.47,Catherine,30
OPP1222,CUST009,Transition Dot-Com Roi,Closed Lost,2025-07-23,17923.3,Melissa,50
OPP1223,CUST018,Leverage Cross-Media Deliverables,Lead,2025-08-18,18932.27,Christine,70
OPP1224,CUST013,Disintermediate Plug-And-Play Systems,Negotiation,2025-07-21,17327.2,Matthew,90
OPP1225,CUST007,Drive Interactive Users,Qualified,2025-11-12,895.6,Laura,70
OPP1226,CUST007,Evolve Extensible Niches,Closed Won,2025-08-19,2145.25,Sylvia,30
OPP1227,CUST019,Orchestrate Scalable E-Markets,Negotiation,2025-09-05,13917.9,Jennifer,70
OPP1228,CUST014,Aggregate Enterprise E-Services,Proposal,2025-07-26,7815.44,Amanda,30
OPP1229,CUST011,Leverage Viral Web-Readiness,Closed Won,2025-07-26,3156.06,Vincent,10
OPP1230,CUST010,Deploy Wireless Web Services,Closed Won,2025-09-26,6587.65,Stephanie,30
OPP1231,CUST019,E-Enable Dot-Com E-Tailers,Lead,2025-07-24,8901.55,Michael,50
OPP1232,CUST009,Iterate Enterprise E-Commerce,Closed Lost,2025-07-10,14208.03,Michael,90
OPP1233,CUST011,Transition World-Class Networks,Closed Won,2025-12-15,7134.98,Nathaniel,30
OPP1234,CUST009,Re-Intermediate Distributed Paradigms,Closed Won,2025-08-06,2555.14,Megan,30
OPP1235,CUST003,Re-Intermediate Dot-Com Initiatives,Proposal,2025-12-05,6764.34,Gina,50
OPP1236,CUST007,Embrace Innovative Convergence,Closed Lost,2025-09-21,12943.95,Brian,50
OPP1237,CUST001,Target Real-Time E-Markets,Proposal,2025-11-25,17420.0,Brian,10
OPP1238,CUST008,Iterate Transparent Technologies,Negotiation,2025-08-25,7477.74,Melody,90
OPP1239,CUST020,Revolutionize Extensible Partnerships,Lead,2025-08-22,1435.56,Tiffany,10
OPP1240,CUST003,Cultivate Value-Added Bandwidth,Negotiation,2025-09-06,9991.64,Peter,10
OPP1241,CUST017,Enhance Best-Of-Breed Bandwidth,Lead,2025-09-06,13093.96,Daniel,90
OPP1242,CUST011,Implement Cutting-Edge Synergies,Negotiation,2025-10-17,16023.89,David,30
OPP1243,CUST014,Embrace Cross-Media Solutions,Proposal,2025-10-10,5748.66,Jamie,10
OPP1244,CUST003,E-Enable Real-Time Technologies,Proposal,2025-11-22,13163.8,Tara,10
OPP1245,CUST011,Transform Proactive Partnerships,Lead,2025-12-28,6753.9,David,10
OPP1246,CUST004,Disintermediate Robust Vortals,Closed Lost,2025-08-25,2590.42,Ashley,50
OPP1247,CUST010,Whiteboard Front-End Experiences,Qualified,2025-08-07,3795.81,Monica,70
OPP1248,CUST017,Envisioneer Out-Of-The-Box Deliverables,Qualified,2025-12-21,11176.53,Amanda,10
OPP1249,CUST013,Extend Revolutionary E-Services,Proposal,2025-11-27,11198.54,Richard,10
OPP1250,CUST014,Aggregate Customized E-Markets,Negotiation,2025-09-17,19928.55,Joseph,90
OPP1251,CUST012,Optimize Holistic Channels,Closed Lost,2025-11-29,18364.62,Courtney,50
OPP1252,CUST010,Expedite Intuitive Initiatives,Negotiation,2025-10-25,631.7,Robert,30
OPP1253,CUST009,Incubate Dynamic Supply-Chains,Lead,2025-07-28,13008.01,Ronald,90
OPP1254,CUST003,Iterate Back-End Relationships,Proposal,2025-10-19,19343.98,Angela,90
OPP1255,CUST019,Engage Mission-Critical E-Commerce,Closed Won,2025-11-06,3188.29,William,10
OPP1256,CUST004,Syndicate Magnetic Applications,Closed Won,2025-12-13,1472.79,Jon,30
OPP1257,CUST002,Optimize Bricks-And-Clicks Partnerships,Proposal,2025-09-30,10398.8,Mark,90
OPP1258,CUST016,Orchestrate B2C Technologies,Proposal,2025-09-28,18149.77,Mary,30
OPP1259,CUST003,Mesh Strategic Initiatives,Closed Won,2025-07-07,7296.99,Amanda,30
OPP1260,CUST011,Mesh Synergistic Roi,Proposal,2025-09-16,6475.99,Michael,50
OPP1261,CUST016,Generate Compelling Niches,Lead,2025-11-03,14729.23,April,90
OPP1262,CUST013,Whiteboard B2B Info-Mediaries,Closed Won,2025-09-08,8965.12,Dawn,90
OPP1263,CUST016,Target Magnetic Convergence,Lead,2025-09-29,18620.36,Nancy,10
OPP1264,CUST016,Visualize Real-Time Synergies,Qualified,2025-10-28,8195.28,Robert,70
OPP1265,CUST018,Transform Clicks-And-Mortar Initiatives,Negotiation,2025-11-12,14388.52,Angela,10
OPP1266,CUST013,Enable Compelling Functionalities,Qualified,2025-12-28,7603.53,Jon,70
OPP1267,CUST014,Exploit Interactive Functionalities,Closed Won,2025-07-11,13678.81,Barbara,30
OPP1268,CUST014,Integrate Bricks-And-Clicks Synergies,Closed Lost,2025-11-29,15444.08,Kristin,30
OPP1269,CUST018,Mesh Sticky Convergence,Closed Lost,2025-09-14,6609.76,Amanda,70
OPP1270,CUST010,Embrace User-Centric Eyeballs,Proposal,2025-12-18,9835.41,Brandon,90
OPP1271,CUST011,Deliver End-To-End Bandwidth,Closed Won,2025-10-04,5745.52,Taylor,50
OPP1272,CUST019,Aggregate Out-Of-The-Box Users,Qualified,2025-10-21,19198.38,Ian,30
OPP1273,CUST015,Repurpose Best-Of-Breed Paradigms,Proposal,2025-09-27,9045.18,Jenna,30
OPP1274,CUST005,Generate Ubiquitous Vortals,Lead,2025-09-07,8919.98,William,90
OPP1275,CUST020,Integrate Strategic Mindshare,Qualified,2025-11-21,15721.01,Traci,30
OPP1276,CUST017,E-Enable Real-Time Web-Readiness,Closed Lost,2025-12-24,17445.14,Nicholas,50
OPP1277,CUST003,Strategize Sticky Supply-Chains,Closed Won,2025-08-28,9170.74,Derek,10
OPP1278,CUST011,Deploy Killer Markets,Proposal,2025-07-21,11116.52,Cindy,30
OPP1279,CUST006,Syndicate Bricks-And-Clicks Metrics,Closed Won,2025-12-20,6226.4,Christopher,70
OPP1280,CUST014,Transform Extensible Info-Mediaries,Lead,2025-07-14,3224.54,Derek,70
OPP1281,CUST016,Orchestrate Proactive Applications,Proposal,2025-10-12,19262.68,Ralph,70
OPP1282,CUST007,Harness Impactful Roi,Closed Won,2025-09-17,17556.53,Tiffany,70
OPP1283,CUST006,Disintermediate Compelling Models,Lead,2025-08-02,6811.7,Daniel,90
OPP1284,CUST012,Grow Impactful Web-Readiness,Proposal,2025-09-10,16523.98,Joseph,70
OPP1285,CUST008,Incubate Strategic E-Commerce,Closed Won,2025-07-31,9604.38,Lindsey,70
OPP1286,CUST003,Enhance Innovative Niches,Qualified,2025-11-09,4193.12,Juan,90
OPP1287,CUST013,Cultivate Impactful Metrics,Negotiation,2025-09-13,9273.89,Brian,70
OPP1288,CUST001,Target Web-Enabled Supply-Chains,Closed Won,2025-10-23,10963.05,Travis,70
OPP1289,CUST007,Implement Web-Enabled E-Commerce,Closed Lost,2025-10-08,9317.72,Angela,30
OPP1290,CUST009,Brand Transparent Initiatives,Qualified,2025-10-12,12292.23,Shannon,70
OPP1291,CUST004,Iterate Holistic Interfaces,Closed Won,2025-07-27,12811.53,Craig,90
OPP1292,CUST001,Re-Intermediate Viral E-Markets,Lead,2025-11-05,12168.87,Brandon,70
OPP1293,CUST009,Iterate Compelling E-Commerce,Negotiation,2025-12-10,19073.38,Sharon,70
OPP1294,CUST017,Grow Extensible Portals,Closed Lost,2025-07-27,1579.5,Wendy,10
OPP1295,CUST015,Repurpose Global Eyeballs,Closed Won,2025-08-21,15237.05,James,50
OPP1296,CUST014,Benchmark Out-Of-The-Box Metrics,Qualified,2025-10-21,858.89,Brian,70
OPP1297,CUST009,Evolve Ubiquitous Bandwidth,Lead,2025-11-23,1831.17,Jon,50
OPP1298,CUST013,Scale B2B Interfaces,Qualified,2025-07-03,19829.86,Katherine,90
OPP1299,CUST008,Scale Next-Generation Infrastructures,Negotiation,2025-12-10,4402.3,Jessica,10
OPP1300,CUST015,Iterate Ubiquitous Models,Closed Lost,2025-08-10,12660.43,Sean,30
OPP1301,CUST017,Facilitate Cutting-Edge Networks,Lead,2025-11-15,8465.39,Kathleen,90
OPP1302,CUST016,Deploy Seamless Web-Readiness,Lead,2025-08-11,6856.32,Charles,50
OPP1303,CUST019,Generate Rich Users,Qualified,2025-10-14,12530.07,Heather,10
OPP1304,CUST006,Cultivate Synergistic Users,Qualified,2025-09-18,19829.92,Donna,70
OPP1305,CUST014,Mesh Synergistic Users,Qualified,2025-12-09,15549.04,Jeremy,10
OPP1306,CUST003,Deliver 24/365 Technologies,Closed Won,2025-08-25,5335.98,Rebecca,10
OPP1307,CUST016,Morph Cross-Platform Functionalities,Closed Lost,2025-12-09,2723.94,Anthony,30
OPP1308,CUST003,Incentivize Collaborative Initiatives,Closed Lost,2025-11-14,13560.97,Kyle,50
OPP1309,CUST002,Expedite Plug-And-Play Relationships,Closed Lost,2025-08-19,12638.05,Lauren,90
OPP1310,CUST006,Generate Web-Enabled Web Services,Qualified,2025-10-18,12891.64,Stephanie,10
OPP1311,CUST010,Leverage Customized Content,Lead,2025-10-12,11558.66,Marisa,30
OPP1312,CUST009,Synergize B2C E-Markets,Qualified,2025-08-05,19047.76,Cynthia,90
OPP1313,CUST002,Optimize Customized Functionalities,Lead,2025-07-31,14922.25,Lance,90
OPP1314,CUST017,Incentivize Revolutionary Relationships,Negotiation,2025-09-19,17802.61,Alex,50
OPP1315,CUST007,Disintermediate Cross-Platform Networks,Proposal,2025-07-07,16460.21,John,90
OPP1316,CUST012,Synergize Extensible Platforms,Proposal,2025-07-03,3503.7,Anthony,70
OPP1317,CUST015,Cultivate Turn-Key Vortals,Closed Lost,2025-10-28,12429.97,Elizabeth,90
OPP1318,CUST016,Incentivize Ubiquitous Platforms,Closed Lost,2025-07-11,13554.05,Jeffrey,70
OPP1319,CUST007,Architect Dot-Com Platforms,Qualified,2025-10-29,6110.99,Jasmine,30
OPP1320,CUST014,Incubate Holistic Models,Closed Won,2025-09-06,14920.08,Steven,10
OPP1321,CUST012,Iterate Compelling Methodologies,Closed Won,2025-07-25,11652.73,Brian,90
OPP1322,CUST010,Embrace Viral Convergence,Closed Lost,2025-09-26,8941.09,Karen,10
OPP1323,CUST009,Repurpose Strategic Models,Proposal,2025-11-24,6719.45,Richard,50
OPP1324,CUST006,Benchmark Cross-Media Bandwidth,Qualified,2025-09-18,18331.32,Brian,90
OPP1325,CUST006,Expedite Wireless Infrastructures,Negotiation,2025-07-19,13015.47,Patricia,70
OPP1326,CUST018,Harness Real-Time Mindshare,Closed Won,2025-12-04,1833.29,Kathryn,10
OPP1327,CUST006,Enhance B2B Action-Items,Proposal,2025-07-20,10031.45,Cynthia,90
OPP1328,CUST002,Cultivate Back-End Web Services,Negotiation,2025-08-09,18875.35,Samuel,30
OPP1329,CUST009,Whiteboard Strategic Markets,Proposal,2025-12-23,3193.55,Carlos,90
OPP1330,CUST013,E-Enable Wireless Supply-Chains,Lead,2025-09-02,9429.03,Elizabeth,10
OPP1331,CUST017,Unleash Killer Interfaces,Proposal,2025-07-20,16027.4,Alan,10
OPP1332,CUST008,Envisioneer Compelling Web-Readiness,Lead,2025-12-11,14293.57,Christopher,30
OPP1333,CUST010,Orchestrate Dynamic Initiatives,Qualified,2025-09-13,7932.34,George,70
OPP1334,CUST012,Deliver Extensible Metrics,Lead,2025-11-28,10934.33,Amanda,90
OPP1335,CUST018,Whiteboard Magnetic Paradigms,Lead,2025-12-17,5956.72,Scott,10
OPP1336,CUST009,Deploy Magnetic Metrics,Negotiation,2025-12-13,11857.02,Diana,90
OPP1337,CUST018,Cultivate B2B Architectures,Proposal,2025-08-29,6594.79,Ashley,90
OPP1338,CUST008,Disintermediate End-To-End Technologies,Lead,2025-11-10,7604.79,Terri,30
OPP1339,CUST007,Deliver Open-Source Vortals,Lead,2025-07-14,17374.94,Garrett,10
OPP1340,CUST020,Incubate Clicks-And-Mortar Info-Mediaries,Negotiation,2025-08-14,10005.67,Robert,90
OPP1341,CUST010,Mesh Next-Generation Applications,Lead,2025-07-05,12107.56,Jeffrey,30
OPP1342,CUST015,Transform Cross-Media Metrics,Closed Won,2025-07-10,17729.89,Karen,70
OPP1343,CUST018,Innovate Cross-Media Relationships,Negotiation,2025-08-05,16143.58,Amy,30
OPP1344,CUST001,Iterate E-Business Communities,Proposal,2025-09-18,7864.23,Elizabeth,90
OPP1345,CUST003,Seize E-Business Models,Qualified,2025-07-10,15682.72,Diana,70
OPP1346,CUST004,Morph Out-Of-The-Box Solutions,Negotiation,2025-08-06,18338.65,Michael,30
OPP1347,CUST002,Cultivate Integrated Markets,Negotiation,2025-09-29,2953.25,Jason,70
OPP1348,CUST007,Expedite Frictionless Users,Closed Lost,2025-07-27,12660.7,Christian,70
OPP1349,CUST011,Harness Sticky Applications,Proposal,2025-09-29,11744.85,James,90
OPP1350,CUST004,Utilize Distributed Convergence,Closed Won,2025-08-17,19455.88,Brian,30
OPP1351,CUST016,Engineer Distributed Supply-Chains,Closed Lost,2025-07-16,501.91,Gregory,90
OPP1352,CUST003,Benchmark B2C Roi,Closed Lost,2025-06-30,12029.13,Charles,70
OPP1353,CUST005,Synthesize Interactive Web Services,Qualified,2025-11-13,7721.14,Tyler,30
OPP1354,CUST006,Brand Wireless E-Markets,Proposal,2025-10-08,6929.79,Cheryl,10
OPP1355,CUST011,Target One-To-One E-Commerce,Closed Won,2025-08-15,14461.53,Kathleen,30
OPP1356,CUST013,Strategize Web-Enabled Relationships,Lead,2025-09-29,13853.19,Brittany,90
OPP1357,CUST008,Mesh Rich Platforms,Lead,2025-11-01,707.66,Barbara,10
OPP1358,CUST006,Incentivize Impactful Functionalities,Proposal,2025-11-24,9404.47,Gregory,10
OPP1359,CUST004,Benchmark Dot-Com Markets,Closed Won,2025-11-26,11647.33,Miguel,50
OPP1360,CUST010,Synthesize Revolutionary Platforms,Closed Lost,2025-12-17,9548.71,Jason,10
OPP1361,CUST015,Orchestrate Dot-Com Networks,Closed Won,2025-12-14,11667.03,Kelly,50
OPP1362,CUST016,Whiteboard Holistic Experiences,Closed Lost,2025-08-21,15522.57,Micheal,50
OPP1363,CUST006,Monetize Clicks-And-Mortar E-Tailers,Proposal,2025-10-09,15680.56,Julia,70
OPP1364,CUST017,Engineer Compelling E-Commerce,Proposal,2025-07-10,10986.56,Amanda,90
OPP1365,CUST016,Expedite Frictionless Partnerships,Negotiation,2025-11-28,8325.12,Kelly,90
OPP1366,CUST018,Incubate Global Systems,Lead,2025-09-18,18950.37,Kimberly,50
OPP1367,CUST001,Monetize Robust Metrics,Negotiation,2025-07-07,9687.92,Brandon,30
OPP1368,CUST004,Engineer Extensible Convergence,Qualified,2025-10-06,19944.32,Amanda,90
OPP1369,CUST002,Unleash Strategic Technologies,Closed Lost,2025-07-13,11684.65,Rebecca,50
OPP1370,CUST001,Streamline Front-End Portals,Proposal,2025-10-23,5042.18,Matthew,90
OPP1371,CUST001,Re-Intermediate Frictionless Infrastructures,Negotiation,2025-11-28,13799.89,Andrea,10
OPP1372,CUST005,Engineer Scalable Portals,Proposal,2025-11-28,6382.61,Erica,10
OPP1373,CUST014,Redefine Enterprise Initiatives,Proposal,2025-12-22,11728.59,Stephanie,10
OPP1374,CUST007,Optimize Clicks-And-Mortar Channels,Closed Lost,2025-07-03,6039.73,William,90
OPP1375,CUST007,Incubate Synergistic E-Services,Closed Won,2025-09-30,11008.87,John,90
OPP1376,CUST009,Synthesize Interactive E-Services,Lead,2025-10-24,16626.66,Craig,90
OPP1377,CUST013,Maximize Rich Portals,Proposal,2025-12-20,12976.43,Jessica,90
OPP1378,CUST017,Engineer Sticky Communities,Closed Won,2025-10-03,2958.78,Sandra,30
OPP1379,CUST010,Enhance Extensible E-Commerce,Qualified,2025-10-28,19655.54,Tiffany,90
OPP1380,CUST018,E-Enable Clicks-And-Mortar E-Services,Qualified,2025-06-30,9604.61,Tracy,30
OPP1381,CUST005,Architect Customized Methodologies,Proposal,2025-08-07,18876.98,Shawn,30
OPP1382,CUST015,Integrate Integrated E-Markets,Lead,2025-08-14,9330.47,Christopher,50
OPP1383,CUST010,Target Magnetic Models,Closed Won,2025-11-04,6426.86,Stephen,30
OPP1384,CUST019,Exploit Granular Functionalities,Lead,2025-10-17,12941.24,Jessica,70
OPP1385,CUST018,Optimize Proactive E-Tailers,Proposal,2025-09-26,13999.0,Andrea,50
OPP1386,CUST019,Maximize Enterprise E-Commerce,Qualified,2025-12-07,1448.29,Kathleen,50
OPP1387,CUST015,Extend Strategic Niches,Qualified,2025-08-07,17054.27,Christopher,90
OPP1388,CUST010,Revolutionize Rich Networks,Closed Won,2025-12-29,18995.6,Timothy,70
OPP1389,CUST001,Re-Contextualize End-To-End Convergence,Closed Won,2025-08-24,12975.74,Debra,50
OPP1390,CUST016,Leverage Viral Systems,Closed Lost,2025-11-03,17424.57,Jennifer,90
OPP1391,CUST002,Incentivize Scalable Applications,Lead,2025-11-27,19915.03,Lori,90
OPP1392,CUST020,Aggregate Ubiquitous E-Markets,Negotiation,2025-12-19,16314.46,Brenda,30
OPP1393,CUST009,Seize Extensible Interfaces,Proposal,2025-10-22,840.52,Kevin,10
OPP1394,CUST015,Re-Contextualize Dynamic Portals,Proposal,2025-09-29,3475.41,Cathy,90
OPP1395,CUST015,Re-Intermediate Viral E-Markets,Negotiation,2025-07-19,19600.31,Michael,50
OPP1396,CUST016,Unleash Enterprise Technologies,Proposal,2025-11-30,19540.52,Timothy,90
OPP1397,CUST017,Implement Intuitive Initiatives,Negotiation,2025-07-29,2683.59,James,50
OPP1398,CUST020,Innovate Innovative Info-Mediaries,Closed Won,2025-08-14,4290.7,Mark,30
OPP1399,CUST002,Monetize Best-Of-Breed Schemas,Lead,2025-12-28,4752.4,Courtney,70
OPP1400,CUST014,Synthesize Global Relationships,Qualified,2025-07-22,19072.72,Ryan,90
OPP1401,CUST014,Grow Clicks-And-Mortar Info-Mediaries,Negotiation,2025-12-12,17177.97,Natasha,90
OPP1402,CUST007,Whiteboard Cutting-Edge Portals,Lead,2025-12-05,15604.23,Andrew,70
OPP1403,CUST018,Optimize Dynamic E-Business,Negotiation,2025-09-27,14169.54,Carla,90
OPP1404,CUST017,Streamline Robust Channels,Negotiation,2025-12-23,12905.16,Christine,10
OPP1405,CUST003,Transition User-Centric Bandwidth,Closed Won,2025-07-19,11759.43,Herbert,90
OPP1406,CUST015,Productize Wireless Methodologies,Qualified,2025-11-01,19893.47,Kathleen,50
OPP1407,CUST003,Benchmark Mission-Critical Methodologies,Negotiation,2025-08-13,5580.09,Julie,30
OPP1408,CUST017,Aggregate Dot-Com Interfaces,Closed Won,2025-11-20,9704.9,Tina,90
OPP1409,CUST002,E-Enable Robust Experiences,Negotiation,2025-10-30,955.16,Stephanie,30
OPP1410,CUST010,Engineer Integrated Architectures,Qualified,2025-08-09,14303.99,Marcia,30
OPP1411,CUST002,Incentivize Bricks-And-Clicks Interfaces,Negotiation,2025-11-10,1288.96,Joshua,70
OPP1412,CUST019,Re-Intermediate Bricks-And-Clicks Portals,Negotiation,2025-09-06,1612.08,Joshua,50
OPP1413,CUST011,Harness Cross-Media E-Commerce,Negotiation,2025-11-04,16155.34,Jacob,70
OPP1414,CUST001,Aggregate Magnetic Convergence,Negotiation,2025-09-27,15569.16,Linda,30
OPP1415,CUST007,Implement World-Class Solutions,Negotiation,2025-10-22,15945.24,Stephen,10
OPP1416,CUST013,Incentivize Holistic Models,Proposal,2025-09-29,4855.58,Rachel,90
OPP1417,CUST016,Maximize Ubiquitous Info-Mediaries,Negotiation,2025-09-05,11475.65,Diana,10
OPP1418,CUST008,Engage User-Centric Communities,Qualified,2025-07-04,12081.46,Kelly,90
OPP1419,CUST008,Morph World-Class Eyeballs,Closed Won,2025-09-05,15085.58,Sean,30
OPP1420,CUST015,Innovate Out-Of-The-Box Networks,Closed Won,2025-08-14,7845.34,William,90
OPP1421,CUST011,Deploy Extensible Systems,Closed Won,2025-10-23,3653.19,Barbara,70
OPP1422,CUST008,Utilize Revolutionary Action-Items,Closed Won,2025-07-19,16421.79,Jessica,30
OPP1423,CUST007,Expedite Efficient E-Services,Negotiation,2025-10-28,16565.14,Cindy,70
OPP1424,CUST008,Mesh Next-Generation Metrics,Proposal,2025-10-21,10676.24,Ryan,10
OPP1425,CUST001,Extend 24/365 Content,Proposal,2025-07-27,16493.47,Dawn,70
OPP1426,CUST019,Synthesize Best-Of-Breed Models,Qualified,2025-08-13,13410.64,Jamie,90
OPP1427,CUST010,E-Enable B2C Content,Lead,2025-07-28,7643.21,Rachel,10
OPP1428,CUST018,Integrate Sticky Web-Readiness,Negotiation,2025-09-27,7638.24,Ruben,10
OPP1429,CUST019,Target Frictionless Communities,Closed Lost,2025-11-04,18329.16,Paul,30
OPP1430,CUST009,Revolutionize Bricks-And-Clicks Roi,Proposal,2025-12-17,6253.06,Jimmy,70
OPP1431,CUST018,Syndicate B2C E-Tailers,Lead,2025-12-15,8983.76,Kristen,30
OPP1432,CUST009,Innovate Efficient Networks,Negotiation,2025-07-19,8523.72,Nancy,50
OPP1433,CUST001,Visualize 24/365 Deliverables,Negotiation,2025-09-01,18319.14,Paula,50
OPP1434,CUST003,Brand B2B Relationships,Closed Lost,2025-09-15,5439.37,Andrew,90
OPP1435,CUST004,Evolve Frictionless Partnerships,Negotiation,2025-12-17,8122.97,Virginia,70
OPP1436,CUST014,Architect 24/365 Eyeballs,Negotiation,2025-07-24,19561.85,Kendra,30
OPP1437,CUST003,Morph Intuitive E-Markets,Lead,2025-07-22,5455.81,Brittany,30
OPP1438,CUST015,Productize Clicks-And-Mortar Schemas,Lead,2025-11-06,16867.04,Sara,50
OPP1439,CUST014,Leverage Enterprise Markets,Negotiation,2025-10-27,4057.92,Carla,90
OPP1440,CUST011,Visualize Enterprise E-Markets,Lead,2025-08-30,11742.68,David,10
OPP1441,CUST019,Utilize Mission-Critical Architectures,Closed Lost,2025-09-22,18570.99,Christopher,70
OPP1442,CUST002,Deliver Sticky Networks,Proposal,2025-08-20,9403.75,Daniel,10
OPP1443,CUST017,Enhance One-To-One E-Commerce,Lead,2025-07-21,13448.31,Debbie,10
OPP1444,CUST017,Evolve Best-Of-Breed Vortals,Closed Won,2025-12-22,4522.44,Kimberly,30
OPP1445,CUST002,Seize Integrated Methodologies,Lead,2025-08-23,3681.1,Robert,90
OPP1446,CUST020,Leverage End-To-End Infrastructures,Closed Lost,2025-10-01,9110.84,Jason,90
OPP1447,CUST020,Facilitate Web-Enabled Experiences,Negotiation,2025-11-04,7693.18,Edward,10
OPP1448,CUST015,Harness Synergistic Applications,Proposal,2025-10-11,18836.4,Robert,10
OPP1449,CUST019,Synergize Cross-Media E-Tailers,Proposal,2025-08-22,19127.36,Barbara,70
OPP1450,CUST005,Brand Next-Generation Web-Readiness,Closed Lost,2025-07-21,1332.98,Jenny,90
OPP1451,CUST005,Morph Customized Schemas,Lead,2025-12-07,5980.5,Crystal,10
OPP1452,CUST009,Optimize B2B Solutions,Lead,2025-07-26,5398.02,Annette,30
OPP1453,CUST005,Harness Compelling Content,Lead,2025-10-28,4555.1,Elizabeth,90
OPP1454,CUST004,Envisioneer Integrated Technologies,Proposal,2025-08-07,6183.1,Suzanne,90
OPP1455,CUST018,Unleash Rich Web Services,Closed Won,2025-12-23,9253.12,Cassandra,30
OPP1456,CUST007,Transition Leading-Edge Roi,Lead,2025-10-09,7660.86,Erin,70
OPP1457,CUST001,Synthesize Back-End Partnerships,Negotiation,2025-11-13,3587.6,Rachel,50
OPP1458,CUST019,Seize Cutting-Edge Initiatives,Qualified,2025-11-08,1382.78,Patricia,70
OPP1459,CUST011,Re-Intermediate Enterprise Mindshare,Qualified,2025-08-17,7334.71,Michael,50
OPP1460,CUST019,Engage Visionary Initiatives,Proposal,2025-12-12,16780.94,Michael,70
OPP1461,CUST001,Engineer Strategic Roi,Closed Lost,2025-12-25,13385.15,Jeremy,10
OPP1462,CUST009,Orchestrate Dot-Com Web-Readiness,Qualified,2025-12-22,8927.0,Kevin,10
OPP1463,CUST003,Benchmark Interactive Supply-Chains,Closed Won,2025-11-12,3278.57,Jonathan,10
OPP1464,CUST013,Productize Magnetic Schemas,Closed Lost,2025-10-15,13450.61,Cynthia,50
OPP1465,CUST001,Productize Scalable Web Services,Negotiation,2025-12-06,6976.35,Patricia,90
OPP1466,CUST015,Streamline End-To-End Web Services,Negotiation,2025-08-17,19205.23,Anthony,90
OPP1467,CUST004,Unleash Best-Of-Breed Networks,Proposal,2025-11-22,7118.8,Stacy,30
OPP1468,CUST015,Integrate Integrated Platforms,Lead,2025-07-16,4261.21,Jesse,10
OPP1469,CUST005,Orchestrate Innovative Functionalities,Negotiation,2025-08-20,14458.58,Alan,10
OPP1470,CUST012,Monetize Value-Added Methodologies,Lead,2025-09-25,11903.23,Heather,10
OPP1471,CUST016,Synthesize Innovative Relationships,Proposal,2025-08-19,16094.14,Benjamin,30
OPP1472,CUST008,Enhance Best-Of-Breed Action-Items,Qualified,2025-12-20,10864.69,Gabrielle,90
OPP1473,CUST015,Evolve Collaborative Schemas,Proposal,2025-08-16,19634.2,Anna,30
OPP1474,CUST001,Cultivate Value-Added Portals,Closed Lost,2025-07-28,1735.85,Eileen,50
OPP1475,CUST019,Aggregate Collaborative Partnerships,Closed Won,2025-12-03,2055.24,Jessica,30
OPP1476,CUST001,Redefine Front-End Systems,Closed Won,2025-09-29,12635.0,George,90
OPP1477,CUST019,Monetize Visionary Infrastructures,Lead,2025-12-17,1223.59,Sergio,10
OPP1478,CUST017,Exploit Interactive Initiatives,Negotiation,2025-09-25,12345.33,Brian,10
OPP1479,CUST005,Mesh B2B Systems,Negotiation,2025-12-15,5528.26,Elizabeth,70
OPP1480,CUST018,Harness One-To-One Interfaces,Proposal,2025-09-02,6685.15,Aaron,50
OPP1481,CUST009,Benchmark Best-Of-Breed Roi,Qualified,2025-12-02,9425.51,Elizabeth,70
OPP1482,CUST019,Optimize Next-Generation Bandwidth,Closed Won,2025-09-06,7759.21,Matthew,70
OPP1483,CUST008,Morph Wireless Functionalities,Lead,2025-12-20,17848.46,Jamie,50
OPP1484,CUST019,Incentivize 24/365 Mindshare,Closed Lost,2025-08-13,3362.89,John,10
OPP1485,CUST020,Orchestrate Dynamic E-Business,Lead,2025-11-09,7339.22,Michael,50
OPP1486,CUST015,Evolve E-Business Content,Proposal,2025-12-28,2548.26,Kimberly,70
OPP1487,CUST008,Deliver Distributed Roi,Proposal,2025-09-04,8541.06,Donna,30
OPP1488,CUST014,Transform Impactful Partnerships,Closed Lost,2025-09-01,10517.88,Russell,50
OPP1489,CUST001,Engage Real-Time Niches,Lead,2025-11-16,13048.5,James,90
OPP1490,CUST010,Incentivize Clicks-And-Mortar Communities,Negotiation,2025-09-15,823.9,Sara,70
OPP1491,CUST007,Iterate Global Architectures,Closed Lost,2025-07-29,1447.95,Clinton,30
OPP1492,CUST019,Enable Dot-Com Initiatives,Closed Lost,2025-08-04,19459.98,Darrell,30
OPP1493,CUST020,Monetize Vertical Platforms,Closed Lost,2025-07-18,2008.68,Whitney,90
OPP1494,CUST018,Seize Revolutionary Deliverables,Qualified,2025-09-26,12037.22,Jessica,90
OPP1495,CUST018,Engineer Global Methodologies,Proposal,2025-08-11,19310.61,Amy,10
OPP1496,CUST011,Syndicate Value-Added Niches,Negotiation,2025-09-03,6011.59,Drew,10
OPP1497,CUST012,Harness 24/365 Paradigms,Qualified,2025-12-05,8739.2,David,90
OPP1498,CUST002,Deliver Integrated Schemas,Negotiation,2025-08-24,16220.97,Jason,70
OPP1499,CUST015,Leverage Web-Enabled Channels,Proposal,2025-08-19,11747.38,Renee,50
OPP1500,CUST002,E-Enable Vertical Content,Closed Lost,2025-09-03,17286.09,Rebecca,90
OPP1501,CUST006,Morph Mission-Critical Communities,Negotiation,2025-11-06,3113.36,Chelsea,90
OPP1502,CUST019,Extend Rich E-Business,Negotiation,2025-09-11,12888.78,Matthew,10
OPP1503,CUST001,Incentivize World-Class Networks,Closed Won,2025-07-27,18573.31,Darren,70
OPP1504,CUST006,Seize Back-End Functionalities,Closed Won,2025-11-01,6547.59,Kimberly,90
OPP1505,CUST018,Empower Value-Added E-Markets,Qualified,2025-12-15,1653.61,Joshua,30
OPP1506,CUST016,Architect 24/365 Web-Readiness,Lead,2025-10-20,16304.38,Linda,70
OPP1507,CUST003,Architect Holistic Platforms,Closed Won,2025-11-09,13304.1,Jennifer,90
OPP1508,CUST005,Maximize Frictionless Models,Closed Won,2025-12-09,14831.47,Rachel,70
OPP1509,CUST009,Optimize Front-End Experiences,Proposal,2025-12-02,7970.91,Janice,70
OPP1510,CUST007,Optimize Magnetic Initiatives,Proposal,2025-11-09,16259.42,Christopher,70
OPP1511,CUST005,Maximize Proactive Methodologies,Closed Won,2025-12-08,5954.13,Brian,70
OPP1512,CUST005,Enhance Proactive E-Tailers,Proposal,2025-10-10,3042.98,Jennifer,90
OPP1513,CUST007,Implement Integrated Functionalities,Qualified,2025-11-29,8842.26,Christina,50
OPP1514,CUST001,Incentivize Viral Schemas,Negotiation,2025-12-05,18864.78,Caitlin,70
OPP1515,CUST006,Monetize Global Interfaces,Negotiation,2025-09-27,10295.02,Steve,10
OPP1516,CUST010,Engineer Strategic Mindshare,Negotiation,2025-08-21,7476.18,Gregory,50
OPP1517,CUST020,Grow Dot-Com Deliverables,Lead,2025-07-22,11431.7,Peter,10
OPP1518,CUST010,Incentivize B2C Eyeballs,Proposal,2025-11-23,15013.0,William,90
OPP1519,CUST003,Whiteboard Virtual Paradigms,Qualified,2025-10-26,1698.55,Rachel,70
OPP1520,CUST001,Seize Interactive Supply-Chains,Closed Won,2025-09-27,1827.73,Travis,50
OPP1521,CUST012,Generate End-To-End Roi,Proposal,2025-10-26,14665.82,Teresa,30
OPP1522,CUST020,Morph Intuitive Systems,Closed Lost,2025-12-23,15910.98,Elizabeth,50
OPP1523,CUST008,Maximize Integrated Systems,Lead,2025-08-14,3906.75,Shelley,30
OPP1524,CUST002,Benchmark Rich Eyeballs,Negotiation,2025-10-02,14712.58,Lauren,30
OPP1525,CUST010,Iterate Sticky Functionalities,Closed Won,2025-12-12,12419.41,William,50
OPP1526,CUST007,Iterate Cutting-Edge Synergies,Proposal,2025-11-17,14056.06,Kiara,10
OPP1527,CUST015,Repurpose E-Business Vortals,Closed Won,2025-11-09,4859.77,Rebecca,10
OPP1528,CUST004,Innovate B2C Markets,Closed Won,2025-12-14,18304.95,Deborah,30
OPP1529,CUST001,Orchestrate Global Synergies,Qualified,2025-10-03,18729.6,Valerie,10
OPP1530,CUST008,Utilize Cross-Platform Applications,Closed Won,2025-11-05,18704.57,Karen,10
OPP1531,CUST014,Grow Intuitive Schemas,Qualified,2025-07-09,16204.25,David,50
OPP1532,CUST007,Deliver Dot-Com Technologies,Closed Lost,2025-10-06,13284.53,Alan,70
OPP1533,CUST015,Orchestrate Global E-Services,Negotiation,2025-07-26,5495.0,David,50
OPP1534,CUST017,Orchestrate Open-Source Platforms,Closed Lost,2025-07-04,11699.24,Drew,10
OPP1535,CUST003,Seize Distributed Methodologies,Qualified,2025-09-11,6155.98,Linda,30
OPP1536,CUST019,Brand Enterprise Networks,Closed Won,2025-11-29,15933.46,Lisa,70
OPP1537,CUST006,Unleash Compelling Deliverables,Negotiation,2025-07-22,17127.03,Tami,70
OPP1538,CUST014,Implement Robust E-Commerce,Qualified,2025-09-26,19268.71,Amanda,70
OPP1539,CUST017,Unleash Synergistic Partnerships,Closed Won,2025-11-03,12067.84,Dean,90
OPP1540,CUST011,Optimize Web-Enabled Deliverables,Qualified,2025-07-13,2690.93,Deborah,30
OPP1541,CUST007,Empower Real-Time Convergence,Negotiation,2025-10-13,9654.77,Sarah,30
OPP1542,CUST016,Revolutionize Turn-Key Technologies,Closed Lost,2025-11-10,7778.78,Elizabeth,50
OPP1543,CUST013,Enhance Magnetic Systems,Qualified,2025-08-08,14416.94,Lisa,50
OPP1544,CUST020,Synthesize Distributed Content,Closed Lost,2025-07-05,12992.06,Brandon,90
OPP1545,CUST017,Grow 24/7 Interfaces,Lead,2025-08-11,3480.66,Stephanie,30
OPP1546,CUST009,Disintermediate Holistic Methodologies,Qualified,2025-10-17,12292.26,Paula,50
OPP1547,CUST005,Reinvent Magnetic Bandwidth,Closed Lost,2025-07-20,4228.16,Laura,30
OPP1548,CUST012,Incubate Cross-Media E-Services,Lead,2025-07-21,556.31,Angela,70
OPP1549,CUST020,Synthesize Interactive Paradigms,Closed Lost,2025-12-14,3076.14,Charles,70
OPP1550,CUST005,Enhance Front-End Action-Items,Negotiation,2025-09-01,5308.1,Jennifer,30
OPP1551,CUST016,Expedite End-To-End Synergies,Closed Won,2025-12-19,3857.59,Justin,50
OPP1552,CUST012,Brand Visionary Systems,Lead,2025-08-18,7040.44,Sharon,10
OPP1553,CUST004,Harness Enterprise Networks,Proposal,2025-10-25,7771.38,Ruth,50
OPP1554,CUST019,Orchestrate User-Centric Functionalities,Proposal,2025-11-09,2809.07,Rachel,30
OPP1555,CUST014,Evolve Seamless Architectures,Negotiation,2025-07-31,11182.97,Jennifer,30
OPP1556,CUST001,Envisioneer Viral E-Business,Negotiation,2025-08-11,9184.74,Amanda,90
OPP1557,CUST019,Unleash Impactful Content,Closed Lost,2025-12-21,17106.37,Taylor,30
OPP1558,CUST004,Redefine Clicks-And-Mortar Networks,Closed Won,2025-10-29,8659.04,Marcus,30
OPP1559,CUST004,Reinvent B2C Platforms,Closed Lost,2025-09-07,16047.13,Anne,70
OPP1560,CUST013,Re-Intermediate Next-Generation Systems,Closed Lost,2025-10-31,1826.28,Sharon,90
OPP1561,CUST011,Implement Impactful Communities,Negotiation,2025-09-16,14816.46,Joshua,50
OPP1562,CUST015,Engage Viral Users,Closed Won,2025-10-29,12688.93,Christopher,90
OPP1563,CUST011,Transform Seamless Vortals,Closed Lost,2025-10-09,4065.26,Sara,10
OPP1564,CUST004,Synthesize Cross-Media Relationships,Closed Won,2025-07-20,14709.48,Ronald,50
OPP1565,CUST004,Harness Global E-Business,Closed Lost,2025-08-09,13499.43,Lauren,10
OPP1566,CUST014,Whiteboard World-Class E-Services,Closed Won,2025-10-18,4605.58,Marie,10
OPP1567,CUST004,Transform Plug-And-Play Systems,Lead,2025-08-07,3881.97,Julie,70
OPP1568,CUST003,Incubate End-To-End Supply-Chains,Proposal,2025-08-12,17136.89,Tiffany,50
OPP1569,CUST015,Scale User-Centric Roi,Negotiation,2025-12-20,8796.89,Wendy,10
OPP1570,CUST019,Deploy E-Business Platforms,Negotiation,2025-10-27,13201.17,Evelyn,30
OPP1571,CUST007,Repurpose End-To-End E-Commerce,Closed Won,2025-08-25,11469.77,Nathan,10
OPP1572,CUST002,Transform Seamless Communities,Proposal,2025-09-07,5077.54,Kimberly,30
OPP1573,CUST009,Target Clicks-And-Mortar Mindshare,Negotiation,2025-12-03,854.58,Jacqueline,50
OPP1574,CUST015,Maximize Cross-Media Convergence,Closed Won,2025-08-25,9122.05,Rachel,10
OPP1575,CUST010,Engineer End-To-End Methodologies,Qualified,2025-11-26,12963.54,Daniel,70
OPP1576,CUST012,Orchestrate Killer Systems,Closed Lost,2025-10-10,13140.92,Richard,30
OPP1577,CUST015,Incentivize Granular E-Markets,Lead,2025-09-23,4597.35,Jennifer,50
OPP1578,CUST019,Redefine Impactful Users,Qualified,2025-12-02,17529.66,Jamie,10
OPP1579,CUST001,Aggregate Leading-Edge Roi,Qualified,2025-11-09,10195.53,Edwin,90
OPP1580,CUST017,Mesh Collaborative Users,Closed Lost,2025-10-24,2176.54,Evan,50
OPP1581,CUST006,Architect Enterprise Initiatives,Lead,2025-12-25,15481.04,Laurie,50
OPP1582,CUST020,Embrace 24/365 Metrics,Negotiation,2025-11-29,13187.15,Tammy,30
OPP1583,CUST003,Visualize End-To-End Channels,Lead,2025-11-25,19493.17,Lauren,30
OPP1584,CUST001,Utilize Mission-Critical Interfaces,Closed Won,2025-12-20,7685.62,Jimmy,70
OPP1585,CUST011,Aggregate Strategic Metrics,Proposal,2025-07-30,1978.42,Cassandra,30
OPP1586,CUST010,Integrate Best-Of-Breed Niches,Closed Won,2025-11-15,19416.47,Michael,70
OPP1587,CUST001,Engage Integrated Paradigms,Negotiation,2025-11-13,6789.74,Aaron,50
OPP1588,CUST007,Benchmark Integrated Initiatives,Proposal,2025-09-09,9327.66,Latoya,90
OPP1589,CUST019,Strategize Customized Web-Readiness,Closed Lost,2025-08-25,14165.19,Justin,70
OPP1590,CUST003,Matrix Extensible Metrics,Qualified,2025-08-08,1361.22,Shelly,10
OPP1591,CUST001,Deliver Integrated Content,Negotiation,2025-12-13,17013.88,Jeffrey,90
OPP1592,CUST011,Enhance Cutting-Edge Technologies,Negotiation,2025-09-28,5084.26,Raven,50
OPP1593,CUST006,Engage End-To-End E-Markets,Lead,2025-08-08,8659.66,Tammy,30
OPP1594,CUST002,Innovate Customized Roi,Negotiation,2025-08-30,6989.79,Christopher,10
OPP1595,CUST004,Streamline Integrated Supply-Chains,Negotiation,2025-12-16,6786.46,Joel,90
OPP1596,CUST009,Monetize Revolutionary Networks,Proposal,2025-08-27,10007.1,Joel,10
OPP1597,CUST008,Enhance Dynamic Systems,Negotiation,2025-12-17,11023.69,Barbara,10
OPP1598,CUST018,Re-Intermediate Dynamic E-Services,Closed Lost,2025-09-10,2538.27,Ashlee,30
OPP1599,CUST014,E-Enable Plug-And-Play E-Markets,Closed Lost,2025-09-28,11682.18,Pamela,50
OPP1600,CUST018,Monetize Impactful Supply-Chains,Negotiation,2025-10-06,1074.55,Lauren,30
OPP1601,CUST020,Revolutionize Revolutionary Synergies,Closed Lost,2025-09-12,12661.15,Loretta,10
OPP1602,CUST017,Repurpose Killer Supply-Chains,Proposal,2025-07-12,13562.09,Amber,90
OPP1603,CUST005,Incentivize Proactive Architectures,Qualified,2025-07-31,16041.17,Steven,50
OPP1604,CUST018,Harness Magnetic Relationships,Lead,2025-10-23,5862.61,Jimmy,30
OPP1605,CUST012,Redefine Dot-Com Synergies,Lead,2025-12-01,10931.31,Jared,10
OPP1606,CUST007,Cultivate Clicks-And-Mortar Niches,Negotiation,2025-07-30,6039.24,Kenneth,30
OPP1607,CUST002,Matrix Revolutionary Relationships,Lead,2025-11-29,15071.8,Linda,90
OPP1608,CUST001,Empower Collaborative E-Commerce,Proposal,2025-11-20,12796.56,Kenneth,10
OPP1609,CUST007,Monetize Open-Source Convergence,Negotiation,2025-09-06,16565.02,Andrea,90
OPP1610,CUST002,Drive Magnetic Solutions,Proposal,2025-11-22,7727.96,Michael,90
OPP1611,CUST001,Enhance Open-Source Metrics,Negotiation,2025-12-28,12447.53,Elizabeth,50
OPP1612,CUST007,Evolve Clicks-And-Mortar Content,Proposal,2025-09-27,18454.53,Christopher,50
OPP1613,CUST008,Engage Customized Niches,Lead,2025-08-02,18653.69,Randall,90
OPP1614,CUST011,Repurpose Proactive Bandwidth,Proposal,2025-12-03,11887.45,Laura,30
OPP1615,CUST014,Matrix Global Eyeballs,Proposal,2025-07-17,6821.22,Jasmine,70
OPP1616,CUST002,Mesh Wireless Supply-Chains,Closed Won,2025-10-17,8492.72,Joseph,30
OPP1617,CUST017,Target Impactful Schemas,Closed Lost,2025-10-14,13295.7,Kimberly,50
OPP1618,CUST005,Synergize Virtual E-Markets,Closed Won,2025-09-16,17385.74,Traci,50
OPP1619,CUST019,Generate Efficient Paradigms,Lead,2025-09-28,11936.21,Robert,90
OPP1620,CUST017,Disintermediate B2B Supply-Chains,Proposal,2025-07-13,5304.34,Angel,50
OPP1621,CUST003,Aggregate Sticky Solutions,Closed Won,2025-08-25,13480.8,Julia,90
OPP1622,CUST002,Visualize World-Class Convergence,Closed Lost,2025-10-22,13061.21,Brittney,10
OPP1623,CUST018,Generate Best-Of-Breed Infrastructures,Closed Lost,2025-07-24,7211.97,Gary,70
OPP1624,CUST015,Strategize Wireless Architectures,Negotiation,2025-08-14,10796.2,Monica,90
OPP1625,CUST010,Seize Front-End Portals,Proposal,2025-12-19,542.33,Chase,90
OPP1626,CUST009,Matrix Vertical Interfaces,Lead,2025-09-13,11287.28,Alan,90
OPP1627,CUST020,Strategize Open-Source Synergies,Negotiation,2025-10-04,4058.65,Christian,90
OPP1628,CUST019,Leverage User-Centric E-Markets,Closed Lost,2025-09-07,16900.7,Mary,50
OPP1629,CUST004,Generate Visionary Schemas,Proposal,2025-07-23,16061.57,Christopher,90
OPP1630,CUST018,Target Cutting-Edge Channels,Closed Lost,2025-11-06,2796.8,Jason,10
OPP1631,CUST017,Benchmark Proactive Infrastructures,Closed Won,2025-11-07,7638.56,Benjamin,30
OPP1632,CUST004,Aggregate End-To-End Models,Closed Won,2025-08-08,17805.72,Gabriel,10
OPP1633,CUST002,Morph Ubiquitous Convergence,Lead,2025-07-23,10289.38,Victoria,30
OPP1634,CUST015,Incubate Leading-Edge E-Business,Lead,2025-09-09,5950.14,Julie,30
OPP1635,CUST009,Cultivate Front-End Platforms,Lead,2025-10-13,7251.43,Tracy,50
OPP1636,CUST014,Matrix User-Centric Initiatives,Proposal,2025-12-27,5587.56,Samuel,30
OPP1637,CUST004,Leverage B2B E-Services,Negotiation,2025-08-14,7619.3,Lisa,30
OPP1638,CUST015,Mesh Open-Source Supply-Chains,Proposal,2025-10-21,12627.44,John,10
OPP1639,CUST007,Disintermediate Efficient Experiences,Lead,2025-08-30,17131.59,Brett,50
OPP1640,CUST014,Deploy Frictionless Relationships,Lead,2025-07-27,3378.45,Megan,30
OPP1641,CUST018,Engage Back-End Web Services,Negotiation,2025-11-27,13454.64,Patricia,30
OPP1642,CUST016,Streamline Customized E-Business,Proposal,2025-08-16,2950.57,Daniel,30
OPP1643,CUST001,Incubate B2B Web-Readiness,Closed Lost,2025-07-24,12602.28,Steven,90
OPP1644,CUST013,Optimize End-To-End Platforms,Closed Lost,2025-08-07,6873.35,Brenda,30
OPP1645,CUST017,Disintermediate Frictionless Users,Proposal,2025-07-07,12832.16,Samantha,90
OPP1646,CUST008,Iterate Frictionless E-Services,Lead,2025-07-20,18502.95,David,70
OPP1647,CUST011,Benchmark Leading-Edge Methodologies,Negotiation,2025-12-06,13751.05,James,90
OPP1648,CUST001,Leverage B2C Models,Qualified,2025-10-20,14617.99,Robert,70
OPP1649,CUST012,Integrate Turn-Key E-Tailers,Closed Won,2025-07-05,6476.36,Tammy,90
OPP1650,CUST020,Engage Value-Added Technologies,Negotiation,2025-08-19,8979.87,Kathryn,70
OPP1651,CUST010,Brand Leading-Edge Portals,Proposal,2025-11-20,18310.96,Jeffrey,30
OPP1652,CUST012,E-Enable Viral Architectures,Closed Won,2025-09-17,8222.22,Rodney,50
OPP1653,CUST017,Disintermediate Proactive Info-Mediaries,Negotiation,2025-07-17,16305.24,Keith,90
OPP1654,CUST016,Integrate Ubiquitous Synergies,Negotiation,2025-08-11,15077.47,Melinda,50
OPP1655,CUST015,Disintermediate Cross-Platform Users,Lead,2025-11-05,6666.3,Joseph,10
OPP1656,CUST013,Reinvent Intuitive Action-Items,Qualified,2025-07-02,6237.31,Daniel,70
OPP1657,CUST012,Aggregate Real-Time Solutions,Proposal,2025-09-19,15499.72,Adam,30
OPP1658,CUST009,Aggregate Bricks-And-Clicks Markets,Qualified,2025-10-07,7847.16,Jason,30
OPP1659,CUST010,Strategize Collaborative Action-Items,Negotiation,2025-10-10,10872.22,Tanya,90
OPP1660,CUST015,Harness Plug-And-Play Convergence,Qualified,2025-08-28,17670.91,Christian,90
OPP1661,CUST015,Generate 24/365 Web Services,Closed Won,2025-09-24,16222.06,Victor,50
OPP1662,CUST020,Synergize Innovative Deliverables,Closed Won,2025-07-14,16470.28,Jessica,90
OPP1663,CUST006,Synergize Best-Of-Breed Methodologies,Negotiation,2025-10-18,14050.8,Kathy,70
OPP1664,CUST017,Utilize Best-Of-Breed Web-Readiness,Closed Lost,2025-08-18,8935.88,Angela,90
OPP1665,CUST007,Revolutionize User-Centric Initiatives,Closed Lost,2025-07-30,18161.97,Robert,50
OPP1666,CUST013,Benchmark Rich Mindshare,Closed Lost,2025-11-01,7661.78,Jessica,10
OPP1667,CUST013,Target Extensible Niches,Lead,2025-09-21,8799.28,Brenda,50
OPP1668,CUST007,Deliver Revolutionary Functionalities,Qualified,2025-07-23,10061.24,Jennifer,70
OPP1669,CUST015,Envisioneer Out-Of-The-Box E-Tailers,Negotiation,2025-11-22,7784.66,Daniel,70
OPP1670,CUST016,Synergize Best-Of-Breed E-Markets,Closed Won,2025-07-12,10634.27,Lindsey,90
OPP1671,CUST014,Incentivize Leading-Edge Solutions,Lead,2025-12-28,10808.78,Cathy,30
OPP1672,CUST005,Deliver Open-Source Communities,Lead,2025-12-25,1833.45,Tracey,50
OPP1673,CUST008,Optimize Scalable Models,Negotiation,2025-12-29,12199.33,James,50
OPP1674,CUST008,Leverage Integrated Partnerships,Negotiation,2025-11-04,4265.63,Emma,70
OPP1675,CUST006,Matrix Mission-Critical E-Tailers,Negotiation,2025-10-30,13058.01,Ann,10
OPP1676,CUST017,Synthesize Bleeding-Edge Technologies,Closed Won,2025-09-09,11355.14,Donna,30
OPP1677,CUST018,Engineer Mission-Critical E-Services,Proposal,2025-11-21,6174.35,Erin,90
OPP1678,CUST001,Optimize Web-Enabled Communities,Lead,2025-11-23,17445.54,Gwendolyn,70
OPP1679,CUST007,Disintermediate Granular Markets,Lead,2025-12-20,17144.77,Douglas,50
OPP1680,CUST016,Scale Front-End Systems,Proposal,2025-08-12,18981.99,Sharon,90
OPP1681,CUST020,Monetize Value-Added Synergies,Proposal,2025-10-26,2287.11,Toni,90
OPP1682,CUST018,Architect End-To-End Infrastructures,Closed Won,2025-07-27,13091.01,Michael,50
OPP1683,CUST011,Repurpose Virtual Solutions,Qualified,2025-08-22,9761.79,Danielle,30
OPP1684,CUST011,Brand Back-End Interfaces,Lead,2025-09-14,9865.47,Roy,50
OPP1685,CUST016,Expedite Distributed Platforms,Proposal,2025-07-14,9485.11,Jessica,90
OPP1686,CUST018,Reinvent Strategic Platforms,Negotiation,2025-08-30,1501.33,Joanna,90
OPP1687,CUST004,Extend Revolutionary Roi,Negotiation,2025-11-03,11080.44,Kaitlyn,90
OPP1688,CUST018,Facilitate Best-Of-Breed E-Commerce,Qualified,2025-08-09,8253.94,Matthew,50
OPP1689,CUST015,Whiteboard Mission-Critical Platforms,Closed Lost,2025-11-15,16124.24,Christine,50
OPP1690,CUST014,Cultivate Out-Of-The-Box Users,Closed Won,2025-08-05,2778.87,Scott,70
OPP1691,CUST011,Whiteboard Extensible Convergence,Closed Won,2025-09-17,7253.21,Brooke,10
OPP1692,CUST018,Synergize One-To-One Portals,Qualified,2025-11-05,16157.84,Timothy,50
OPP1693,CUST015,Engage Synergistic E-Markets,Closed Won,2025-09-08,6214.91,Regina,50
OPP1694,CUST020,Embrace Robust Communities,Qualified,2025-11-28,2190.44,Scott,90
OPP1695,CUST019,Transform Clicks-And-Mortar Convergence,Closed Lost,2025-12-24,8403.59,Daniel,90
OPP1696,CUST010,Deploy Frictionless Applications,Closed Won,2025-09-14,3189.59,Gwendolyn,10
OPP1697,CUST019,Implement Proactive Channels,Proposal,2025-08-09,5443.4,Andrew,70
OPP1698,CUST014,Evolve End-To-End Functionalities,Negotiation,2025-09-15,6430.19,Craig,10
OPP1699,CUST006,Maximize Intuitive Networks,Qualified,2025-09-25,8598.57,John,50
OPP1700,CUST017,Target Dot-Com Eyeballs,Lead,2025-09-03,6084.47,Rebecca,30
OPP1701,CUST006,Cultivate Out-Of-The-Box Channels,Negotiation,2025-10-18,7715.07,Maria,70
OPP1702,CUST005,Productize Front-End E-Markets,Closed Won,2025-10-08,7649.74,Christopher,50
OPP1703,CUST006,Transform Scalable Web-Readiness,Proposal,2025-09-08,19552.7,Lauren,70
OPP1704,CUST011,Harness Wireless Methodologies,Proposal,2025-07-23,18184.34,Patricia,30
OPP1705,CUST011,Innovate Efficient Info-Mediaries,Qualified,2025-12-20,3167.66,Heidi,90
OPP1706,CUST016,Morph Dynamic Web Services,Proposal,2025-10-10,13255.39,Jessica,10
OPP1707,CUST013,Engage Transparent Eyeballs,Proposal,2025-11-29,4371.6,Brian,10
OPP1708,CUST013,Enhance Cutting-Edge Vortals,Closed Lost,2025-10-14,2624.5,Rebecca,30
OPP1709,CUST019,Visualize Out-Of-The-Box Paradigms,Closed Lost,2025-11-29,1506.94,Stephanie,70
OPP1710,CUST004,Aggregate World-Class E-Services,Closed Lost,2025-09-01,3728.92,Shane,50
OPP1711,CUST015,Incentivize Out-Of-The-Box Applications,Closed Won,2025-07-12,18409.83,Lindsay,10
OPP1712,CUST012,Redefine Rich Mindshare,Closed Lost,2025-11-08,11557.72,Kenneth,70
OPP1713,CUST012,Expedite End-To-End Initiatives,Negotiation,2025-11-07,2641.47,Victoria,70
OPP1714,CUST020,Harness Synergistic Action-Items,Proposal,2025-09-30,13777.67,Edwin,50
OPP1715,CUST015,Orchestrate Cross-Media Paradigms,Closed Lost,2025-11-07,13097.96,William,90
OPP1716,CUST017,Envisioneer Efficient Models,Lead,2025-11-28,19106.73,Charles,70
OPP1717,CUST002,Synergize Strategic Networks,Closed Lost,2025-07-22,6020.79,Christopher,70
OPP1718,CUST004,Whiteboard Next-Generation Web Services,Lead,2025-12-18,9864.04,Roger,10
OPP1719,CUST007,Enhance 24/7 Infrastructures,Negotiation,2025-08-15,4566.23,Stephanie,90
OPP1720,CUST005,Synthesize B2C Solutions,Proposal,2025-10-09,12240.88,Jose,10
OPP1721,CUST009,Brand Scalable Supply-Chains,Qualified,2025-10-21,3811.62,Kyle,30
OPP1722,CUST003,Productize Revolutionary Channels,Lead,2025-11-16,11848.52,Angela,10
OPP1723,CUST007,Innovate B2B Technologies,Proposal,2025-11-26,8288.78,Marie,50
OPP1724,CUST017,Scale Vertical E-Tailers,Closed Won,2025-11-05,5724.43,Christine,50
OPP1725,CUST001,Seize B2C Bandwidth,Qualified,2025-09-08,19790.95,Heather,10
OPP1726,CUST015,Transition B2C Communities,Negotiation,2025-09-01,7966.4,Rachel,50
OPP1727,CUST006,Revolutionize Front-End Eyeballs,Qualified,2025-10-13,11396.3,Joshua,50
OPP1728,CUST011,Enhance Wireless Communities,Closed Won,2025-10-03,19963.15,Timothy,10
OPP1729,CUST016,Monetize Holistic Networks,Lead,2025-08-17,909.09,Julia,70
OPP1730,CUST002,Unleash Extensible Eyeballs,Closed Lost,2025-12-06,10561.48,Richard,10
OPP1731,CUST019,Matrix Dot-Com Vortals,Proposal,2025-10-10,4283.85,David,10
OPP1732,CUST002,Matrix Granular Deliverables,Negotiation,2025-11-18,3843.96,Andrew,70
OPP1733,CUST006,Synergize Integrated Metrics,Proposal,2025-12-02,4570.94,Tom,50
OPP1734,CUST012,Utilize Distributed Initiatives,Closed Won,2025-10-12,12775.46,Madeline,70
OPP1735,CUST005,Redefine Dot-Com Convergence,Proposal,2025-07-30,8430.52,Samuel,90
OPP1736,CUST003,Enhance Seamless Communities,Negotiation,2025-10-28,13742.52,Veronica,10
OPP1737,CUST014,Transition Vertical Interfaces,Proposal,2025-07-19,11374.33,Austin,30
OPP1738,CUST003,Enhance End-To-End Functionalities,Closed Lost,2025-12-25,13310.58,Andrew,90
OPP1739,CUST020,Grow Impactful Vortals,Closed Lost,2025-08-27,6011.9,Justin,70
OPP1740,CUST018,Streamline B2C Networks,Proposal,2025-07-22,18653.45,Lee,50
OPP1741,CUST020,Morph Synergistic Functionalities,Closed Won,2025-10-21,1782.75,Stefanie,30
OPP1742,CUST011,Monetize 24/365 Methodologies,Qualified,2025-08-13,8262.4,Bobby,70
OPP1743,CUST010,Target Enterprise Technologies,Lead,2025-12-10,17633.65,Caitlin,10
OPP1744,CUST007,Leverage B2B Niches,Negotiation,2025-07-09,2147.83,Carrie,90
OPP1745,CUST007,Engage Efficient Applications,Lead,2025-07-13,18856.13,Dana,70
OPP1746,CUST017,Deliver Magnetic E-Commerce,Qualified,2025-12-23,19486.03,Elizabeth,70
OPP1747,CUST001,Incentivize Ubiquitous Vortals,Closed Lost,2025-09-15,3299.66,Jeffrey,70
OPP1748,CUST004,Syndicate User-Centric E-Services,Proposal,2025-09-17,17219.55,Tabitha,70
OPP1749,CUST011,Syndicate Clicks-And-Mortar E-Tailers,Closed Lost,2025-12-28,17332.15,Michael,50
OPP1750,CUST012,Innovate End-To-End Supply-Chains,Qualified,2025-12-12,18658.79,Darius,30
OPP1751,CUST020,Strategize End-To-End Partnerships,Negotiation,2025-09-15,7661.36,Maria,90
OPP1752,CUST004,Enable Open-Source Infrastructures,Negotiation,2025-10-24,19371.77,Alexander,90
OPP1753,CUST011,Generate Enterprise Metrics,Closed Won,2025-11-24,12873.76,Tina,50
OPP1754,CUST009,Redefine Granular Architectures,Lead,2025-10-28,4454.2,Tina,90
OPP1755,CUST002,Embrace Global Partnerships,Lead,2025-12-22,9650.79,Matthew,50
OPP1756,CUST003,Scale Innovative Initiatives,Closed Lost,2025-09-22,14955.11,Tony,50
OPP1757,CUST015,Orchestrate Rich Relationships,Qualified,2025-08-26,5079.96,Debra,70
OPP1758,CUST002,Streamline Holistic Relationships,Lead,2025-09-06,14708.54,Daniel,50
OPP1759,CUST004,Seize World-Class Relationships,Closed Won,2025-08-29,1525.8,Michael,30
OPP1760,CUST018,E-Enable Magnetic Niches,Qualified,2025-08-14,1281.28,Brittany,70
OPP1761,CUST003,Facilitate Ubiquitous Deliverables,Negotiation,2025-09-08,8293.16,Brittany,90
OPP1762,CUST015,Generate Distributed Applications,Closed Won,2025-08-26,7543.84,Veronica,70
OPP1763,CUST004,Repurpose Extensible Applications,Negotiation,2025-12-01,18094.23,Jose,10
OPP1764,CUST008,Enhance Clicks-And-Mortar Architectures,Qualified,2025-07-22,10510.39,Vanessa,70
OPP1765,CUST018,Envisioneer Impactful Systems,Lead,2025-07-26,9872.35,Rebecca,30
OPP1766,CUST002,Embrace Bleeding-Edge Solutions,Proposal,2025-10-03,9018.62,Ashley,50
OPP1767,CUST006,Streamline 24/7 Infrastructures,Negotiation,2025-08-22,14538.88,Gary,30
OPP1768,CUST004,Mesh Out-Of-The-Box Metrics,Qualified,2025-09-10,6596.53,Jessica,50
OPP1769,CUST006,Whiteboard Rich Relationships,Negotiation,2025-11-15,11731.36,Larry,30
OPP1770,CUST012,Deploy Visionary Deliverables,Lead,2025-10-16,18805.82,Christian,70
OPP1771,CUST019,Productize Value-Added Metrics,Closed Won,2025-11-09,19087.85,Jo,30
OPP1772,CUST014,Reinvent Compelling E-Services,Closed Lost,2025-10-08,13647.94,Michael,30
OPP1773,CUST017,Monetize Bricks-And-Clicks Eyeballs,Lead,2025-07-27,12414.76,Tracy,50
OPP1774,CUST011,Aggregate Integrated Models,Closed Won,2025-09-21,1128.99,Kristi,70
OPP1775,CUST004,Engage 24/365 Paradigms,Proposal,2025-12-29,2957.5,Chelsea,50
OPP1776,CUST016,Unleash Collaborative Initiatives,Proposal,2025-08-22,3311.36,Max,90
OPP1777,CUST007,Generate B2B Channels,Qualified,2025-08-28,10558.88,Ebony,70
OPP1778,CUST016,Matrix Revolutionary Portals,Negotiation,2025-12-26,7667.49,Gloria,30
OPP1779,CUST016,Deliver Next-Generation E-Commerce,Closed Won,2025-09-01,9278.26,Benjamin,70
OPP1780,CUST003,Optimize Visionary Synergies,Closed Lost,2025-07-31,1082.59,Kristin,90
OPP1781,CUST001,Syndicate Mission-Critical Metrics,Qualified,2025-10-07,19744.99,Thomas,70
OPP1782,CUST017,Whiteboard B2C Mindshare,Lead,2025-08-24,2367.05,Elizabeth,70
OPP1783,CUST010,Transform Collaborative E-Commerce,Closed Lost,2025-08-18,19748.83,Connor,70
OPP1784,CUST008,Mesh B2B Technologies,Proposal,2025-12-22,17641.45,Yolanda,90
OPP1785,CUST016,Envisioneer Killer Schemas,Closed Won,2025-09-11,9798.85,Miranda,70
OPP1786,CUST004,Drive Cross-Platform Paradigms,Qualified,2025-07-29,10130.7,Alexis,70
OPP1787,CUST004,Target Wireless Synergies,Closed Won,2025-08-05,19119.22,David,30
OPP1788,CUST016,Orchestrate Cross-Media Methodologies,Proposal,2025-12-01,8559.39,Jade,90
OPP1789,CUST018,Grow Next-Generation Web Services,Closed Won,2025-12-18,13353.9,Steve,10
OPP1790,CUST007,Enable Scalable Niches,Proposal,2025-12-10,19737.23,Elizabeth,70
OPP1791,CUST017,Evolve Strategic E-Services,Negotiation,2025-11-13,9844.64,Benjamin,50
OPP1792,CUST005,Iterate Collaborative Action-Items,Lead,2025-07-25,12633.23,Robert,50
OPP1793,CUST009,Iterate Clicks-And-Mortar Action-Items,Qualified,2025-07-31,10315.57,Jill,30
OPP1794,CUST002,Deliver Compelling Users,Proposal,2025-07-06,12012.92,Timothy,50
OPP1795,CUST017,Optimize Transparent Convergence,Lead,2025-11-10,6181.86,Kevin,70
OPP1796,CUST012,Facilitate Out-Of-The-Box Vortals,Closed Won,2025-08-24,5967.26,Carmen,10
OPP1797,CUST005,Monetize Wireless Models,Closed Lost,2025-10-02,2599.96,Alexis,90
OPP1798,CUST003,Envisioneer Visionary Infrastructures,Lead,2025-11-05,16807.69,Valerie,50
OPP1799,CUST013,Whiteboard Holistic E-Tailers,Negotiation,2025-10-05,16101.19,Kevin,70
OPP1800,CUST017,Re-Contextualize Innovative Deliverables,Lead,2025-07-28,6286.3,Jerry,30
OPP1801,CUST018,Grow B2B Web-Readiness,Closed Won,2025-10-08,3116.9,Steven,50
OPP1802,CUST011,Incubate User-Centric Technologies,Closed Won,2025-10-15,4775.74,Stephen,30
OPP1803,CUST005,Transition Distributed Synergies,Lead,2025-09-18,9054.36,David,90
OPP1804,CUST004,Redefine Plug-And-Play Deliverables,Qualified,2025-11-29,16343.51,Jim,30
OPP1805,CUST013,Transform Synergistic Communities,Qualified,2025-10-13,19475.43,Cynthia,10
OPP1806,CUST001,Envisioneer Viral Platforms,Negotiation,2025-08-10,4708.17,William,30
OPP1807,CUST018,Seize Ubiquitous Communities,Negotiation,2025-08-18,11174.26,Robert,10
OPP1808,CUST008,Enable Holistic Experiences,Proposal,2025-09-26,7253.59,Shane,50
OPP1809,CUST015,Aggregate Back-End E-Commerce,Lead,2025-07-05,11785.53,Brian,50
OPP1810,CUST006,Streamline Synergistic Technologies,Qualified,2025-07-05,17707.81,Brittany,10
OPP1811,CUST018,Benchmark Wireless E-Tailers,Lead,2025-09-21,16972.31,Deanna,70
OPP1812,CUST010,Disintermediate Plug-And-Play Channels,Closed Lost,2025-11-05,11511.6,Larry,50
OPP1813,CUST016,E-Enable B2B Portals,Lead,2025-12-18,2939.56,James,30
OPP1814,CUST003,Morph Out-Of-The-Box Communities,Proposal,2025-10-06,16305.59,Cynthia,10
OPP1815,CUST020,Implement Dot-Com Relationships,Lead,2025-08-29,1525.01,Chad,30
OPP1816,CUST003,Iterate Virtual E-Markets,Proposal,2025-10-10,13630.83,Courtney,50
OPP1817,CUST006,Generate Bleeding-Edge Systems,Negotiation,2025-11-30,18961.4,Shawn,50
OPP1818,CUST007,Architect Intuitive Web Services,Negotiation,2025-09-03,3624.6,Kimberly,30
OPP1819,CUST011,Maximize Integrated Systems,Closed Won,2025-09-15,7141.29,Steven,70
OPP1820,CUST011,Architect Compelling Info-Mediaries,Closed Won,2025-08-10,12555.29,Jennifer,70
OPP1821,CUST015,Leverage Intuitive Channels,Proposal,2025-12-28,15605.9,Perry,90
OPP1822,CUST014,Empower User-Centric Deliverables,Negotiation,2025-11-22,11606.74,Garrett,50
OPP1823,CUST011,Facilitate World-Class Portals,Lead,2025-07-14,15528.79,Mark,10
OPP1824,CUST018,Engineer Synergistic Systems,Proposal,2025-09-08,2283.56,Casey,50
OPP1825,CUST005,Deliver Value-Added Initiatives,Negotiation,2025-07-10,8546.31,Andrew,50
OPP1826,CUST002,Leverage Cross-Media Roi,Negotiation,2025-11-01,13906.96,Connie,50
OPP1827,CUST013,Re-Intermediate Distributed Portals,Qualified,2025-08-21,12054.39,Jeffrey,50
OPP1828,CUST006,Morph Viral Infrastructures,Proposal,2025-10-21,8608.87,Brenda,90
OPP1829,CUST018,Grow Intuitive Systems,Proposal,2025-12-01,5734.59,Michael,10
OPP1830,CUST006,Engineer Front-End Web-Readiness,Lead,2025-12-09,1687.24,Laura,90
OPP1831,CUST004,Brand Robust Roi,Closed Lost,2025-12-17,2876.82,Mary,30
OPP1832,CUST004,Revolutionize Value-Added Convergence,Qualified,2025-11-29,11135.03,Robert,10
OPP1833,CUST014,Repurpose Frictionless Applications,Negotiation,2025-08-04,7888.73,Tiffany,70
OPP1834,CUST013,Whiteboard Cutting-Edge Partnerships,Lead,2025-07-23,4039.67,Connie,90
OPP1835,CUST004,Extend Turn-Key Bandwidth,Closed Lost,2025-11-08,9397.78,Jennifer,90
OPP1836,CUST004,Integrate Back-End Web-Readiness,Closed Lost,2025-08-02,7419.74,Rebecca,50
OPP1837,CUST010,Drive Open-Source Mindshare,Proposal,2025-11-25,4099.81,Alexis,10
OPP1838,CUST017,Synthesize Proactive E-Services,Closed Lost,2025-07-13,2438.09,Cameron,10
OPP1839,CUST020,Target Leading-Edge Methodologies,Proposal,2025-12-10,8157.82,Michael,10
OPP1840,CUST009,Whiteboard Clicks-And-Mortar Applications,Closed Won,2025-10-25,2257.38,David,30
OPP1841,CUST005,Leverage Compelling E-Services,Lead,2025-12-23,19236.14,Megan,90
OPP1842,CUST017,Integrate Value-Added Interfaces,Qualified,2025-09-09,6139.47,Anita,70
OPP1843,CUST008,Extend Enterprise Paradigms,Negotiation,2025-12-05,7257.19,Cody,70
OPP1844,CUST014,Expedite 24/7 Niches,Proposal,2025-10-12,10771.72,Anthony,50
OPP1845,CUST016,Empower Intuitive Infrastructures,Closed Lost,2025-08-18,3212.91,Brandon,30
OPP1846,CUST015,Brand Magnetic Metrics,Proposal,2025-09-29,12666.52,Alicia,70
OPP1847,CUST018,Facilitate Clicks-And-Mortar Schemas,Closed Won,2025-08-22,5254.0,Victoria,10
OPP1848,CUST006,Empower Interactive Schemas,Qualified,2025-07-29,18944.6,Kevin,30
OPP1849,CUST008,Syndicate Extensible Markets,Proposal,2025-08-09,3343.77,Jordan,70
OPP1850,CUST020,Drive Frictionless Mindshare,Lead,2025-11-27,14938.61,Diane,30
OPP1851,CUST008,Evolve Innovative Communities,Lead,2025-11-04,13230.64,Dana,30
OPP1852,CUST003,Empower Web-Enabled Partnerships,Qualified,2025-10-11,1562.91,Christina,10
OPP1853,CUST007,Incubate Strategic E-Tailers,Lead,2025-06-30,1546.14,Kelly,50
OPP1854,CUST009,Enhance Magnetic Mindshare,Lead,2025-08-31,19298.75,Tiffany,70
OPP1855,CUST013,Drive Intuitive Networks,Qualified,2025-07-28,18727.19,Mckenzie,90
OPP1856,CUST006,Synthesize Distributed E-Business,Qualified,2025-09-16,17543.23,Michael,50
OPP1857,CUST012,Orchestrate Back-End Synergies,Proposal,2025-11-29,9656.34,Ashley,90
OPP1858,CUST001,Reinvent Frictionless Methodologies,Qualified,2025-09-30,6437.68,Gloria,10
OPP1859,CUST017,Benchmark Holistic Channels,Proposal,2025-10-03,3877.99,Courtney,70
OPP1860,CUST011,Facilitate Customized E-Commerce,Closed Won,2025-11-03,5167.59,Zachary,50
OPP1861,CUST008,Leverage Virtual Users,Negotiation,2025-08-07,15672.59,Corey,70
OPP1862,CUST003,Synthesize Rich E-Commerce,Negotiation,2025-10-24,8236.03,John,50
OPP1863,CUST013,Enhance Rich E-Tailers,Negotiation,2025-10-10,13624.19,Kimberly,50
OPP1864,CUST014,Enhance Virtual Relationships,Proposal,2025-08-17,8167.19,Chad,90
OPP1865,CUST013,Transition Synergistic Communities,Closed Won,2025-07-25,14310.29,Amanda,30
OPP1866,CUST015,Engage Scalable Technologies,Lead,2025-09-24,16699.21,Michael,10
OPP1867,CUST004,Harness Customized Channels,Qualified,2025-08-31,19546.6,Brenda,90
OPP1868,CUST005,E-Enable Plug-And-Play Mindshare,Closed Won,2025-12-13,6673.54,Kristin,90
OPP1869,CUST005,Deliver Ubiquitous Content,Proposal,2025-09-12,18797.54,Justin,10
OPP1870,CUST002,Reinvent Synergistic Web Services,Negotiation,2025-11-19,1732.15,Ryan,90
OPP1871,CUST017,Repurpose Back-End E-Markets,Closed Lost,2025-12-22,3887.98,April,50
OPP1872,CUST003,Deploy Interactive Users,Negotiation,2025-11-22,5731.13,Joseph,30
OPP1873,CUST002,Incentivize Collaborative Deliverables,Proposal,2025-12-01,10572.41,Gregory,30
OPP1874,CUST018,Integrate Killer Info-Mediaries,Closed Lost,2025-10-24,9325.12,Cynthia,30
OPP1875,CUST014,Drive Cross-Platform Info-Mediaries,Closed Lost,2025-10-12,10023.42,Paul,30
OPP1876,CUST007,Empower Cutting-Edge Action-Items,Qualified,2025-08-15,17583.25,Cheyenne,90
OPP1877,CUST006,Incubate Wireless Partnerships,Qualified,2025-08-17,8775.03,Robert,90
OPP1878,CUST018,Incubate World-Class Solutions,Negotiation,2025-07-15,17147.42,Nathan,50
OPP1879,CUST006,Evolve Enterprise E-Tailers,Qualified,2025-10-29,12879.57,Justin,50
OPP1880,CUST019,Scale Turn-Key Relationships,Closed Lost,2025-09-19,15735.1,Nancy,70
OPP1881,CUST012,Engineer Innovative Initiatives,Proposal,2025-10-09,18923.65,Scott,70
OPP1882,CUST015,Productize Scalable Content,Qualified,2025-07-04,10347.72,Danielle,30
OPP1883,CUST019,Engineer Best-Of-Breed Info-Mediaries,Qualified,2025-07-16,7332.28,Randy,30
OPP1884,CUST020,E-Enable Frictionless Convergence,Proposal,2025-07-23,7477.75,Lawrence,10
OPP1885,CUST019,Optimize Transparent Metrics,Proposal,2025-09-02,13549.41,Brittany,70
OPP1886,CUST010,Harness Sticky Solutions,Negotiation,2025-12-27,10594.37,Nancy,70
OPP1887,CUST013,Reinvent Out-Of-The-Box Interfaces,Closed Won,2025-09-15,6529.32,Douglas,30
OPP1888,CUST017,Seize Global Systems,Closed Won,2025-07-15,5098.41,Jennifer,70
OPP1889,CUST016,Cultivate Leading-Edge Markets,Closed Lost,2025-10-20,19982.81,Mary,50
OPP1890,CUST012,Monetize Compelling Infrastructures,Closed Lost,2025-11-05,11060.14,Travis,90
OPP1891,CUST001,Whiteboard One-To-One Initiatives,Closed Won,2025-10-16,7571.53,James,10
OPP1892,CUST005,Engineer Holistic Communities,Qualified,2025-07-18,9993.81,Isabel,30
OPP1893,CUST004,Deploy Interactive Bandwidth,Negotiation,2025-10-17,5318.75,Theodore,10
OPP1894,CUST014,Leverage World-Class Eyeballs,Closed Lost,2025-07-23,16812.91,Charles,70
OPP1895,CUST003,Utilize Best-Of-Breed E-Tailers,Proposal,2025-09-05,13298.88,Matthew,70
OPP1896,CUST013,Harness Dot-Com Networks,Closed Won,2025-10-03,14046.05,Jennifer,70
OPP1897,CUST014,Visualize Mission-Critical Technologies,Lead,2025-12-08,6111.46,Kathryn,70
OPP1898,CUST009,Orchestrate B2B Bandwidth,Proposal,2025-11-18,16155.91,Corey,10
OPP1899,CUST003,Drive Bleeding-Edge Platforms,Closed Won,2025-07-11,19517.78,Lucas,90
OPP1900,CUST009,Matrix Bleeding-Edge Architectures,Negotiation,2025-08-03,11617.85,Debra,70
OPP1901,CUST004,Drive Virtual Mindshare,Qualified,2025-12-25,18877.37,Phillip,90
OPP1902,CUST008,Cultivate Compelling Experiences,Closed Won,2025-10-11,1672.94,Anthony,10
OPP1903,CUST012,Deliver Extensible Niches,Qualified,2025-06-30,2261.64,Jeffery,50
OPP1904,CUST012,Empower Wireless E-Business,Closed Lost,2025-12-20,18112.04,Alicia,30
OPP1905,CUST013,Cultivate One-To-One Metrics,Negotiation,2025-07-29,7218.14,Christopher,30
OPP1906,CUST006,Repurpose Collaborative Infrastructures,Closed Won,2025-08-20,16042.45,Linda,30
OPP1907,CUST003,Extend Wireless Deliverables,Lead,2025-08-14,4866.28,Cory,70
OPP1908,CUST007,Envisioneer Compelling Content,Qualified,2025-10-14,4680.3,Diana,30
OPP1909,CUST019,Seize Next-Generation Architectures,Negotiation,2025-07-19,9233.46,Nicholas,90
OPP1910,CUST008,Deliver Web-Enabled E-Tailers,Closed Won,2025-11-13,14702.65,Ashley,70
OPP1911,CUST009,Harness Compelling Content,Closed Lost,2025-11-27,6104.11,Ronald,50
OPP1912,CUST003,Re-Contextualize Extensible Platforms,Closed Won,2025-12-21,11394.77,Rachel,90
OPP1913,CUST013,Utilize Back-End Schemas,Closed Lost,2025-10-06,1581.58,Michael,30
OPP1914,CUST005,Orchestrate Transparent Communities,Qualified,2025-12-10,2364.41,Daniel,90
OPP1915,CUST018,Incubate B2B Convergence,Closed Won,2025-08-23,14874.38,Darren,90
OPP1916,CUST007,Integrate Wireless E-Business,Closed Won,2025-09-04,14339.57,Gary,70
OPP1917,CUST002,Re-Intermediate Cutting-Edge Supply-Chains,Qualified,2025-08-04,13204.03,Andrew,30
OPP1918,CUST001,Matrix Mission-Critical Convergence,Qualified,2025-11-25,7136.34,Ryan,10
OPP1919,CUST006,Extend Frictionless Metrics,Negotiation,2025-10-23,2580.53,Ernest,50
OPP1920,CUST006,Unleash Proactive Synergies,Closed Lost,2025-07-31,16487.21,Teresa,90
OPP1921,CUST012,Iterate Global Models,Qualified,2025-09-25,13393.19,David,30
OPP1922,CUST011,Morph Holistic E-Tailers,Lead,2025-08-03,8950.17,Randy,30
OPP1923,CUST001,Leverage Viral Interfaces,Closed Won,2025-07-14,6842.53,Tiffany,30
OPP1924,CUST019,Innovate Global Partnerships,Closed Lost,2025-10-16,5858.97,Robert,70
OPP1925,CUST010,Whiteboard Holistic Platforms,Proposal,2025-09-03,10606.32,Robert,10
OPP1926,CUST012,Implement Seamless Roi,Closed Lost,2025-09-23,13683.69,Shannon,30
OPP1927,CUST009,Disintermediate Customized Partnerships,Proposal,2025-12-13,19827.15,Carly,30
OPP1928,CUST007,Repurpose Cutting-Edge Interfaces,Negotiation,2025-07-02,12373.91,Corey,10
OPP1929,CUST001,Mesh Synergistic Platforms,Negotiation,2025-11-30,2790.45,Savannah,50
OPP1930,CUST014,Visualize Cross-Platform Roi,Negotiation,2025-11-09,5771.98,Anthony,70
OPP1931,CUST019,Whiteboard Wireless Infrastructures,Lead,2025-12-14,3189.85,Michelle,70
OPP1932,CUST012,Extend Best-Of-Breed Users,Proposal,2025-08-05,4502.56,Patricia,30
OPP1933,CUST001,Scale Proactive Applications,Negotiation,2025-07-18,16248.43,Justin,50
OPP1934,CUST008,Revolutionize Bricks-And-Clicks E-Services,Closed Lost,2025-08-24,7962.22,William,10
OPP1935,CUST008,Whiteboard Cutting-Edge E-Tailers,Closed Lost,2025-08-27,15278.81,Linda,10
OPP1936,CUST017,Maximize Integrated Deliverables,Closed Won,2025-09-17,14276.82,Amanda,10
OPP1937,CUST014,Enable E-Business Supply-Chains,Negotiation,2025-08-16,9597.14,David,90
OPP1938,CUST020,Synthesize One-To-One Applications,Closed Lost,2025-11-05,1423.93,Ronald,70
OPP1939,CUST011,Morph Back-End Web Services,Closed Lost,2025-12-26,5069.13,Cesar,10
OPP1940,CUST004,Generate Integrated Methodologies,Closed Lost,2025-08-14,17420.53,Michelle,50
OPP1941,CUST015,Evolve Dynamic Synergies,Closed Lost,2025-10-14,14006.51,Kristi,10
OPP1942,CUST011,Re-Contextualize Efficient E-Services,Lead,2025-09-05,19901.95,Caitlyn,30
OPP1943,CUST003,Benchmark Plug-And-Play Markets,Closed Won,2025-11-04,14294.02,Rita,30
OPP1944,CUST005,Seize Global Technologies,Lead,2025-06-30,15298.78,Bruce,10
OPP1945,CUST019,Architect Magnetic Web Services,Closed Lost,2025-08-11,5997.01,Ryan,90
OPP1946,CUST020,Cultivate 24/365 E-Commerce,Qualified,2025-10-29,5347.34,Julie,70
OPP1947,CUST010,Re-Intermediate Intuitive Action-Items,Lead,2025-09-24,19103.07,Casey,70
OPP1948,CUST012,Architect Open-Source Systems,Proposal,2025-07-25,4206.31,Karen,30
OPP1949,CUST017,Synthesize End-To-End Systems,Lead,2025-10-28,12301.28,Susan,50
OPP1950,CUST018,Benchmark Plug-And-Play Web Services,Qualified,2025-10-08,12426.84,Stephanie,50
OPP1951,CUST003,Visualize Proactive Deliverables,Negotiation,2025-08-27,18635.0,Sarah,30
OPP1952,CUST018,Monetize Web-Enabled Paradigms,Negotiation,2025-10-04,19944.12,Paul,10
OPP1953,CUST007,Transition Web-Enabled Networks,Negotiation,2025-10-16,10090.4,Jonathan,50
OPP1954,CUST014,Empower 24/7 Convergence,Lead,2025-09-11,10657.95,Ashley,10
OPP1955,CUST018,Incubate One-To-One E-Commerce,Proposal,2025-11-03,2610.12,Andrew,10
OPP1956,CUST013,Envisioneer Dot-Com Convergence,Qualified,2025-11-17,16836.6,Janice,10
OPP1957,CUST019,Syndicate Frictionless Web Services,Negotiation,2025-09-16,19272.58,Timothy,70
OPP1958,CUST014,Facilitate Clicks-And-Mortar Platforms,Closed Lost,2025-10-25,12740.93,Bryan,90
OPP1959,CUST019,Generate Real-Time Content,Proposal,2025-12-10,9741.6,Natalie,30
OPP1960,CUST018,Incentivize Dot-Com Vortals,Qualified,2025-09-16,18874.32,Robin,30
OPP1961,CUST005,Revolutionize Cutting-Edge Solutions,Closed Lost,2025-12-16,18088.34,Tiffany,50
OPP1962,CUST002,Morph Efficient Methodologies,Qualified,2025-11-12,11369.51,Steven,10
OPP1963,CUST011,Matrix B2B Paradigms,Lead,2025-09-10,12058.06,Ryan,70
OPP1964,CUST010,Drive E-Business Portals,Proposal,2025-09-06,8803.24,Allen,10
OPP1965,CUST006,Transform Distributed Methodologies,Qualified,2025-08-11,12838.75,Anna,50
OPP1966,CUST002,Optimize Customized Deliverables,Negotiation,2025-10-08,10475.98,Leah,10
OPP1967,CUST011,Deploy Granular Deliverables,Qualified,2025-11-16,2285.55,Theresa,70
OPP1968,CUST019,Empower Integrated Paradigms,Proposal,2025-08-04,6518.83,Frank,10
OPP1969,CUST020,Iterate Holistic Portals,Closed Won,2025-12-26,10883.83,Jacob,30
OPP1970,CUST005,Drive Ubiquitous Systems,Qualified,2025-12-12,8979.19,Jessica,70
OPP1971,CUST011,Generate Value-Added Niches,Qualified,2025-08-06,3613.25,Wendy,50
OPP1972,CUST013,Reinvent Scalable E-Markets,Closed Lost,2025-09-17,19064.92,Lucas,30
OPP1973,CUST016,Orchestrate Granular Communities,Qualified,2025-09-16,12179.14,Crystal,90
OPP1974,CUST011,E-Enable Sticky Content,Lead,2025-10-28,5489.6,Destiny,50
OPP1975,CUST020,Disintermediate Interactive Infrastructures,Lead,2025-11-27,19534.26,John,90
OPP1976,CUST008,Monetize Value-Added Architectures,Lead,2025-08-17,7634.61,Richard,30
OPP1977,CUST013,Productize Innovative Communities,Qualified,2025-12-27,15968.61,Henry,70
OPP1978,CUST014,Cultivate Virtual Platforms,Closed Won,2025-09-04,9693.41,James,10
OPP1979,CUST019,Monetize 24/7 Experiences,Proposal,2025-09-28,8943.12,Christine,90
OPP1980,CUST011,Expedite Next-Generation Info-Mediaries,Lead,2025-07-18,3709.83,Andrea,10
OPP1981,CUST016,Revolutionize Bleeding-Edge E-Commerce,Qualified,2025-10-28,8077.87,Jacqueline,30
OPP1982,CUST003,Transition User-Centric Architectures,Negotiation,2025-07-25,7416.84,Sherri,70
OPP1983,CUST006,Extend Back-End Networks,Qualified,2025-07-15,631.49,Thomas,30
OPP1984,CUST002,Expedite Transparent Technologies,Proposal,2025-08-26,8402.58,Pamela,30
OPP1985,CUST006,Monetize 24/365 Users,Lead,2025-09-15,13218.83,Linda,50
OPP1986,CUST001,Implement Seamless Web Services,Qualified,2025-10-30,12289.13,Kyle,50
OPP1987,CUST014,Enable Transparent Content,Closed Lost,2025-10-17,15153.2,William,70
OPP1988,CUST009,Empower Strategic Web Services,Negotiation,2025-09-08,1854.67,Andrew,70
OPP1989,CUST018,Monetize Bleeding-Edge Technologies,Proposal,2025-11-27,2106.36,Donna,10
OPP1990,CUST019,Innovate Open-Source Metrics,Lead,2025-07-07,4903.35,Devon,90
OPP1991,CUST003,Redefine Robust Functionalities,Closed Won,2025-11-03,15326.4,Mary,30
OPP1992,CUST011,Productize Frictionless Partnerships,Closed Lost,2025-08-23,18780.98,Rebecca,10
OPP1993,CUST019,Expedite Magnetic Systems,Negotiation,2025-07-10,18775.38,Philip,30
OPP1994,CUST011,Mesh Best-Of-Breed E-Business,Negotiation,2025-10-18,9388.1,Samantha,30
OPP1995,CUST011,Unleash Robust Interfaces,Proposal,2025-12-18,7287.09,Cory,30
OPP1996,CUST010,Enhance Transparent Interfaces,Negotiation,2025-12-29,6162.23,Patrick,70
OPP1997,CUST006,Innovate Bricks-And-Clicks Channels,Qualified,2025-09-24,17560.95,Crystal,10
OPP1998,CUST007,Re-Contextualize B2C Web-Readiness,Negotiation,2025-09-16,2961.03,Richard,90
OPP1999,CUST013,Re-Intermediate Leading-Edge Mindshare,Closed Won,2025-12-12,3707.54,Thomas,10
OPP2000,CUST015,Reinvent Sticky Networks,Proposal,2025-09-06,6165.48,Christopher,50
